# Blender 5.0.1
# www.blender.org
mtllib Bridge.mtl
o Object
v -3.361809 -0.345768 -22.374125
v -3.361809 0.345761 -22.374125
v -3.361809 -0.345768 -24.052450
v -3.361809 0.345761 -24.052450
v 3.361813 -0.345768 -22.374125
v 3.361813 0.345761 -22.374125
v 3.361813 -0.345768 -24.052450
v 3.361813 0.345761 -24.052450
v -3.851028 -1.044135 -20.343523
v -3.560679 -0.353329 -20.368502
v -3.855350 -1.054418 -22.021664
v -3.565001 -0.363612 -22.046642
v 2.866321 -1.074001 -20.343523
v 3.156670 -0.383195 -20.368502
v 2.862000 -1.084284 -22.021664
v 3.152349 -0.393478 -22.046642
v -3.285708 -1.713974 -18.253340
v -3.409357 -1.024126 -18.140575
v -3.294034 -1.667520 -19.927872
v -3.417684 -0.977671 -19.815107
v 3.436773 -1.701228 -18.253340
v 3.313123 -1.011380 -18.140575
v 3.428446 -1.654774 -19.927872
v 3.304797 -0.964925 -19.815107
v -3.682799 -2.171070 -15.812425
v -3.517009 -1.479767 -15.823560
v -3.683899 -2.175657 -17.490713
v -3.518110 -1.484354 -17.501848
v 3.038780 -2.188122 -15.812425
v 3.204569 -1.496819 -15.823560
v 3.037680 -2.192709 -17.490713
v 3.203469 -1.501406 -17.501848
v -3.924658 -2.493971 -13.241316
v -4.076585 -1.802877 -13.195498
v -3.928807 -2.475097 -14.919017
v -4.080735 -1.784003 -14.873197
v 2.797247 -2.478340 -13.241316
v 2.645319 -1.787246 -13.195498
v 2.793098 -2.459466 -14.919017
v 2.641170 -1.768372 -14.873197
v -2.813439 -2.586766 -10.593753
v -2.843269 -1.895987 -10.516001
v -2.814822 -2.554729 -12.270277
v -2.844652 -1.863950 -12.192525
v 3.910117 -2.583694 -10.593753
v 3.880288 -1.892915 -10.516001
v 3.908734 -2.551658 -12.270277
v 3.878905 -1.860879 -12.192525
v -3.944231 -2.510636 -7.911783
v -3.910374 -1.819355 -7.867715
v -3.943341 -2.492479 -9.589530
v -3.909484 -1.801198 -9.545462
v 2.779307 -2.514120 -7.911783
v 2.813164 -1.822839 -7.867715
v 2.780196 -2.495962 -9.589530
v 2.814053 -1.804681 -9.545462
v -3.544734 -2.357334 -5.277049
v -3.652108 -1.666255 -5.222814
v -3.548205 -2.334991 -6.954498
v -3.655579 -1.643911 -6.900263
v 3.178030 -2.346285 -5.277049
v 3.070657 -1.655206 -5.222814
v 3.174559 -2.323941 -6.954498
v 3.067185 -1.632862 -6.900263
v -3.876557 -2.139551 -2.612304
v -4.143214 -1.449130 -2.679990
v -3.865794 -2.167418 -4.289264
v -4.132451 -1.476997 -4.356950
v 2.841768 -2.112103 -2.612304
v 2.575111 -1.421682 -2.679990
v 2.852530 -2.139970 -4.289264
v 2.585874 -1.449549 -4.356950
v -2.674036 -1.858613 -0.019190
v -2.636877 -1.168882 -0.139757
v -2.676712 -1.908291 -1.693179
v -2.639553 -1.218559 -1.813746
v 4.049484 -1.862445 -0.019190
v 4.086642 -1.172714 -0.139757
v 4.046807 -1.912122 -1.693179
v 4.083966 -1.222391 -1.813746
v -3.150481 -1.641225 2.555060
v -3.286160 -0.949842 2.561055
v -3.150966 -1.638756 0.876745
v -3.286644 -0.947373 0.882740
v 3.571773 -1.627271 2.555060
v 3.436094 -0.935888 2.561055
v 3.571289 -1.624801 0.876745
v 3.435610 -0.933418 0.882740
v -3.567881 -1.384746 5.119966
v -3.762789 -0.693559 5.099528
v -3.565508 -1.393164 3.441765
v -3.760416 -0.701977 3.421327
v 3.152915 -1.364698 5.119966
v 2.958007 -0.673512 5.099528
v 3.155289 -1.373116 3.441765
v 2.960381 -0.681929 3.421327
v -2.971722 -1.128098 7.714571
v -2.727214 -0.437048 7.727596
v -2.969824 -1.122734 6.036296
v -2.725317 -0.431684 6.049321
v 3.747453 -1.153246 7.714571
v 3.991961 -0.462196 7.727596
v 3.749351 -1.147883 6.036296
v 3.993859 -0.456833 6.049321
v -3.605962 -0.916808 10.377146
v -3.897305 -0.226923 10.287279
v -3.590339 -0.953801 8.701227
v -3.881683 -0.263916 8.611362
v 3.111328 -0.886801 10.377146
v 2.819984 -0.196915 10.287279
v 3.126951 -0.923793 8.701227
v 2.835607 -0.233908 8.611362
v -3.932970 -0.695730 13.014405
v -4.030653 -0.006397 12.883049
v -3.925301 -0.749848 11.341228
v -4.022984 -0.060514 11.209871
v 2.789938 -0.685653 13.014405
v 2.692256 0.003681 12.883049
v 2.797607 -0.739770 11.341228
v 2.699925 -0.050437 11.209871
v -3.336163 -0.572989 15.611837
v -3.109816 0.118074 15.636342
v -3.332857 -0.562897 13.933691
v -3.106510 0.128165 13.958196
v 3.383648 -0.596271 15.611837
v 3.609995 0.094792 15.636342
v 3.386954 -0.586180 13.933691
v 3.613301 0.104883 13.958196
v -3.634436 -0.420031 18.304340
v -3.631753 0.269802 18.186876
v -3.634624 -0.468430 16.630131
v -3.631941 0.221403 16.512665
v 3.089186 -0.420307 18.304340
v 3.091869 0.269525 18.186876
v 3.088998 -0.468707 16.630131
v 3.091681 0.221126 16.512665
v -3.828126 -0.394371 20.926498
v -3.785246 0.297049 20.954203
v -3.827418 -0.382956 19.248402
v -3.784539 0.308464 19.276106
v 2.895360 -0.398782 20.926498
v 2.938240 0.292639 20.954203
v 2.896068 -0.387367 19.248402
v 2.938948 0.304053 19.276106
v -3.783449 -0.333323 23.649433
v -3.982348 0.355330 23.504841
v -3.766250 -0.392874 21.977346
v -3.965148 0.295780 21.832754
v 2.937209 -0.312790 23.649433
v 2.738310 0.375864 23.504841
v 2.954408 -0.372341 21.977346
v 2.755510 0.316313 21.832754
vn -1.0000 -0.0000 -0.0000
vn -0.0000 -0.0000 -1.0000
vn 1.0000 -0.0000 -0.0000
vn -0.0000 -0.0000 1.0000
vn -0.0000 -1.0000 -0.0000
vn -0.0000 1.0000 -0.0000
vn -0.9219 0.3875 -0.0000
vn -0.0002 -0.0361 -0.9993
vn 0.9219 -0.3875 -0.0000
vn 0.0002 0.0361 0.9993
vn -0.0044 -1.0000 0.0061
vn 0.0044 1.0000 -0.0061
vn -0.9843 -0.1764 -0.0000
vn -0.0003 0.1613 -0.9869
vn 0.9843 0.1764 -0.0000
vn 0.0003 -0.1613 0.9869
vn 0.0019 -0.9996 -0.0277
vn -0.0019 0.9996 0.0277
vn -0.9724 0.2332 -0.0000
vn -0.0000 -0.0161 -0.9999
vn 0.9724 -0.2332 -0.0000
vn -0.0000 0.0161 0.9999
vn -0.0025 -1.0000 0.0027
vn 0.0025 1.0000 -0.0027
vn -0.9767 -0.2147 -0.0000
vn -0.0002 0.0661 -0.9978
vn 0.9767 0.2147 -0.0000
vn 0.0002 -0.0661 0.9978
vn 0.0023 -0.9999 -0.0113
vn -0.0023 0.9999 0.0113
vn -0.9991 -0.0431 -0.0000
vn -0.0001 0.1118 -0.9937
vn 0.9991 0.0431 -0.0000
vn 0.0001 -0.1118 0.9937
vn 0.0005 -0.9998 -0.0191
vn -0.0005 0.9998 0.0191
vn -0.9988 0.0489 -0.0000
vn -0.0000 0.0636 -0.9980
vn 0.9988 -0.0489 -0.0000
vn -0.0000 -0.0636 0.9980
vn -0.0005 -0.9999 -0.0108
vn 0.0005 0.9999 0.0108
vn -0.9881 -0.1535 -0.0000
vn -0.0001 0.0782 -0.9969
vn 0.9881 0.1535 -0.0000
vn 0.0001 -0.0782 0.9969
vn 0.0016 -0.9999 -0.0133
vn -0.0016 0.9999 0.0133
vn -0.9328 -0.3603 -0.0000
vn 0.0004 -0.0974 -0.9952
vn 0.9328 0.3603 -0.0000
vn -0.0004 0.0974 0.9952
vn 0.0041 -0.9999 0.0166
vn -0.0041 0.9999 -0.0166
vn -0.9986 0.0538 -0.0000
vn -0.0001 -0.1722 -0.9851
vn 0.9986 -0.0538 -0.0000
vn 0.0001 0.1722 0.9851
vn -0.0006 -0.9996 0.0297
vn 0.0006 0.9996 -0.0297
vn -0.9813 -0.1926 -0.0000
vn -0.0000 0.0087 -1.0000
vn 0.9813 0.1926 -0.0000
vn -0.0000 -0.0087 1.0000
vn 0.0021 -1.0000 -0.0015
vn -0.0021 1.0000 0.0015
vn -0.9625 -0.2714 -0.0000
vn 0.0001 -0.0295 -0.9996
vn 0.9625 0.2714 -0.0000
vn -0.0001 0.0295 0.9996
vn 0.0030 -1.0000 0.0050
vn -0.0030 1.0000 -0.0050
vn -0.9427 0.3336 -0.0000
vn 0.0001 0.0188 -0.9998
vn 0.9427 -0.3336 -0.0000
vn -0.0001 -0.0188 0.9998
vn -0.0037 -1.0000 -0.0032
vn 0.0037 1.0000 0.0032
vn -0.9212 -0.3890 -0.0000
vn 0.0006 -0.1289 -0.9917
vn 0.9212 0.3890 -0.0000
vn -0.0006 0.1289 0.9917
vn 0.0045 -0.9997 0.0221
vn -0.0045 0.9997 -0.0221
vn -0.9901 -0.1403 -0.0000
vn 0.0003 -0.1871 -0.9823
vn 0.9901 0.1403 -0.0000
vn -0.0003 0.1871 0.9823
vn 0.0015 -0.9995 0.0323
vn -0.0015 0.9995 -0.0323
vn -0.9503 0.3113 -0.0000
vn 0.0001 0.0354 -0.9994
vn 0.9503 -0.3113 -0.0000
vn -0.0001 -0.0354 0.9994
vn -0.0035 -1.0000 -0.0060
vn 0.0035 1.0000 0.0060
vn -1.0000 0.0039 -0.0000
vn -0.0000 -0.1679 -0.9858
vn 1.0000 -0.0039 -0.0000
vn -0.0000 0.1679 0.9858
vn -0.0000 -0.9996 0.0289
vn -0.0000 0.9996 -0.0289
vn -0.9981 0.0619 -0.0000
vn -0.0000 0.0400 -0.9992
vn 0.9981 -0.0619 -0.0000
vn -0.0000 -0.0400 0.9992
vn -0.0007 -1.0000 -0.0068
vn 0.0007 1.0000 0.0068
vn -0.9607 -0.2775 -0.0000
vn 0.0006 -0.2053 -0.9787
vn 0.9607 0.2775 -0.0000
vn -0.0006 0.2053 0.9787
vn 0.0031 -0.9994 0.0356
vn -0.0031 0.9994 -0.0356
vt 0.375000 0.000000
vt 0.625000 0.000000
vt 0.625000 0.250000
vt 0.375000 0.250000
vt 0.625000 0.500000
vt 0.375000 0.500000
vt 0.625000 0.750000
vt 0.375000 0.750000
vt 0.625000 1.000000
vt 0.375000 1.000000
vt 0.125000 0.500000
vt 0.125000 0.750000
vt 0.875000 0.500000
vt 0.875000 0.750000
s 0
usemtl 
f 1/1/1 2/2/1 4/3/1 3/4/1
f 3/4/2 4/3/2 8/5/2 7/6/2
f 7/6/3 8/5/3 6/7/3 5/8/3
f 5/8/4 6/7/4 2/9/4 1/10/4
f 3/11/5 7/6/5 5/8/5 1/12/5
f 8/5/6 4/13/6 2/14/6 6/7/6
f 9/1/7 10/2/7 12/3/7 11/4/7
f 11/4/8 12/3/8 16/5/8 15/6/8
f 15/6/9 16/5/9 14/7/9 13/8/9
f 13/8/10 14/7/10 10/9/10 9/10/10
f 11/11/11 15/6/11 13/8/11 9/12/11
f 16/5/12 12/13/12 10/14/12 14/7/12
f 17/1/13 18/2/13 20/3/13 19/4/13
f 19/4/14 20/3/14 24/5/14 23/6/14
f 23/6/15 24/5/15 22/7/15 21/8/15
f 21/8/16 22/7/16 18/9/16 17/10/16
f 19/11/17 23/6/17 21/8/17 17/12/17
f 24/5/18 20/13/18 18/14/18 22/7/18
f 25/1/19 26/2/19 28/3/19 27/4/19
f 27/4/20 28/3/20 32/5/20 31/6/20
f 31/6/21 32/5/21 30/7/21 29/8/21
f 29/8/22 30/7/22 26/9/22 25/10/22
f 27/11/23 31/6/23 29/8/23 25/12/23
f 32/5/24 28/13/24 26/14/24 30/7/24
f 33/1/25 34/2/25 36/3/25 35/4/25
f 35/4/26 36/3/26 40/5/26 39/6/26
f 39/6/27 40/5/27 38/7/27 37/8/27
f 37/8/28 38/7/28 34/9/28 33/10/28
f 35/11/29 39/6/29 37/8/29 33/12/29
f 40/5/30 36/13/30 34/14/30 38/7/30
f 41/1/31 42/2/31 44/3/31 43/4/31
f 43/4/32 44/3/32 48/5/32 47/6/32
f 47/6/33 48/5/33 46/7/33 45/8/33
f 45/8/34 46/7/34 42/9/34 41/10/34
f 43/11/35 47/6/35 45/8/35 41/12/35
f 48/5/36 44/13/36 42/14/36 46/7/36
f 49/1/37 50/2/37 52/3/37 51/4/37
f 51/4/38 52/3/38 56/5/38 55/6/38
f 55/6/39 56/5/39 54/7/39 53/8/39
f 53/8/40 54/7/40 50/9/40 49/10/40
f 51/11/41 55/6/41 53/8/41 49/12/41
f 56/5/42 52/13/42 50/14/42 54/7/42
f 57/1/43 58/2/43 60/3/43 59/4/43
f 59/4/44 60/3/44 64/5/44 63/6/44
f 63/6/45 64/5/45 62/7/45 61/8/45
f 61/8/46 62/7/46 58/9/46 57/10/46
f 59/11/47 63/6/47 61/8/47 57/12/47
f 64/5/48 60/13/48 58/14/48 62/7/48
f 65/1/49 66/2/49 68/3/49 67/4/49
f 67/4/50 68/3/50 72/5/50 71/6/50
f 71/6/51 72/5/51 70/7/51 69/8/51
f 69/8/52 70/7/52 66/9/52 65/10/52
f 67/11/53 71/6/53 69/8/53 65/12/53
f 72/5/54 68/13/54 66/14/54 70/7/54
f 73/1/55 74/2/55 76/3/55 75/4/55
f 75/4/56 76/3/56 80/5/56 79/6/56
f 79/6/57 80/5/57 78/7/57 77/8/57
f 77/8/58 78/7/58 74/9/58 73/10/58
f 75/11/59 79/6/59 77/8/59 73/12/59
f 80/5/60 76/13/60 74/14/60 78/7/60
f 81/1/61 82/2/61 84/3/61 83/4/61
f 83/4/62 84/3/62 88/5/62 87/6/62
f 87/6/63 88/5/63 86/7/63 85/8/63
f 85/8/64 86/7/64 82/9/64 81/10/64
f 83/11/65 87/6/65 85/8/65 81/12/65
f 88/5/66 84/13/66 82/14/66 86/7/66
f 89/1/67 90/2/67 92/3/67 91/4/67
f 91/4/68 92/3/68 96/5/68 95/6/68
f 95/6/69 96/5/69 94/7/69 93/8/69
f 93/8/70 94/7/70 90/9/70 89/10/70
f 91/11/71 95/6/71 93/8/71 89/12/71
f 96/5/72 92/13/72 90/14/72 94/7/72
f 97/1/73 98/2/73 100/3/73 99/4/73
f 99/4/74 100/3/74 104/5/74 103/6/74
f 103/6/75 104/5/75 102/7/75 101/8/75
f 101/8/76 102/7/76 98/9/76 97/10/76
f 99/11/77 103/6/77 101/8/77 97/12/77
f 104/5/78 100/13/78 98/14/78 102/7/78
f 105/1/79 106/2/79 108/3/79 107/4/79
f 107/4/80 108/3/80 112/5/80 111/6/80
f 111/6/81 112/5/81 110/7/81 109/8/81
f 109/8/82 110/7/82 106/9/82 105/10/82
f 107/11/83 111/6/83 109/8/83 105/12/83
f 112/5/84 108/13/84 106/14/84 110/7/84
f 113/1/85 114/2/85 116/3/85 115/4/85
f 115/4/86 116/3/86 120/5/86 119/6/86
f 119/6/87 120/5/87 118/7/87 117/8/87
f 117/8/88 118/7/88 114/9/88 113/10/88
f 115/11/89 119/6/89 117/8/89 113/12/89
f 120/5/90 116/13/90 114/14/90 118/7/90
f 121/1/91 122/2/91 124/3/91 123/4/91
f 123/4/92 124/3/92 128/5/92 127/6/92
f 127/6/93 128/5/93 126/7/93 125/8/93
f 125/8/94 126/7/94 122/9/94 121/10/94
f 123/11/95 127/6/95 125/8/95 121/12/95
f 128/5/96 124/13/96 122/14/96 126/7/96
f 129/1/97 130/2/97 132/3/97 131/4/97
f 131/4/98 132/3/98 136/5/98 135/6/98
f 135/6/99 136/5/99 134/7/99 133/8/99
f 133/8/100 134/7/100 130/9/100 129/10/100
f 131/11/101 135/6/101 133/8/101 129/12/101
f 136/5/102 132/13/102 130/14/102 134/7/102
f 137/1/103 138/2/103 140/3/103 139/4/103
f 139/4/104 140/3/104 144/5/104 143/6/104
f 143/6/105 144/5/105 142/7/105 141/8/105
f 141/8/106 142/7/106 138/9/106 137/10/106
f 139/11/107 143/6/107 141/8/107 137/12/107
f 144/5/108 140/13/108 138/14/108 142/7/108
f 145/1/109 146/2/109 148/3/109 147/4/109
f 147/4/110 148/3/110 152/5/110 151/6/110
f 151/6/111 152/5/111 150/7/111 149/8/111
f 149/8/112 150/7/112 146/9/112 145/10/112
f 147/11/113 151/6/113 149/8/113 145/12/113
f 152/5/114 148/13/114 146/14/114 150/7/114
o BézierCurve
v 0.000002 -0.000004 -23.213287
v 0.000002 -1.052012 -20.304909
v 0.000001 -1.738861 -17.356232
v 0.000001 -2.112715 -14.326952
v 0.000001 -2.225740 -11.176769
v 0.000001 -2.130102 -7.865383
v 0.000000 -1.877967 -4.352492
v 0.000000 -1.521501 -0.597797
v -0.000000 -1.112869 3.439004
v -0.000001 -0.704236 7.798212
v -0.000001 -0.347770 12.520127
v -0.000001 -0.095635 17.645052
v -0.000002 0.000004 23.213287
l 153 154
l 154 155
l 155 156
l 156 157
l 157 158
l 158 159
l 159 160
l 160 161
l 161 162
l 162 163
l 163 164
l 164 165
o Cylinder
v -1.759072 0.065302 -23.564241
v -1.762535 -0.246535 -22.826189
v -1.944882 0.002796 -24.184666
v -1.951984 -0.307711 -23.413256
v -2.037887 0.078500 -23.433235
v -2.037887 -0.229479 -22.673433
v -1.916934 0.134331 -22.879070
v -1.916934 -0.170686 -22.126600
v -1.759073 -0.554088 -21.943842
v -1.944882 -0.626465 -22.538794
v -2.037887 -0.538805 -21.818213
v -1.916934 -0.474157 -21.286795
v -1.762535 -0.861841 -21.061226
v -1.951274 -0.941694 -21.640249
v -2.033463 -0.839841 -20.905697
v -1.917246 -0.774128 -20.436525
v -1.759073 -1.163684 -20.146772
v -1.944882 -1.250193 -20.696194
v -2.037887 -1.145417 -20.030758
v -1.916934 -1.068147 -19.540012
v -1.762536 -1.436736 -19.038267
v -1.944883 -1.537199 -19.569519
v -2.033949 -1.415717 -18.926064
v -1.917246 -1.332244 -18.493711
v -1.760286 -1.697227 -17.867441
v -1.943133 -1.813275 -18.351088
v -2.027881 -1.668450 -17.742868
v -1.912604 -1.581144 -17.369135
v -1.762536 -1.940083 -16.606600
v -1.951984 -2.051443 -16.987799
v -2.037888 -1.909928 -16.513117
v -1.916934 -1.804324 -16.167122
v -1.760286 -2.106996 -15.085811
v -1.943133 -2.247593 -15.381291
v -2.027881 -2.071852 -15.008634
v -1.912605 -1.966606 -14.762965
v -1.760286 -2.255033 -13.521811
v -1.951984 -2.380147 -13.699003
v -2.040472 -2.221472 -13.483985
v -1.916221 -2.091124 -13.316567
v -1.762536 -2.290980 -11.803237
v -1.951274 -2.434721 -11.857012
v -2.033463 -2.252073 -11.792512
v -1.917246 -2.135856 -11.734963
v -1.762536 -2.297158 -10.091022
v -1.951985 -2.434138 -10.059925
v -2.040472 -2.269195 -10.104804
v -1.924877 -2.136018 -10.143924
v -1.762536 -2.229036 -8.400901
v -1.944883 -2.375815 -8.266806
v -2.033950 -2.198171 -8.428503
v -1.917246 -2.077270 -8.542210
v -1.762536 -2.146803 -6.729846
v -1.951985 -2.278844 -6.556614
v -2.037888 -2.112295 -6.780591
v -1.916935 -1.989064 -6.950974
v -1.762537 -2.018414 -5.123104
v -1.944883 -2.159166 -4.879931
v -2.033950 -1.988773 -5.173406
v -1.917247 -1.873524 -5.383303
v -1.762537 -1.893125 -3.512405
v -1.951985 -2.019910 -3.268257
v -2.037889 -1.859851 -3.580994
v -1.916935 -1.741304 -3.816464
v -1.759074 -1.739335 -1.960695
v -1.944884 -1.870635 -1.681181
v -2.037889 -1.711609 -2.019719
v -1.916935 -1.594331 -2.269382
v -1.759074 -1.587049 -0.404566
v -1.944884 -1.717352 -0.114398
v -2.037889 -1.559533 -0.465840
v -1.916935 -1.443146 -0.725020
v -1.762537 -1.436553 1.157508
v -1.951985 -1.560380 1.429514
v -2.037889 -1.403810 1.081693
v -1.916935 -1.287636 0.820311
v -1.762537 -1.280077 2.703920
v -1.951985 -1.403973 2.975337
v -2.037889 -1.247320 2.628283
v -1.916936 -1.131088 2.367487
v -1.759075 -1.121778 4.244218
v -1.944884 -1.252503 4.529927
v -2.037889 -1.094174 4.183887
v -1.916936 -0.977409 3.928691
v -1.762537 -0.980185 5.825137
v -1.951986 -1.105585 6.080029
v -2.037889 -0.946966 5.754294
v -1.916936 -0.829222 5.509676
v -1.762537 -0.835932 7.397637
v -1.951986 -0.962427 7.640470
v -2.037889 -0.802431 7.330158
v -1.916936 -0.683671 7.097134
v -1.762537 -0.692288 8.973768
v -1.951276 -0.827457 9.219314
v -2.033465 -0.655993 8.906666
v -1.917248 -0.548844 8.694121
v -1.762538 -0.581615 10.608997
v -1.951986 -0.710930 10.815469
v -2.037889 -0.547340 10.551440
v -1.916936 -0.425888 10.353017
v -1.762538 -0.465625 12.233213
v -1.951986 -0.596282 12.418497
v -2.037890 -0.430941 12.181401
v -1.916936 -0.308146 12.003081
v -1.762538 -0.357504 13.872210
v -1.951276 -0.497398 14.047165
v -2.033466 -0.319860 13.824155
v -1.917248 -0.208292 13.665733
v -1.762538 -0.286839 15.557923
v -1.951987 -0.420299 15.690899
v -2.037890 -0.251402 15.520157
v -1.916937 -0.125957 15.391255
v -1.762538 -0.211047 17.235285
v -1.951987 -0.345715 17.340410
v -2.037890 -0.175338 17.205135
v -1.916937 -0.048837 17.102764
v -1.762538 -0.149776 18.927320
v -1.951277 -0.293362 19.011251
v -2.033466 -0.111027 18.903799
v -1.917249 0.004634 18.817125
v -1.762538 -0.132208 20.645504
v -1.951987 -0.267986 20.688883
v -2.037890 -0.095951 20.631630
v -1.916937 0.031996 20.587103
v -1.762539 -0.102491 22.358105
v -1.951987 -0.239532 22.370256
v -2.037890 -0.066457 22.352736
v -1.916937 0.061789 22.337893
v -1.759076 -0.086118 24.019934
v -1.944886 -0.229782 24.019930
v -2.037890 -0.055782 24.019930
v -1.916937 0.072539 24.019930
vn 0.8326 -0.5140 -0.2061
vn -0.9708 -0.2208 -0.0937
vn -0.9066 0.3910 0.1585
vn 0.9062 0.3901 0.1635
vn -0.0028 -0.9944 0.1060
vn -0.0000 0.9950 -0.1002
vn 0.8208 -0.5383 -0.1909
vn 0.8126 -0.5454 -0.2054
vn -0.9627 -0.2557 -0.0889
vn -0.8940 0.4214 0.1523
vn 0.8858 0.4379 0.1536
vn -0.0000 -0.9927 0.1208
vn 0.8133 -0.5506 -0.1881
vn -0.9659 -0.2449 -0.0844
vn -0.8847 0.4406 0.1523
vn 0.8826 0.4430 0.1573
vn -0.0013 -0.9904 0.1379
vn 0.8099 -0.5559 -0.1869
vn -0.9534 -0.2885 -0.0878
vn -0.9738 -0.2132 -0.0794
vn -0.8857 0.4397 0.1491
vn -0.8739 0.4619 0.1518
vn 0.8736 0.4626 0.1514
vn 0.8692 0.4706 0.1520
vn -0.0000 -0.9878 0.1555
vn 0.7685 -0.6209 -0.1544
vn -0.9459 -0.3153 -0.0771
vn -0.8484 0.5135 0.1290
vn 0.8355 0.5328 0.1343
vn 0.0013 -0.9823 0.1871
vn 0.7662 -0.6267 -0.1420
vn -0.9481 -0.3112 -0.0654
vn -0.8213 0.5570 0.1232
vn -0.8354 0.5359 0.1220
vn 0.8140 0.5678 0.1223
vn 0.8225 0.5555 0.1220
vn 0.0024 -0.9732 0.2300
vn 0.7455 -0.6547 -0.1248
vn 0.6748 -0.7277 -0.1228
vn -0.9361 -0.3454 -0.0664
vn -0.9553 -0.2885 -0.0644
vn -0.8095 0.5773 0.1068
vn -0.7976 0.5936 0.1073
vn 0.8059 0.5815 0.1109
vn 0.8153 0.5683 0.1109
vn -0.0069 -0.9574 0.2886
vn 0.6860 -0.7232 -0.0804
vn 0.6415 -0.7611 -0.0965
vn -0.9200 -0.3899 -0.0393
vn -0.7624 0.6427 0.0754
vn 0.7592 0.6470 0.0711
vn -0.0002 -0.9104 0.4137
vn 0.6762 -0.7335 -0.0694
vn 0.5843 -0.8093 -0.0607
vn -0.8946 -0.4450 -0.0398
vn -0.9325 -0.3587 -0.0429
vn -0.7585 0.6492 0.0574
vn -0.7359 0.6747 0.0562
vn 0.7417 0.6681 0.0594
vn 0.7603 0.6467 0.0612
vn -0.0140 -0.7971 0.6037
vn 0.6087 -0.7933 -0.0158
vn 0.5623 -0.8266 -0.0247
vn -0.8972 -0.4415 -0.0087
vn -0.7335 0.6795 0.0153
vn -0.7118 0.7022 0.0194
vn 0.7124 0.7015 0.0203
vn 0.7338 0.6792 0.0152
vn -0.0174 -0.3763 0.9263
vn 0.5961 -0.8029 -0.0012
vn -0.8812 -0.4728 -0.0002
vn -0.9129 -0.4080 -0.0079
vn -0.7547 0.6561 0.0035
vn -0.7063 0.7079 -0.0033
vn 0.7088 0.7054 0.0035
vn 0.7041 0.7101 0.0026
vn -0.0202 0.2729 0.9618
vn 0.6404 -0.7674 0.0309
vn 0.5883 -0.8083 0.0240
vn -0.8926 -0.4504 0.0203
vn -0.7585 0.6512 -0.0246
vn -0.7294 0.6838 -0.0216
vn 0.7110 0.7026 -0.0287
vn 0.0023 0.6779 0.7351
vn 0.6218 -0.7820 0.0428
vn -0.9004 -0.4345 0.0207
vn -0.7382 0.6736 -0.0369
vn -0.7363 0.6756 -0.0373
vn 0.7175 0.6954 -0.0387
vn 0.7371 0.6749 -0.0332
vn -0.0080 0.8062 0.5917
vn 0.6588 -0.7499 0.0599
vn 0.6038 -0.7953 0.0542
vn -0.9074 -0.4189 0.0341
vn -0.7456 0.6646 -0.0492
vn 0.7385 0.6723 -0.0516
vn 0.0035 0.8696 0.4937
vn 0.6372 -0.7680 0.0645
vn -0.9065 -0.4210 0.0321
vn -0.7515 0.6574 -0.0551
vn -0.7503 0.6588 -0.0554
vn 0.7322 0.6787 -0.0574
vn 0.7498 0.6597 -0.0513
vn -0.0051 0.8916 0.4528
vn 0.6471 -0.7588 0.0738
vn 0.6164 -0.7843 0.0710
vn -0.9056 -0.4221 0.0419
vn -0.7574 0.6500 -0.0617
vn 0.7512 0.6569 -0.0646
vn -0.0000 0.9051 0.4252
vn 0.6476 -0.7584 0.0742
vn -0.8993 -0.4352 0.0426
vn -0.7591 0.6478 -0.0634
vn 0.7414 0.6679 -0.0654
vn -0.0000 0.9122 0.4097
vn 0.6366 -0.7672 0.0781
vn -0.9047 -0.4241 0.0408
vn -0.7607 0.6458 -0.0650
vn 0.7509 0.6573 -0.0639
vn -0.0039 0.9128 0.4084
vn 0.6223 -0.7788 0.0788
vn 0.6222 -0.7789 0.0788
vn -0.9118 -0.4085 0.0413
vn -0.7610 0.6454 -0.0653
vn 0.7627 0.6434 -0.0651
vn -0.0039 0.9124 0.4094
vn 0.6495 -0.7565 0.0763
vn 0.6175 -0.7832 0.0735
vn -0.9066 -0.4199 0.0432
vn -0.7595 0.6474 -0.0637
vn 0.7535 0.6540 -0.0666
vn -0.0000 0.9093 0.4161
vn 0.6320 -0.7715 0.0732
vn -0.9028 -0.4284 0.0383
vn -0.7569 0.6507 -0.0610
vn 0.7471 0.6620 -0.0599
vn -0.0036 0.9000 0.4359
vn 0.6160 -0.7844 0.0720
vn -0.9093 -0.4144 0.0380
vn -0.7557 0.6522 -0.0598
vn 0.7574 0.6502 -0.0596
vn -0.0036 0.8898 0.4563
vn 0.6393 -0.7658 0.0698
vn 0.6121 -0.7879 0.0671
vn -0.9175 -0.3961 0.0368
vn -0.7436 0.6661 -0.0581
vn 0.7450 0.6645 -0.0582
vn 0.0022 0.8833 0.4687
vn 0.6158 -0.7859 0.0554
vn -0.9045 -0.4255 0.0307
vn -0.9177 -0.3966 0.0237
vn -0.7444 0.6662 -0.0460
vn -0.7255 0.6863 -0.0507
vn 0.7269 0.6848 -0.0509
vn 0.7454 0.6651 -0.0450
vn -0.0037 0.8514 0.5245
vn 0.6039 -0.7951 0.0568
vn 0.6044 -0.7947 0.0568
vn -0.9042 -0.4259 0.0304
vn -0.7453 0.6650 -0.0475
vn 0.7471 0.6631 -0.0473
vn -0.0037 0.8218 0.5697
vn 0.6250 -0.7789 0.0514
vn 0.5986 -0.7996 0.0483
vn -0.9118 -0.4098 0.0277
vn -0.7321 0.6799 -0.0425
vn 0.7334 0.6784 -0.0427
vn 0.0035 0.7968 0.6042
vn 0.6042 -0.7960 0.0355
vn -0.8992 -0.4370 0.0201
vn -0.9140 -0.4055 0.0140
vn -0.7344 0.6780 -0.0293
vn -0.7153 0.6980 -0.0332
vn 0.7165 0.6968 -0.0334
vn 0.7357 0.6767 -0.0284
vn -0.0042 0.7136 0.7005
vn 0.5923 -0.8049 0.0364
vn 0.5925 -0.8048 0.0364
vn -0.8990 -0.4374 0.0198
vn -0.7349 0.6775 -0.0306
vn 0.7365 0.6757 -0.0305
vn -0.0044 0.6252 0.7804
vn 0.6132 -0.7894 0.0286
vn 0.5884 -0.8082 0.0251
vn -0.9068 -0.4212 0.0160
vn -0.7231 0.6903 -0.0230
vn 0.7242 0.6892 -0.0232
vn 0.0052 0.5454 0.8382
vn 0.5964 -0.8026 0.0103
vn -0.8955 -0.4450 0.0064
vn -0.9119 -0.4103 0.0012
vn -0.7280 0.6855 -0.0078
vn -0.7094 0.7047 -0.0108
vn 0.7103 0.7038 -0.0110
vn 0.7297 0.6837 -0.0070
vn -0.0053 0.3219 0.9468
vn 0.5866 -0.8097 0.0141
vn 0.5846 -0.8112 0.0137
vn -0.8958 -0.4443 0.0076
vn -0.7284 0.6851 -0.0117
vn 0.7300 0.6834 -0.0117
vn -0.0053 0.1074 0.9942
vn 0.6117 -0.7911 0.0065
vn 0.5862 -0.8102 0.0023
vn -0.8889 -0.4580 0.0047
vn -0.7277 0.6859 -0.0044
vn 0.7191 0.6949 -0.0064
vn -0.0000 -0.0000 1.0000
vt 0.812500 0.500000
vt 0.812500 1.000000
vt 0.781250 1.000000
vt 0.781250 0.500000
vt 0.593750 0.500000
vt 0.593750 1.000000
vt 0.562500 1.000000
vt 0.562500 0.500000
vt 0.375000 0.500000
vt 0.375000 1.000000
vt 0.343750 1.000000
vt 0.343750 0.500000
vt 0.218750 0.500000
vt 0.218750 1.000000
vt 0.187500 1.000000
vt 0.187500 0.500000
vt 0.250000 0.430240
vt 0.023588 0.204964
vt 0.206708 0.032358
vt 0.455015 0.165080
vt 0.750000 0.430240
vt 0.955015 0.165080
vt 0.706708 0.032358
vt 0.523588 0.204964
vt 0.796875 0.500000
vt 0.765625 1.000000
vt 0.750000 0.500000
vt 0.578125 0.500000
vt 0.546875 1.000000
vt 0.531250 0.500000
vt 0.359375 0.500000
vt 0.328125 1.000000
vt 0.312500 0.500000
vt 0.250000 0.500000
vt 0.234375 1.000000
vt 0.203125 0.500000
vt 0.843750 0.500000
vt 0.828125 1.000000
vt 0.296875 1.000000
vt 0.281250 0.500000
vt 0.406250 0.500000
vt 0.390625 1.000000
vt 0.171875 1.000000
vt 0.156250 0.500000
s 0
usemtl 
f 166/15/115 167/16/115 169/17/115 168/18/115
f 168/19/116 169/20/116 171/21/116 170/22/116
f 170/23/117 171/24/117 173/25/117 172/26/117
f 172/27/118 173/28/118 167/29/118 166/30/118
f 167/31/119 173/32/119 171/33/119 169/34/119
f 166/35/120 168/36/120 170/37/120 172/38/120
f 167/39/121 174/16/121 175/17/121
f 167/18/122 175/40/122 169/41/122
f 169/19/123 175/20/123 176/21/123 171/22/123
f 171/23/124 176/24/124 177/25/124 173/26/124
f 173/27/125 177/28/125 174/29/125 167/30/125
f 174/31/126 177/32/126 176/33/126 175/34/126
f 174/15/127 178/16/127 179/17/127 175/18/127
f 175/19/128 179/20/128 180/21/128 176/22/128
f 176/23/129 180/24/129 181/25/129 177/26/129
f 177/27/130 181/28/130 178/29/130 174/30/130
f 178/31/131 181/32/131 180/33/131 179/34/131
f 178/15/132 182/16/132 183/17/132 179/18/132
f 179/42/133 183/20/133 184/21/133
f 179/22/134 184/43/134 180/44/134
f 180/45/135 184/24/135 185/25/135
f 180/26/136 185/46/136 181/47/136
f 181/48/137 185/49/137 178/27/137
f 178/50/138 185/28/138 182/29/138
f 182/31/139 185/32/139 184/33/139 183/34/139
f 182/15/140 186/16/140 187/17/140 183/18/140
f 183/19/141 187/20/141 188/21/141 184/22/141
f 184/23/142 188/24/142 189/25/142 185/26/142
f 185/27/143 189/28/143 186/29/143 182/30/143
f 186/31/144 189/32/144 188/33/144 187/34/144
f 186/15/145 190/16/145 191/17/145 187/18/145
f 187/19/146 191/20/146 192/21/146 188/22/146
f 188/45/147 192/24/147 193/25/147
f 188/26/148 193/46/148 189/47/148
f 189/48/149 193/49/149 186/27/149
f 186/50/150 193/28/150 190/29/150
f 190/31/151 193/32/151 192/33/151 191/34/151
f 190/51/152 194/52/152 191/15/152
f 191/39/153 194/16/153 195/17/153
f 191/42/154 195/20/154 196/21/154
f 191/22/155 196/43/155 192/44/155
f 192/45/156 196/24/156 197/25/156
f 192/47/157 197/53/157 193/54/157
f 193/48/158 197/49/158 190/27/158
f 190/50/159 197/28/159 194/29/159
f 194/31/160 197/32/160 196/33/160 195/34/160
f 194/39/161 198/16/161 199/17/161
f 194/18/162 199/40/162 195/41/162
f 195/19/163 199/20/163 200/21/163 196/22/163
f 196/23/164 200/24/164 201/25/164 197/26/164
f 197/27/165 201/28/165 198/29/165 194/30/165
f 198/31/166 201/32/166 200/33/166 199/34/166
f 198/51/167 202/52/167 199/15/167
f 199/39/168 202/16/168 203/17/168
f 199/42/169 203/20/169 204/21/169
f 199/22/170 204/43/170 200/44/170
f 200/45/171 204/24/171 205/25/171
f 200/47/172 205/53/172 201/54/172
f 201/48/173 205/49/173 198/27/173
f 198/50/174 205/28/174 202/29/174
f 202/31/175 205/32/175 204/33/175 203/34/175
f 202/39/176 206/16/176 207/17/176
f 202/18/177 207/40/177 203/41/177
f 203/19/178 207/20/178 208/21/178 204/22/178
f 204/55/179 208/56/179 205/23/179
f 205/45/180 208/24/180 209/25/180
f 205/50/181 209/28/181 206/29/181
f 205/30/182 206/57/182 202/58/182
f 206/31/183 209/32/183 208/33/183 207/34/183
f 206/15/184 210/16/184 211/17/184 207/18/184
f 207/42/185 211/20/185 212/21/185
f 207/22/186 212/43/186 208/44/186
f 208/45/187 212/24/187 213/25/187
f 208/26/188 213/46/188 209/47/188
f 209/48/189 213/49/189 206/27/189
f 206/50/190 213/28/190 210/29/190
f 210/31/191 213/32/191 212/33/191 211/34/191
f 210/39/192 214/16/192 215/17/192
f 210/18/193 215/40/193 211/41/193
f 211/19/194 215/20/194 216/21/194 212/22/194
f 212/55/195 216/56/195 213/23/195
f 213/45/196 216/24/196 217/25/196
f 213/27/197 217/28/197 214/29/197 210/30/197
f 214/31/198 217/32/198 216/33/198 215/34/198
f 214/15/199 218/16/199 219/17/199 215/18/199
f 215/19/200 219/20/200 220/21/200 216/22/200
f 216/45/201 220/24/201 221/25/201
f 216/26/202 221/46/202 217/47/202
f 217/48/203 221/49/203 214/27/203
f 214/50/204 221/28/204 218/29/204
f 218/31/205 221/32/205 220/33/205 219/34/205
f 218/39/206 222/16/206 223/17/206
f 218/18/207 223/40/207 219/41/207
f 219/19/208 223/20/208 224/21/208 220/22/208
f 220/23/209 224/24/209 225/25/209 221/26/209
f 221/27/210 225/28/210 222/29/210 218/30/210
f 222/31/211 225/32/211 224/33/211 223/34/211
f 222/15/212 226/16/212 227/17/212 223/18/212
f 223/19/213 227/20/213 228/21/213 224/22/213
f 224/45/214 228/24/214 229/25/214
f 224/26/215 229/46/215 225/47/215
f 225/48/216 229/49/216 222/27/216
f 222/50/217 229/28/217 226/29/217
f 226/31/218 229/32/218 228/33/218 227/34/218
f 226/39/219 230/16/219 231/17/219
f 226/18/220 231/40/220 227/41/220
f 227/19/221 231/20/221 232/21/221 228/22/221
f 228/23/222 232/24/222 233/25/222 229/26/222
f 229/27/223 233/28/223 230/29/223 226/30/223
f 230/31/224 233/32/224 232/33/224 231/34/224
f 230/15/225 234/16/225 235/17/225 231/18/225
f 231/19/226 235/20/226 236/21/226 232/22/226
f 232/23/227 236/24/227 237/25/227 233/26/227
f 233/27/228 237/28/228 234/29/228 230/30/228
f 234/31/229 237/32/229 236/33/229 235/34/229
f 234/15/230 238/16/230 239/17/230 235/18/230
f 235/19/231 239/20/231 240/21/231 236/22/231
f 236/23/232 240/24/232 241/25/232 237/26/232
f 237/27/233 241/28/233 238/29/233 234/30/233
f 238/31/234 241/32/234 240/33/234 239/34/234
f 238/39/235 242/16/235 243/17/235
f 238/18/236 243/40/236 239/41/236
f 239/19/237 243/20/237 244/21/237 240/22/237
f 240/23/238 244/24/238 245/25/238 241/26/238
f 241/27/239 245/28/239 242/29/239 238/30/239
f 242/31/240 245/32/240 244/33/240 243/34/240
f 242/39/241 246/16/241 247/17/241
f 242/18/242 247/40/242 243/41/242
f 243/19/243 247/20/243 248/21/243 244/22/243
f 244/23/244 248/24/244 249/25/244 245/26/244
f 245/27/245 249/28/245 246/29/245 242/30/245
f 246/31/246 249/32/246 248/33/246 247/34/246
f 246/15/247 250/16/247 251/17/247 247/18/247
f 247/19/248 251/20/248 252/21/248 248/22/248
f 248/23/249 252/24/249 253/25/249 249/26/249
f 249/27/250 253/28/250 250/29/250 246/30/250
f 250/31/251 253/32/251 252/33/251 251/34/251
f 250/39/252 254/16/252 255/17/252
f 250/18/252 255/40/252 251/41/252
f 251/19/253 255/20/253 256/21/253 252/22/253
f 252/23/254 256/24/254 257/25/254 253/26/254
f 253/27/255 257/28/255 254/29/255 250/30/255
f 254/31/256 257/32/256 256/33/256 255/34/256
f 254/39/257 258/16/257 259/17/257
f 254/18/258 259/40/258 255/41/258
f 255/19/259 259/20/259 260/21/259 256/22/259
f 256/23/260 260/24/260 261/25/260 257/26/260
f 257/27/261 261/28/261 258/29/261 254/30/261
f 258/31/262 261/32/262 260/33/262 259/34/262
f 258/15/263 262/16/263 263/17/263 259/18/263
f 259/42/264 263/20/264 264/21/264
f 259/22/265 264/43/265 260/44/265
f 260/45/266 264/24/266 265/25/266
f 260/26/267 265/46/267 261/47/267
f 261/48/268 265/49/268 258/27/268
f 258/50/269 265/28/269 262/29/269
f 262/31/270 265/32/270 264/33/270 263/34/270
f 262/39/271 266/16/271 267/17/271
f 262/18/272 267/40/272 263/41/272
f 263/19/273 267/20/273 268/21/273 264/22/273
f 264/23/274 268/24/274 269/25/274 265/26/274
f 265/27/275 269/28/275 266/29/275 262/30/275
f 266/31/276 269/32/276 268/33/276 267/34/276
f 266/39/277 270/16/277 271/17/277
f 266/18/278 271/40/278 267/41/278
f 267/19/279 271/20/279 272/21/279 268/22/279
f 268/23/280 272/24/280 273/25/280 269/26/280
f 269/27/281 273/28/281 270/29/281 266/30/281
f 270/31/282 273/32/282 272/33/282 271/34/282
f 270/15/283 274/16/283 275/17/283 271/18/283
f 271/42/284 275/20/284 276/21/284
f 271/22/285 276/43/285 272/44/285
f 272/45/286 276/24/286 277/25/286
f 272/26/287 277/46/287 273/47/287
f 273/48/288 277/49/288 270/27/288
f 270/50/289 277/28/289 274/29/289
f 274/31/290 277/32/290 276/33/290 275/34/290
f 274/39/291 278/16/291 279/17/291
f 274/18/292 279/40/292 275/41/292
f 275/19/293 279/20/293 280/21/293 276/22/293
f 276/23/294 280/24/294 281/25/294 277/26/294
f 277/27/295 281/28/295 278/29/295 274/30/295
f 278/31/296 281/32/296 280/33/296 279/34/296
f 278/39/297 282/16/297 283/17/297
f 278/18/298 283/40/298 279/41/298
f 279/19/299 283/20/299 284/21/299 280/22/299
f 280/23/300 284/24/300 285/25/300 281/26/300
f 281/27/301 285/28/301 282/29/301 278/30/301
f 282/31/302 285/32/302 284/33/302 283/34/302
f 282/15/303 286/16/303 287/17/303 283/18/303
f 283/42/304 287/20/304 288/21/304
f 283/22/305 288/43/305 284/44/305
f 284/45/306 288/24/306 289/25/306
f 284/26/307 289/46/307 285/47/307
f 285/48/308 289/49/308 282/27/308
f 282/50/309 289/28/309 286/29/309
f 286/31/310 289/32/310 288/33/310 287/34/310
f 286/39/311 290/16/311 291/17/311
f 286/18/312 291/40/312 287/41/312
f 287/19/313 291/20/313 292/21/313 288/22/313
f 288/23/314 292/24/314 293/25/314 289/26/314
f 289/27/315 293/28/315 290/29/315 286/30/315
f 290/31/316 293/32/316 292/33/316 291/34/316
f 290/39/317 294/16/317 295/17/317
f 290/18/318 295/40/318 291/41/318
f 291/19/319 295/20/319 296/21/319 292/22/319
f 292/23/320 296/24/320 297/25/320 293/26/320
f 293/27/321 297/28/321 294/29/321 290/30/321
f 294/31/322 297/32/322 296/33/322 295/34/322
o BézierCurve.002
v -1.885375 -0.086125 -23.213287
v -1.885375 -1.138134 -20.304909
v -1.885376 -1.824983 -17.356232
v -1.885376 -2.198837 -14.326952
v -1.885376 -2.311862 -11.176769
v -1.885376 -2.216224 -7.865383
v -1.885377 -1.964089 -4.352492
v -1.885377 -1.607623 -0.597797
v -1.885377 -1.198990 3.439004
v -1.885378 -0.790358 7.798212
v -1.885378 -0.433892 12.520127
v -1.885378 -0.181757 17.645052
v -1.885379 -0.086118 23.213287
l 298 299
l 299 300
l 300 301
l 301 302
l 302 303
l 303 304
l 304 305
l 305 306
l 306 307
l 307 308
l 308 309
l 309 310
o Cylinder.001
o Cylinder.002
v 1.719065 0.065302 -23.564243
v 1.719065 -0.237552 -22.862329
v 1.715834 0.051026 -23.705936
v 1.715834 -0.251827 -23.004023
v 1.706263 0.037300 -23.842184
v 1.706263 -0.265554 -23.140270
v 1.690722 0.024649 -23.967751
v 1.690722 -0.278204 -23.265837
v 1.669807 0.013561 -24.077810
v 1.669807 -0.289293 -23.375898
v 1.644322 0.004461 -24.168135
v 1.644322 -0.298392 -23.466221
v 1.615246 -0.002300 -24.235250
v 1.615246 -0.305154 -23.533339
v 1.583696 -0.006464 -24.276581
v 1.583696 -0.309318 -23.574669
v 1.550886 -0.007870 -24.290537
v 1.550886 -0.310724 -23.588623
v 1.518076 -0.006464 -24.276581
v 1.518076 -0.309318 -23.574669
v 1.486527 -0.002300 -24.235250
v 1.486527 -0.305154 -23.533339
v 1.457451 0.004461 -24.168135
v 1.457451 -0.298392 -23.466221
v 1.431966 0.013561 -24.077810
v 1.431965 -0.289293 -23.375898
v 1.411050 0.024649 -23.967751
v 1.411050 -0.278204 -23.265837
v 1.395509 0.037300 -23.842184
v 1.395509 -0.265554 -23.140270
v 1.385939 0.051026 -23.705936
v 1.385939 -0.251827 -23.004023
v 1.382707 0.065302 -23.564243
v 1.382707 -0.237552 -22.862329
v 1.385939 0.079577 -23.422550
v 1.385939 -0.223277 -22.720636
v 1.395509 0.093303 -23.286303
v 1.395509 -0.209551 -22.584389
v 1.411050 0.105954 -23.160736
v 1.411050 -0.196900 -22.458824
v 1.431966 0.117042 -23.050676
v 1.431965 -0.185812 -22.348763
v 1.457451 0.126142 -22.960352
v 1.457451 -0.176712 -22.258438
v 1.486527 0.132904 -22.893234
v 1.486527 -0.169950 -22.191322
v 1.518076 0.137067 -22.851904
v 1.518076 -0.165786 -22.149992
v 1.550886 0.138473 -22.837950
v 1.550886 -0.164380 -22.136036
v 1.583696 0.137067 -22.851904
v 1.583696 -0.165786 -22.149992
v 1.615246 0.132904 -22.893234
v 1.615246 -0.169950 -22.191322
v 1.644322 0.126142 -22.960352
v 1.644322 -0.176712 -22.258438
v 1.669807 0.117042 -23.050676
v 1.669807 -0.185812 -22.348763
v 1.690722 0.105954 -23.160736
v 1.690722 -0.196900 -22.458824
v 1.706263 0.093303 -23.286303
v 1.706263 -0.209551 -22.584389
v 1.715834 0.079577 -23.422550
v 1.715834 -0.223277 -22.720636
v 1.719065 -0.249206 -22.743090
v 1.719065 -0.544048 -21.966663
v 1.715834 -0.264996 -22.881033
v 1.715834 -0.559839 -22.104609
v 1.706263 -0.280180 -23.013678
v 1.706263 -0.575022 -22.237251
v 1.690722 -0.294173 -23.135921
v 1.690722 -0.589016 -22.359497
v 1.669807 -0.306439 -23.243071
v 1.669807 -0.601281 -22.466644
v 1.644321 -0.316504 -23.331005
v 1.644321 -0.611347 -22.554579
v 1.615245 -0.323984 -23.396347
v 1.615245 -0.618826 -22.619921
v 1.583696 -0.328590 -23.436584
v 1.583696 -0.623432 -22.660158
v 1.550886 -0.330145 -23.450171
v 1.550886 -0.624988 -22.673744
v 1.518076 -0.328590 -23.436584
v 1.518076 -0.623432 -22.660158
v 1.486527 -0.323984 -23.396347
v 1.486527 -0.618826 -22.619921
v 1.457451 -0.316504 -23.331005
v 1.457451 -0.611347 -22.554579
v 1.431965 -0.306439 -23.243071
v 1.431965 -0.601281 -22.466644
v 1.411050 -0.294173 -23.135921
v 1.411050 -0.589016 -22.359497
v 1.395509 -0.280180 -23.013678
v 1.395509 -0.575022 -22.237251
v 1.385939 -0.264996 -22.881033
v 1.385938 -0.559838 -22.104609
v 1.382707 -0.249206 -22.743090
v 1.382707 -0.544048 -21.966663
v 1.385939 -0.233415 -22.605145
v 1.385938 -0.528257 -21.828718
v 1.395509 -0.218231 -22.472502
v 1.395509 -0.513074 -21.696075
v 1.411050 -0.204238 -22.350256
v 1.411050 -0.499080 -21.573830
v 1.431965 -0.191973 -22.243109
v 1.431965 -0.486815 -21.466681
v 1.457451 -0.181907 -22.155172
v 1.457451 -0.476749 -21.378746
v 1.486527 -0.174427 -22.089832
v 1.486527 -0.469269 -21.313406
v 1.518076 -0.169821 -22.049593
v 1.518076 -0.464664 -21.273169
v 1.550886 -0.168266 -22.036009
v 1.550886 -0.463108 -21.259581
v 1.583696 -0.169821 -22.049593
v 1.583696 -0.464664 -21.273169
v 1.615245 -0.174427 -22.089832
v 1.615245 -0.469269 -21.313406
v 1.644321 -0.181907 -22.155172
v 1.644321 -0.476749 -21.378746
v 1.669807 -0.191973 -22.243109
v 1.669807 -0.486815 -21.466681
v 1.690722 -0.204238 -22.350256
v 1.690722 -0.499080 -21.573830
v 1.706263 -0.218231 -22.472502
v 1.706263 -0.513074 -21.696075
v 1.715834 -0.233415 -22.605145
v 1.715834 -0.528257 -21.828718
v 1.719065 -0.564128 -21.921022
v 1.719065 -0.850128 -21.071909
v 1.715834 -0.581397 -22.054829
v 1.715834 -0.867397 -21.205717
v 1.706263 -0.598002 -22.183495
v 1.706263 -0.884002 -21.334381
v 1.690722 -0.613306 -22.302073
v 1.690722 -0.899306 -21.452961
v 1.669807 -0.626719 -22.406008
v 1.669807 -0.912719 -21.556896
v 1.644321 -0.637727 -22.491306
v 1.644321 -0.923727 -21.642193
v 1.615245 -0.645907 -22.554688
v 1.615245 -0.931907 -21.705576
v 1.583696 -0.650944 -22.593719
v 1.583696 -0.936944 -21.744606
v 1.550886 -0.652645 -22.606897
v 1.550886 -0.938645 -21.757784
v 1.518076 -0.650944 -22.593719
v 1.518076 -0.936944 -21.744606
v 1.486527 -0.645907 -22.554688
v 1.486527 -0.931907 -21.705576
v 1.457451 -0.637727 -22.491306
v 1.457451 -0.923727 -21.642193
v 1.431965 -0.626719 -22.406008
v 1.431965 -0.912719 -21.556896
v 1.411050 -0.613306 -22.302073
v 1.411050 -0.899306 -21.452961
v 1.395509 -0.598002 -22.183495
v 1.395509 -0.884002 -21.334381
v 1.385939 -0.581397 -22.054829
v 1.385938 -0.867397 -21.205717
v 1.382707 -0.564128 -21.921022
v 1.382707 -0.850128 -21.071909
v 1.385939 -0.546859 -21.787214
v 1.385938 -0.832859 -20.938101
v 1.395509 -0.530254 -21.658548
v 1.395509 -0.816254 -20.809435
v 1.411050 -0.514951 -21.539968
v 1.411050 -0.800951 -20.690857
v 1.431965 -0.501537 -21.436033
v 1.431965 -0.787537 -20.586922
v 1.457451 -0.490529 -21.350737
v 1.457451 -0.776529 -20.501623
v 1.486527 -0.482349 -21.287355
v 1.486527 -0.768349 -20.438244
v 1.518076 -0.477312 -21.248325
v 1.518076 -0.763312 -20.399212
v 1.550886 -0.475611 -21.235146
v 1.550886 -0.761611 -20.386034
v 1.583696 -0.477312 -21.248325
v 1.583696 -0.763312 -20.399212
v 1.615245 -0.482349 -21.287355
v 1.615245 -0.768349 -20.438244
v 1.644321 -0.490529 -21.350737
v 1.644321 -0.776529 -20.501623
v 1.669807 -0.501537 -21.436033
v 1.669807 -0.787537 -20.586922
v 1.690722 -0.514951 -21.539968
v 1.690722 -0.800951 -20.690857
v 1.706263 -0.530254 -21.658548
v 1.706263 -0.816254 -20.809435
v 1.715834 -0.546859 -21.787214
v 1.715834 -0.832859 -20.938101
v 1.719065 -0.879432 -21.097740
v 1.719065 -1.155828 -20.178368
v 1.715834 -0.898129 -21.227057
v 1.715834 -1.174525 -20.307682
v 1.706263 -0.916109 -21.351400
v 1.706263 -1.192505 -20.432028
v 1.690722 -0.932678 -21.465998
v 1.690722 -1.209074 -20.546623
v 1.669807 -0.947202 -21.566441
v 1.669807 -1.223598 -20.647068
v 1.644321 -0.959121 -21.648876
v 1.644321 -1.235517 -20.729502
v 1.615245 -0.967978 -21.710129
v 1.615245 -1.244374 -20.790756
v 1.583696 -0.973431 -21.747849
v 1.583696 -1.249828 -20.828474
v 1.550886 -0.975273 -21.760586
v 1.550886 -1.251669 -20.841211
v 1.518076 -0.973431 -21.747849
v 1.518076 -1.249828 -20.828474
v 1.486527 -0.967978 -21.710129
v 1.486526 -1.244374 -20.790756
v 1.457451 -0.959121 -21.648876
v 1.457451 -1.235517 -20.729504
v 1.431965 -0.947202 -21.566441
v 1.431965 -1.223598 -20.647068
v 1.411050 -0.932678 -21.465998
v 1.411050 -1.209074 -20.546625
v 1.395509 -0.916109 -21.351400
v 1.395509 -1.192505 -20.432028
v 1.385938 -0.898129 -21.227057
v 1.385938 -1.174525 -20.307682
v 1.382707 -0.879432 -21.097740
v 1.382707 -1.155828 -20.178368
v 1.385938 -0.860734 -20.968428
v 1.385938 -1.137130 -20.049053
v 1.395509 -0.842755 -20.844082
v 1.395509 -1.119151 -19.924709
v 1.411050 -0.826185 -20.729486
v 1.411050 -1.102581 -19.810112
v 1.431965 -0.811662 -20.629040
v 1.431965 -1.088058 -19.709667
v 1.457451 -0.799743 -20.546608
v 1.457451 -1.076138 -19.627234
v 1.486527 -0.790886 -20.485353
v 1.486526 -1.067282 -19.565981
v 1.518076 -0.785432 -20.447634
v 1.518076 -1.061828 -19.528259
v 1.550886 -0.783590 -20.434898
v 1.550886 -1.059986 -19.515524
v 1.583696 -0.785432 -20.447634
v 1.583696 -1.061828 -19.528259
v 1.615245 -0.790886 -20.485353
v 1.615245 -1.067282 -19.565981
v 1.644321 -0.799743 -20.546606
v 1.644321 -1.076138 -19.627234
v 1.669807 -0.811662 -20.629040
v 1.669807 -1.088058 -19.709667
v 1.690722 -0.826185 -20.729485
v 1.690722 -1.102581 -19.810112
v 1.706263 -0.842755 -20.844082
v 1.706263 -1.119151 -19.924709
v 1.715834 -0.860734 -20.968428
v 1.715834 -1.137130 -20.049053
v 1.719065 -1.171541 -20.115179
v 1.719065 -1.431535 -19.091637
v 1.715834 -1.192357 -20.236818
v 1.715833 -1.452351 -19.213278
v 1.706263 -1.212373 -20.353785
v 1.706263 -1.472368 -19.330242
v 1.690722 -1.230821 -20.461582
v 1.690722 -1.490815 -19.438040
v 1.669807 -1.246989 -20.556067
v 1.669806 -1.506984 -19.532524
v 1.644321 -1.260259 -20.633606
v 1.644321 -1.520253 -19.610065
v 1.615245 -1.270119 -20.691225
v 1.615245 -1.530113 -19.667683
v 1.583696 -1.276191 -20.726707
v 1.583696 -1.536185 -19.703165
v 1.550886 -1.278241 -20.738688
v 1.550886 -1.538235 -19.715147
v 1.518076 -1.276191 -20.726707
v 1.518076 -1.536185 -19.703165
v 1.486526 -1.270119 -20.691225
v 1.486526 -1.530113 -19.667683
v 1.457451 -1.260259 -20.633608
v 1.457451 -1.520253 -19.610065
v 1.431965 -1.246989 -20.556067
v 1.431965 -1.506984 -19.532524
v 1.411050 -1.230821 -20.461582
v 1.411050 -1.490815 -19.438040
v 1.395509 -1.212373 -20.353785
v 1.395509 -1.472368 -19.330242
v 1.385938 -1.192357 -20.236818
v 1.385938 -1.452351 -19.213278
v 1.382707 -1.171541 -20.115179
v 1.382707 -1.431535 -19.091637
v 1.385938 -1.150725 -19.993538
v 1.385938 -1.410719 -18.969995
v 1.395509 -1.130708 -19.876572
v 1.395509 -1.390702 -18.853031
v 1.411050 -1.112261 -19.768776
v 1.411050 -1.372255 -18.745234
v 1.431965 -1.096092 -19.674292
v 1.431965 -1.356086 -18.650749
v 1.457451 -1.082823 -19.596750
v 1.457451 -1.342817 -18.573208
v 1.486526 -1.072962 -19.539131
v 1.486526 -1.332957 -18.515591
v 1.518076 -1.066891 -19.503649
v 1.518076 -1.326885 -18.480108
v 1.550886 -1.064840 -19.491669
v 1.550886 -1.324834 -18.468126
v 1.583696 -1.066891 -19.503649
v 1.583696 -1.326885 -18.480108
v 1.615245 -1.072962 -19.539131
v 1.615245 -1.332957 -18.515591
v 1.644321 -1.082823 -19.596748
v 1.644321 -1.342817 -18.573208
v 1.669807 -1.096092 -19.674290
v 1.669807 -1.356086 -18.650749
v 1.690722 -1.112261 -19.768776
v 1.690722 -1.372255 -18.745234
v 1.706263 -1.130708 -19.876572
v 1.706263 -1.390702 -18.853031
v 1.715834 -1.150725 -19.993538
v 1.715833 -1.410719 -18.969995
v 1.719065 -1.449914 -19.028589
v 1.719065 -1.687245 -17.885382
v 1.715834 -1.473164 -19.139626
v 1.715833 -1.710495 -17.996420
v 1.706263 -1.495520 -19.246397
v 1.706263 -1.732852 -18.103189
v 1.690722 -1.516124 -19.344795
v 1.690722 -1.753455 -18.201590
v 1.669807 -1.534183 -19.431046
v 1.669806 -1.771515 -18.287838
v 1.644321 -1.549004 -19.501827
v 1.644321 -1.786336 -18.358622
v 1.615245 -1.560017 -19.554422
v 1.615245 -1.797348 -18.411219
v 1.583696 -1.566799 -19.586811
v 1.583696 -1.804130 -18.443605
v 1.550886 -1.569089 -19.597748
v 1.550886 -1.806420 -18.454542
v 1.518076 -1.566799 -19.586811
v 1.518076 -1.804130 -18.443605
v 1.486526 -1.560017 -19.554422
v 1.486526 -1.797348 -18.411219
v 1.457451 -1.549004 -19.501827
v 1.457451 -1.786336 -18.358622
v 1.431965 -1.534183 -19.431046
v 1.431965 -1.771515 -18.287838
v 1.411050 -1.516124 -19.344795
v 1.411050 -1.753455 -18.201590
v 1.395509 -1.495520 -19.246397
v 1.395509 -1.732852 -18.103191
v 1.385938 -1.473164 -19.139626
v 1.385938 -1.710495 -17.996420
v 1.382707 -1.449914 -19.028589
v 1.382707 -1.687245 -17.885382
v 1.385938 -1.426664 -18.917549
v 1.385938 -1.663995 -17.774343
v 1.395509 -1.404307 -18.810781
v 1.395509 -1.641639 -17.667574
v 1.411050 -1.383704 -18.712379
v 1.411050 -1.621035 -17.569174
v 1.431965 -1.365644 -18.626131
v 1.431965 -1.602976 -17.482925
v 1.457451 -1.350823 -18.555349
v 1.457451 -1.588155 -17.412142
v 1.486526 -1.339810 -18.502752
v 1.486526 -1.577142 -17.359547
v 1.518076 -1.333029 -18.470364
v 1.518076 -1.570360 -17.327158
v 1.550886 -1.330739 -18.459429
v 1.550886 -1.568070 -17.316223
v 1.583696 -1.333029 -18.470364
v 1.583696 -1.570360 -17.327158
v 1.615245 -1.339810 -18.502752
v 1.615245 -1.577142 -17.359547
v 1.644321 -1.350823 -18.555349
v 1.644321 -1.588155 -17.412142
v 1.669807 -1.365644 -18.626131
v 1.669807 -1.602976 -17.482925
v 1.690722 -1.383704 -18.712379
v 1.690722 -1.621035 -17.569174
v 1.706263 -1.404308 -18.810780
v 1.706263 -1.641639 -17.667574
v 1.715834 -1.426664 -18.917549
v 1.715833 -1.663995 -17.774343
v 1.719065 -1.726351 -17.923925
v 1.719065 -1.938160 -16.670679
v 1.715833 -1.751839 -18.023024
v 1.715833 -1.963648 -16.769777
v 1.706263 -1.776347 -18.118311
v 1.706263 -1.988156 -16.865067
v 1.690722 -1.798934 -18.206131
v 1.690722 -2.010743 -16.952885
v 1.669806 -1.818732 -18.283102
v 1.669806 -2.030541 -17.029858
v 1.644321 -1.834979 -18.346273
v 1.644321 -2.046788 -17.093029
v 1.615245 -1.847052 -18.393213
v 1.615245 -2.058861 -17.139969
v 1.583696 -1.854487 -18.422119
v 1.583696 -2.066296 -17.168875
v 1.550886 -1.856997 -18.431881
v 1.550886 -2.068806 -17.178635
v 1.518076 -1.854487 -18.422119
v 1.518076 -2.066296 -17.168875
v 1.486526 -1.847052 -18.393213
v 1.486526 -2.058861 -17.139969
v 1.457451 -1.834979 -18.346273
v 1.457450 -2.046788 -17.093029
v 1.431965 -1.818732 -18.283104
v 1.431965 -2.030541 -17.029858
v 1.411050 -1.798934 -18.206131
v 1.411050 -2.010743 -16.952885
v 1.395509 -1.776347 -18.118311
v 1.395508 -1.988156 -16.865067
v 1.385938 -1.751839 -18.023024
v 1.385938 -1.963648 -16.769777
v 1.382707 -1.726351 -17.923927
v 1.382707 -1.938160 -16.670681
v 1.385938 -1.700863 -17.824829
v 1.385938 -1.912672 -16.571583
v 1.395509 -1.676355 -17.729540
v 1.395509 -1.888164 -16.476295
v 1.411050 -1.653767 -17.641722
v 1.411050 -1.865577 -16.388475
v 1.431965 -1.633970 -17.564747
v 1.431965 -1.845779 -16.311504
v 1.457451 -1.617722 -17.501577
v 1.457450 -1.829532 -16.248333
v 1.486526 -1.605649 -17.454638
v 1.486526 -1.817459 -16.201393
v 1.518076 -1.598215 -17.425732
v 1.518076 -1.810024 -16.172487
v 1.550886 -1.595704 -17.415972
v 1.550886 -1.807514 -16.162725
v 1.583696 -1.598215 -17.425732
v 1.583696 -1.810024 -16.172487
v 1.615245 -1.605649 -17.454638
v 1.615245 -1.817459 -16.201393
v 1.644321 -1.617722 -17.501577
v 1.644321 -1.829532 -16.248333
v 1.669807 -1.633970 -17.564747
v 1.669806 -1.845779 -16.311502
v 1.690722 -1.653767 -17.641722
v 1.690722 -1.865577 -16.388475
v 1.706263 -1.676355 -17.729540
v 1.706263 -1.888164 -16.476295
v 1.715833 -1.700863 -17.824829
v 1.715833 -1.912672 -16.571583
v 1.719065 -1.931628 -16.519144
v 1.719065 -2.097996 -15.117014
v 1.715833 -1.960144 -16.596979
v 1.715833 -2.126511 -15.194850
v 1.706263 -1.987564 -16.671824
v 1.706263 -2.153931 -15.269696
v 1.690722 -2.012834 -16.740803
v 1.690722 -2.179201 -15.338673
v 1.669806 -2.034984 -16.801260
v 1.669806 -2.201351 -15.399133
v 1.644321 -2.053161 -16.850880
v 1.644321 -2.219529 -15.448751
v 1.615245 -2.066669 -16.887749
v 1.615245 -2.233036 -15.485620
v 1.583696 -2.074986 -16.910454
v 1.583696 -2.241354 -15.508324
v 1.550886 -2.077795 -16.918119
v 1.550886 -2.244162 -15.515990
v 1.518076 -2.074986 -16.910454
v 1.518075 -2.241354 -15.508324
v 1.486526 -2.066669 -16.887749
v 1.486526 -2.233036 -15.485620
v 1.457450 -2.053161 -16.850880
v 1.457450 -2.219529 -15.448751
v 1.431965 -2.034984 -16.801262
v 1.431965 -2.201351 -15.399133
v 1.411050 -2.012834 -16.740803
v 1.411050 -2.179201 -15.338674
v 1.395508 -1.987564 -16.671824
v 1.395508 -2.153931 -15.269696
v 1.385938 -1.960144 -16.596979
v 1.385938 -2.126511 -15.194850
v 1.382707 -1.931628 -16.519144
v 1.382706 -2.097996 -15.117014
v 1.385938 -1.903113 -16.441307
v 1.385938 -2.069480 -15.039179
v 1.395508 -1.875692 -16.366461
v 1.395508 -2.042060 -14.964333
v 1.411050 -1.850422 -16.297483
v 1.411050 -2.016789 -14.895355
v 1.431965 -1.828273 -16.237024
v 1.431965 -1.994640 -14.834896
v 1.457450 -1.810095 -16.187407
v 1.457450 -1.976462 -14.785277
v 1.486526 -1.796588 -16.150537
v 1.486526 -1.962955 -14.748408
v 1.518076 -1.788270 -16.127832
v 1.518076 -1.954637 -14.725703
v 1.550886 -1.785461 -16.120167
v 1.550886 -1.951828 -14.718037
v 1.583696 -1.788270 -16.127832
v 1.583696 -1.954637 -14.725703
v 1.615245 -1.796588 -16.150537
v 1.615245 -1.962955 -14.748408
v 1.644321 -1.810095 -16.187407
v 1.644321 -1.976462 -14.785277
v 1.669806 -1.828273 -16.237024
v 1.669806 -1.994640 -14.834894
v 1.690722 -1.850422 -16.297483
v 1.690722 -2.016789 -14.895355
v 1.706263 -1.875692 -16.366461
v 1.706263 -2.042060 -14.964333
v 1.715833 -1.903113 -16.441307
v 1.715833 -2.069480 -15.039177
v 1.719065 -2.139111 -15.095551
v 1.719065 -2.255626 -13.582150
v 1.715833 -2.169889 -15.150064
v 1.715833 -2.286405 -13.636662
v 1.706263 -2.199485 -15.202481
v 1.706263 -2.316001 -13.689081
v 1.690722 -2.226761 -15.250791
v 1.690721 -2.343277 -13.737390
v 1.669806 -2.250668 -15.293133
v 1.669806 -2.367184 -13.779733
v 1.644321 -2.270288 -15.327884
v 1.644321 -2.386804 -13.814484
v 1.615245 -2.284868 -15.353705
v 1.615245 -2.401384 -13.840305
v 1.583696 -2.293846 -15.369607
v 1.583696 -2.410361 -13.856206
v 1.550886 -2.296877 -15.374974
v 1.550885 -2.413393 -13.861574
v 1.518075 -2.293845 -15.369607
v 1.518075 -2.410361 -13.856206
v 1.486526 -2.284868 -15.353705
v 1.486526 -2.401383 -13.840305
v 1.457450 -2.270288 -15.327884
v 1.457450 -2.386804 -13.814484
v 1.431965 -2.250668 -15.293135
v 1.431965 -2.367184 -13.779734
v 1.411050 -2.226761 -15.250791
v 1.411050 -2.343277 -13.737390
v 1.395508 -2.199485 -15.202481
v 1.395508 -2.316001 -13.689081
v 1.385938 -2.169889 -15.150064
v 1.385938 -2.286405 -13.636664
v 1.382707 -2.139111 -15.095551
v 1.382706 -2.255626 -13.582150
v 1.385938 -2.108332 -15.041039
v 1.385938 -2.224847 -13.527637
v 1.395508 -2.078736 -14.988620
v 1.395508 -2.195251 -13.475220
v 1.411050 -2.051460 -14.940311
v 1.411050 -2.167976 -13.426910
v 1.431965 -2.027553 -14.897968
v 1.431965 -2.144068 -13.384568
v 1.457450 -2.007933 -14.863217
v 1.457450 -2.124448 -13.349817
v 1.486526 -1.993353 -14.837396
v 1.486526 -2.109869 -13.323996
v 1.518076 -1.984375 -14.821495
v 1.518075 -2.100891 -13.308095
v 1.550886 -1.981344 -14.816127
v 1.550886 -2.097860 -13.302727
v 1.583696 -1.984375 -14.821495
v 1.583696 -2.100891 -13.308095
v 1.615245 -1.993353 -14.837396
v 1.615245 -2.109869 -13.323996
v 1.644321 -2.007933 -14.863217
v 1.644321 -2.124448 -13.349817
v 1.669806 -2.027553 -14.897967
v 1.669806 -2.144068 -13.384566
v 1.690722 -2.051460 -14.940311
v 1.690721 -2.167976 -13.426910
v 1.706263 -2.078736 -14.988620
v 1.706263 -2.195251 -13.475220
v 1.715833 -2.108332 -15.041037
v 1.715833 -2.224848 -13.527637
v 1.719065 -2.230167 -13.441122
v 1.719065 -2.288091 -11.851938
v 1.715833 -2.262487 -13.468223
v 1.715833 -2.320410 -11.879038
v 1.706263 -2.293565 -13.494282
v 1.706263 -2.351489 -11.905097
v 1.690721 -2.322206 -13.518297
v 1.690721 -2.380130 -11.929112
v 1.669806 -2.347311 -13.539348
v 1.669806 -2.405235 -11.950163
v 1.644321 -2.367914 -13.556623
v 1.644321 -2.425838 -11.967438
v 1.615245 -2.383223 -13.569460
v 1.615245 -2.441147 -11.980275
v 1.583696 -2.392650 -13.577364
v 1.583695 -2.450574 -11.988180
v 1.550885 -2.395833 -13.580033
v 1.550885 -2.453757 -11.990849
v 1.518075 -2.392650 -13.577364
v 1.518075 -2.450574 -11.988180
v 1.486526 -2.383223 -13.569460
v 1.486526 -2.441147 -11.980275
v 1.457450 -2.367913 -13.556623
v 1.457450 -2.425837 -11.967439
v 1.431965 -2.347311 -13.539348
v 1.431965 -2.405235 -11.950163
v 1.411050 -2.322206 -13.518297
v 1.411050 -2.380130 -11.929113
v 1.395508 -2.293565 -13.494282
v 1.395508 -2.351488 -11.905097
v 1.385938 -2.262487 -13.468224
v 1.385938 -2.320410 -11.879039
v 1.382706 -2.230167 -13.441124
v 1.382706 -2.288090 -11.851938
v 1.385938 -2.197847 -13.414023
v 1.385938 -2.255770 -11.824838
v 1.395508 -2.166769 -13.387964
v 1.395508 -2.224693 -11.798779
v 1.411050 -2.138127 -13.363949
v 1.411050 -2.196051 -11.774764
v 1.431965 -2.113023 -13.342898
v 1.431965 -2.170947 -11.753714
v 1.457450 -2.092420 -13.325624
v 1.457450 -2.150344 -11.736439
v 1.486526 -2.077111 -13.312786
v 1.486526 -2.135035 -11.723601
v 1.518075 -2.067683 -13.304882
v 1.518075 -2.125607 -11.715696
v 1.550886 -2.064500 -13.302213
v 1.550885 -2.122424 -11.713028
v 1.583696 -2.067683 -13.304880
v 1.583696 -2.125607 -11.715696
v 1.615245 -2.077111 -13.312786
v 1.615245 -2.135035 -11.723601
v 1.644321 -2.092420 -13.325624
v 1.644321 -2.150344 -11.736439
v 1.669806 -2.113023 -13.342898
v 1.669806 -2.170947 -11.753714
v 1.690722 -2.138127 -13.363949
v 1.690721 -2.196051 -11.774764
v 1.706263 -2.166769 -13.387964
v 1.706263 -2.224693 -11.798779
v 1.715833 -2.197847 -13.414022
v 1.715833 -2.255771 -11.824838
v 1.719064 -2.305445 -11.757980
v 1.719064 -2.305258 -10.144694
v 1.715833 -2.338256 -11.757893
v 1.715833 -2.338068 -10.144607
v 1.706263 -2.369805 -11.757808
v 1.706262 -2.369617 -10.144522
v 1.690721 -2.398881 -11.757730
v 1.690721 -2.398694 -10.144444
v 1.669806 -2.424366 -11.757663
v 1.669806 -2.424179 -10.144377
v 1.644321 -2.445281 -11.757607
v 1.644321 -2.445094 -10.144320
v 1.615245 -2.460823 -11.757565
v 1.615245 -2.460635 -10.144279
v 1.583695 -2.470393 -11.757540
v 1.583695 -2.470206 -10.144254
v 1.550885 -2.473624 -11.757531
v 1.550885 -2.473437 -10.144245
v 1.518075 -2.470393 -11.757540
v 1.518075 -2.470206 -10.144254
v 1.486526 -2.460823 -11.757565
v 1.486526 -2.460635 -10.144279
v 1.457450 -2.445281 -11.757607
v 1.457450 -2.445094 -10.144321
v 1.431965 -2.424366 -11.757663
v 1.431965 -2.424179 -10.144377
v 1.411049 -2.398881 -11.757731
v 1.411049 -2.398693 -10.144444
v 1.395508 -2.369805 -11.757809
v 1.395508 -2.369617 -10.144523
v 1.385938 -2.338256 -11.757893
v 1.385938 -2.338068 -10.144608
v 1.382706 -2.305445 -11.757980
v 1.382706 -2.305258 -10.144694
v 1.385938 -2.272635 -11.758068
v 1.385938 -2.272448 -10.144782
v 1.395508 -2.241086 -11.758153
v 1.395508 -2.240899 -10.144867
v 1.411050 -2.212010 -11.758230
v 1.411049 -2.211823 -10.144944
v 1.431965 -2.186525 -11.758298
v 1.431965 -2.186337 -10.145012
v 1.457450 -2.165610 -11.758354
v 1.457450 -2.165422 -10.145068
v 1.486526 -2.150068 -11.758395
v 1.486526 -2.149881 -10.145109
v 1.518075 -2.140498 -11.758421
v 1.518075 -2.140311 -10.145135
v 1.550885 -2.137266 -11.758430
v 1.550885 -2.137079 -10.145144
v 1.583696 -2.140498 -11.758421
v 1.583695 -2.140311 -10.145135
v 1.615245 -2.150068 -11.758395
v 1.615245 -2.149881 -10.145109
v 1.644321 -2.165610 -11.758353
v 1.644321 -2.165422 -10.145067
v 1.669806 -2.186525 -11.758298
v 1.669806 -2.186337 -10.145012
v 1.690721 -2.212010 -11.758229
v 1.690721 -2.211823 -10.144943
v 1.706263 -2.241086 -11.758152
v 1.706263 -2.240899 -10.144866
v 1.715833 -2.272635 -11.758067
v 1.715833 -2.272448 -10.144782
v 1.719064 -2.277954 -10.048499
v 1.719064 -2.234397 -8.448797
v 1.715833 -2.310488 -10.028121
v 1.715833 -2.266931 -8.428418
v 1.706262 -2.341772 -10.008526
v 1.706262 -2.298215 -8.408823
v 1.690721 -2.370603 -9.990466
v 1.690721 -2.327046 -8.390763
v 1.669806 -2.395873 -9.974637
v 1.669806 -2.352316 -8.374935
v 1.644321 -2.416613 -9.961647
v 1.644320 -2.373056 -8.361944
v 1.615245 -2.432023 -9.951994
v 1.615244 -2.388466 -8.352291
v 1.583695 -2.441513 -9.946050
v 1.583695 -2.397956 -8.346347
v 1.550885 -2.444717 -9.944042
v 1.550885 -2.401160 -8.344340
v 1.518075 -2.441513 -9.946050
v 1.518075 -2.397956 -8.346347
v 1.486526 -2.432023 -9.951994
v 1.486526 -2.388466 -8.352291
v 1.457450 -2.416613 -9.961647
v 1.457450 -2.373056 -8.361944
v 1.431965 -2.395873 -9.974638
v 1.431964 -2.352316 -8.374935
v 1.411049 -2.370603 -9.990467
v 1.411049 -2.327046 -8.390764
v 1.395508 -2.341772 -10.008526
v 1.395508 -2.298215 -8.408823
v 1.385938 -2.310488 -10.028121
v 1.385937 -2.266931 -8.428419
v 1.382706 -2.277954 -10.048499
v 1.382706 -2.234397 -8.448798
v 1.385938 -2.245420 -10.068878
v 1.385938 -2.201863 -8.469176
v 1.395508 -2.214137 -10.088473
v 1.395508 -2.170580 -8.488770
v 1.411049 -2.185305 -10.106533
v 1.411049 -2.141748 -8.506830
v 1.431965 -2.160035 -10.122361
v 1.431965 -2.116478 -8.522659
v 1.457450 -2.139296 -10.135352
v 1.457450 -2.095739 -8.535649
v 1.486526 -2.123885 -10.145005
v 1.486526 -2.080328 -8.545302
v 1.518075 -2.114395 -10.150949
v 1.518075 -2.070838 -8.551247
v 1.550885 -2.111191 -10.152956
v 1.550885 -2.067634 -8.553254
v 1.583695 -2.114395 -10.150949
v 1.583695 -2.070838 -8.551247
v 1.615245 -2.123885 -10.145005
v 1.615245 -2.080328 -8.545302
v 1.644321 -2.139296 -10.135352
v 1.644321 -2.095739 -8.535649
v 1.669806 -2.160035 -10.122361
v 1.669806 -2.116478 -8.522659
v 1.690721 -2.185306 -10.106532
v 1.690721 -2.141749 -8.506829
v 1.706262 -2.214137 -10.088473
v 1.706262 -2.170580 -8.488770
v 1.715833 -2.245420 -10.068877
v 1.715833 -2.201863 -8.469175
v 1.719064 -2.235482 -8.342603
v 1.719064 -2.153199 -6.778332
v 1.715833 -2.267295 -8.304107
v 1.715833 -2.185012 -6.739835
v 1.706262 -2.297885 -8.267089
v 1.706262 -2.215603 -6.702818
v 1.690721 -2.326078 -8.232974
v 1.690721 -2.243796 -6.668704
v 1.669806 -2.350789 -8.203073
v 1.669806 -2.268507 -6.638801
v 1.644320 -2.371068 -8.178533
v 1.644320 -2.288786 -6.614261
v 1.615244 -2.386137 -8.160297
v 1.615244 -2.303855 -6.596026
v 1.583695 -2.395417 -8.149068
v 1.583695 -2.313135 -6.584797
v 1.550885 -2.398551 -8.145277
v 1.550885 -2.316268 -6.581006
v 1.518075 -2.395417 -8.149068
v 1.518075 -2.313135 -6.584798
v 1.486526 -2.386137 -8.160297
v 1.486526 -2.303855 -6.596027
v 1.457450 -2.371068 -8.178533
v 1.457450 -2.288786 -6.614262
v 1.431964 -2.350789 -8.203073
v 1.431964 -2.268506 -6.638802
v 1.411049 -2.326078 -8.232975
v 1.411049 -2.243795 -6.668705
v 1.395508 -2.297885 -8.267090
v 1.395508 -2.215603 -6.702819
v 1.385937 -2.267295 -8.304108
v 1.385937 -2.185012 -6.739836
v 1.382706 -2.235481 -8.342604
v 1.382706 -2.153199 -6.778333
v 1.385938 -2.203668 -8.381100
v 1.385937 -2.121386 -6.816829
v 1.395508 -2.173077 -8.418117
v 1.395508 -2.090795 -6.853847
v 1.411049 -2.144885 -8.452231
v 1.411049 -2.062602 -6.887961
v 1.431965 -2.120174 -8.482134
v 1.431965 -2.037891 -6.917863
v 1.457450 -2.099894 -8.506674
v 1.457450 -2.017612 -6.942403
v 1.486526 -2.084825 -8.524909
v 1.486526 -2.002542 -6.960638
v 1.518075 -2.075545 -8.536139
v 1.518075 -1.993263 -6.971867
v 1.550885 -2.072412 -8.539929
v 1.550885 -1.990130 -6.975659
v 1.583695 -2.075545 -8.536138
v 1.583695 -1.993263 -6.971867
v 1.615245 -2.084825 -8.524908
v 1.615244 -2.002542 -6.960638
v 1.644321 -2.099894 -8.506674
v 1.644320 -2.017612 -6.942403
v 1.669806 -2.120174 -8.482134
v 1.669806 -2.037891 -6.917863
v 1.690721 -2.144885 -8.452231
v 1.690721 -2.062603 -6.887961
v 1.706262 -2.173077 -8.418116
v 1.706262 -2.090795 -6.853846
v 1.715833 -2.203668 -8.381100
v 1.715833 -2.121386 -6.816828
v 1.719064 -2.129658 -6.702287
v 1.719064 -2.025708 -5.167975
v 1.715833 -2.160862 -6.653654
v 1.715832 -2.056912 -5.119341
v 1.706262 -2.190866 -6.606888
v 1.706262 -2.086917 -5.072577
v 1.690721 -2.218519 -6.563790
v 1.690721 -2.114569 -5.029478
v 1.669806 -2.242757 -6.526014
v 1.669805 -2.138807 -4.991702
v 1.644320 -2.262648 -6.495012
v 1.644320 -2.158699 -4.960700
v 1.615244 -2.277429 -6.471975
v 1.615244 -2.173479 -4.937663
v 1.583695 -2.286530 -6.457789
v 1.583695 -2.182581 -4.923477
v 1.550885 -2.289604 -6.452999
v 1.550885 -2.185654 -4.918687
v 1.518075 -2.286530 -6.457789
v 1.518075 -2.182581 -4.923477
v 1.486526 -2.277429 -6.471975
v 1.486526 -2.173479 -4.937663
v 1.457450 -2.262648 -6.495012
v 1.457450 -2.158699 -4.960700
v 1.431964 -2.242757 -6.526015
v 1.431964 -2.138807 -4.991702
v 1.411049 -2.218519 -6.563791
v 1.411049 -2.114569 -5.029479
v 1.395508 -2.190866 -6.606889
v 1.395508 -2.086917 -5.072577
v 1.385937 -2.160861 -6.653654
v 1.385937 -2.056912 -5.119342
v 1.382706 -2.129658 -6.702288
v 1.382706 -2.025708 -5.167975
v 1.385937 -2.098454 -6.750922
v 1.385937 -1.994504 -5.216609
v 1.395508 -2.068449 -6.797686
v 1.395508 -1.964499 -5.263374
v 1.411049 -2.040796 -6.840785
v 1.411049 -1.936846 -5.306473
v 1.431965 -2.016558 -6.878561
v 1.431964 -1.912609 -5.344249
v 1.457450 -1.996667 -6.909564
v 1.457450 -1.892717 -5.375251
v 1.486526 -1.981887 -6.932600
v 1.486526 -1.877937 -5.398288
v 1.518075 -1.972785 -6.946785
v 1.518075 -1.868835 -5.412474
v 1.550885 -1.969711 -6.951576
v 1.550885 -1.865762 -5.417264
v 1.583695 -1.972785 -6.946785
v 1.583695 -1.868835 -5.412474
v 1.615245 -1.981887 -6.932600
v 1.615244 -1.877937 -5.398288
v 1.644320 -1.996667 -6.909563
v 1.644320 -1.892718 -5.375251
v 1.669806 -2.016558 -6.878561
v 1.669806 -1.912609 -5.344248
v 1.690721 -2.040796 -6.840784
v 1.690721 -1.936847 -5.306472
v 1.706262 -2.068449 -6.797686
v 1.706262 -1.964499 -5.263373
v 1.715833 -2.098454 -6.750921
v 1.715833 -1.994504 -5.216609
v 1.719064 -2.022583 -5.060472
v 1.719064 -1.897795 -3.562319
v 1.715832 -2.053051 -5.002089
v 1.715832 -1.928264 -3.503936
v 1.706262 -2.082349 -4.945950
v 1.706262 -1.957561 -3.447796
v 1.690721 -2.109350 -4.894211
v 1.690721 -1.984562 -3.396058
v 1.669805 -2.133017 -4.848862
v 1.669805 -2.008229 -3.350709
v 1.644320 -2.152439 -4.811645
v 1.644320 -2.027652 -3.313492
v 1.615244 -2.166872 -4.783990
v 1.615244 -2.042084 -3.285837
v 1.583695 -2.175759 -4.766961
v 1.583695 -2.050971 -3.268808
v 1.550885 -2.178760 -4.761211
v 1.550885 -2.053972 -3.263058
v 1.518075 -2.175759 -4.766961
v 1.518075 -2.050971 -3.268808
v 1.486525 -2.166871 -4.783991
v 1.486525 -2.042084 -3.285838
v 1.457449 -2.152439 -4.811646
v 1.457449 -2.027651 -3.313493
v 1.431964 -2.133016 -4.848863
v 1.431964 -2.008229 -3.350710
v 1.411049 -2.109350 -4.894212
v 1.411049 -1.984562 -3.396059
v 1.395508 -2.082349 -4.945950
v 1.395507 -1.957561 -3.447797
v 1.385937 -2.053051 -5.002090
v 1.385937 -1.928264 -3.503937
v 1.382706 -2.022583 -5.060473
v 1.382706 -1.897795 -3.562320
v 1.385937 -1.992114 -5.118856
v 1.385937 -1.867326 -3.620703
v 1.395508 -1.962816 -5.174995
v 1.395508 -1.838028 -3.676842
v 1.411049 -1.935815 -5.226734
v 1.411049 -1.811028 -3.728580
v 1.431964 -1.912149 -5.272082
v 1.431964 -1.787361 -3.773929
v 1.457450 -1.892726 -5.309299
v 1.457450 -1.767938 -3.811146
v 1.486526 -1.878294 -5.336954
v 1.486526 -1.753506 -3.838801
v 1.518075 -1.869407 -5.353983
v 1.518075 -1.744619 -3.855830
v 1.550885 -1.866406 -5.359734
v 1.550885 -1.741618 -3.861581
v 1.583695 -1.869407 -5.353983
v 1.583695 -1.744619 -3.855830
v 1.615244 -1.878294 -5.336954
v 1.615244 -1.753506 -3.838801
v 1.644320 -1.892726 -5.309299
v 1.644320 -1.767938 -3.811146
v 1.669806 -1.912149 -5.272082
v 1.669805 -1.787361 -3.773929
v 1.690721 -1.935815 -5.226733
v 1.690721 -1.811028 -3.728580
v 1.706262 -1.962816 -5.174994
v 1.706262 -1.838029 -3.676841
v 1.715832 -1.992114 -5.118855
v 1.715832 -1.867326 -3.620702
v 1.719064 -1.877959 -3.488331
v 1.719064 -1.745374 -2.005666
v 1.715832 -1.908113 -3.426301
v 1.715832 -1.775528 -1.943635
v 1.706262 -1.937108 -3.366653
v 1.706262 -1.804523 -1.883988
v 1.690721 -1.963830 -3.311682
v 1.690720 -1.831245 -1.829017
v 1.669805 -1.987252 -3.263499
v 1.669805 -1.854667 -1.780834
v 1.644320 -2.006474 -3.223957
v 1.644320 -1.873888 -1.741292
v 1.615244 -2.020756 -3.194574
v 1.615244 -1.888171 -1.711909
v 1.583695 -2.029552 -3.176481
v 1.583695 -1.896967 -1.693815
v 1.550885 -2.032522 -3.170371
v 1.550884 -1.899937 -1.687706
v 1.518075 -2.029552 -3.176481
v 1.518074 -1.896967 -1.693815
v 1.486525 -2.020756 -3.194575
v 1.486525 -1.888171 -1.711909
v 1.457449 -2.006474 -3.223957
v 1.457449 -1.873888 -1.741292
v 1.431964 -1.987252 -3.263500
v 1.431964 -1.854666 -1.780835
v 1.411049 -1.963830 -3.311683
v 1.411049 -1.831245 -1.829017
v 1.395507 -1.937108 -3.366654
v 1.395507 -1.804523 -1.883989
v 1.385937 -1.908113 -3.426301
v 1.385937 -1.775528 -1.943636
v 1.382706 -1.877959 -3.488333
v 1.382705 -1.745374 -2.005667
v 1.385937 -1.847806 -3.550363
v 1.385937 -1.715221 -2.067698
v 1.395507 -1.818811 -3.610011
v 1.395507 -1.686226 -2.127345
v 1.411049 -1.792089 -3.664982
v 1.411049 -1.659504 -2.182317
v 1.431964 -1.768667 -3.713165
v 1.431964 -1.636082 -2.230499
v 1.457449 -1.749445 -3.752707
v 1.457449 -1.616860 -2.270041
v 1.486525 -1.735162 -3.782090
v 1.486525 -1.602577 -2.299424
v 1.518075 -1.726367 -3.800184
v 1.518075 -1.593782 -2.317518
v 1.550885 -1.723397 -3.806293
v 1.550885 -1.590812 -2.323627
v 1.583695 -1.726367 -3.800183
v 1.583695 -1.593782 -2.317518
v 1.615244 -1.735162 -3.782089
v 1.615244 -1.602577 -2.299424
v 1.644320 -1.749445 -3.752707
v 1.644320 -1.616860 -2.270041
v 1.669805 -1.768667 -3.713164
v 1.669805 -1.636082 -2.230499
v 1.690721 -1.792089 -3.664981
v 1.690721 -1.659504 -2.182316
v 1.706262 -1.818811 -3.610010
v 1.706262 -1.686226 -2.127345
v 1.715832 -1.847806 -3.550363
v 1.715832 -1.715221 -2.067697
v 1.719064 -1.733296 -1.915724
v 1.719064 -1.592995 -0.449484
v 1.715832 -1.763115 -1.850083
v 1.715832 -1.622815 -0.383843
v 1.706262 -1.791789 -1.786964
v 1.706262 -1.651488 -0.320724
v 1.690720 -1.818215 -1.728794
v 1.690720 -1.677914 -0.262554
v 1.669805 -1.841377 -1.677808
v 1.669805 -1.701077 -0.211568
v 1.644320 -1.860386 -1.635964
v 1.644320 -1.720085 -0.169724
v 1.615244 -1.874511 -1.604872
v 1.615244 -1.734210 -0.138632
v 1.583695 -1.883209 -1.585725
v 1.583694 -1.742908 -0.119485
v 1.550884 -1.886146 -1.579260
v 1.550884 -1.745845 -0.113020
v 1.518074 -1.883209 -1.585725
v 1.518074 -1.742908 -0.119485
v 1.486525 -1.874511 -1.604872
v 1.486525 -1.734210 -0.138632
v 1.457449 -1.860386 -1.635965
v 1.457449 -1.720085 -0.169725
v 1.431964 -1.841377 -1.677808
v 1.431964 -1.701076 -0.211568
v 1.411049 -1.818215 -1.728795
v 1.411049 -1.677914 -0.262555
v 1.395507 -1.791789 -1.786965
v 1.395507 -1.651488 -0.320725
v 1.385937 -1.763115 -1.850084
v 1.385937 -1.622815 -0.383844
v 1.382705 -1.733296 -1.915724
v 1.382705 -1.592995 -0.449484
v 1.385937 -1.703476 -1.981365
v 1.385937 -1.563175 -0.515125
v 1.395507 -1.674802 -2.044484
v 1.395507 -1.534502 -0.578244
v 1.411049 -1.648377 -2.102654
v 1.411049 -1.508076 -0.636414
v 1.431964 -1.625214 -2.153641
v 1.431964 -1.484914 -0.687400
v 1.457449 -1.606205 -2.195484
v 1.457449 -1.465905 -0.729244
v 1.486525 -1.592080 -2.226577
v 1.486525 -1.451780 -0.760336
v 1.518075 -1.583382 -2.245723
v 1.518074 -1.443082 -0.779483
v 1.550885 -1.580446 -2.252188
v 1.550884 -1.440145 -0.785948
v 1.583695 -1.583382 -2.245723
v 1.583695 -1.443082 -0.779483
v 1.615244 -1.592081 -2.226576
v 1.615244 -1.451780 -0.760336
v 1.644320 -1.606206 -2.195483
v 1.644320 -1.465905 -0.729243
v 1.669805 -1.625214 -2.153640
v 1.669805 -1.484914 -0.687400
v 1.690721 -1.648377 -2.102653
v 1.690720 -1.508076 -0.636413
v 1.706262 -1.674803 -2.044483
v 1.706262 -1.534502 -0.578243
v 1.715832 -1.703476 -1.981364
v 1.715832 -1.563176 -0.515124
v 1.719064 -1.581102 -0.359649
v 1.719064 -1.438116 1.100610
v 1.715832 -1.610800 -0.292751
v 1.715832 -1.467814 1.167508
v 1.706262 -1.639357 -0.228424
v 1.706262 -1.496370 1.231834
v 1.690720 -1.665675 -0.169141
v 1.690720 -1.522688 1.291118
v 1.669805 -1.688743 -0.117178
v 1.669805 -1.545756 1.343081
v 1.644320 -1.707674 -0.074533
v 1.644320 -1.564687 1.385726
v 1.615244 -1.721741 -0.042845
v 1.615244 -1.578755 1.417413
v 1.583694 -1.730404 -0.023332
v 1.583694 -1.587417 1.436927
v 1.550884 -1.733329 -0.016743
v 1.550884 -1.590342 1.443515
v 1.518074 -1.730404 -0.023332
v 1.518074 -1.587417 1.436926
v 1.486525 -1.721741 -0.042846
v 1.486525 -1.578755 1.417413
v 1.457449 -1.707674 -0.074534
v 1.457449 -1.564687 1.385725
v 1.431964 -1.688743 -0.117179
v 1.431964 -1.545756 1.343080
v 1.411049 -1.665675 -0.169141
v 1.411049 -1.522688 1.291118
v 1.395507 -1.639357 -0.228425
v 1.395507 -1.496370 1.231834
v 1.385937 -1.610800 -0.292752
v 1.385937 -1.467814 1.167507
v 1.382705 -1.581102 -0.359650
v 1.382705 -1.438116 1.100609
v 1.385937 -1.551404 -0.426547
v 1.385937 -1.408418 1.033712
v 1.395507 -1.522848 -0.490874
v 1.395507 -1.379861 0.969385
v 1.411049 -1.496530 -0.550158
v 1.411049 -1.353543 0.910101
v 1.431964 -1.473462 -0.602120
v 1.431964 -1.330475 0.858138
v 1.457449 -1.454530 -0.644765
v 1.457449 -1.311544 0.815494
v 1.486525 -1.440463 -0.676453
v 1.486525 -1.297477 0.783806
v 1.518075 -1.431801 -0.695966
v 1.518074 -1.288814 0.764293
v 1.550885 -1.428876 -0.702555
v 1.550884 -1.285889 0.757704
v 1.583695 -1.431801 -0.695966
v 1.583695 -1.288814 0.764293
v 1.615244 -1.440463 -0.676452
v 1.615244 -1.297477 0.783806
v 1.644320 -1.454530 -0.644764
v 1.644320 -1.311544 0.815494
v 1.669805 -1.473462 -0.602120
v 1.669805 -1.330475 0.858139
v 1.690720 -1.496530 -0.550157
v 1.690720 -1.353543 0.910102
v 1.706262 -1.522848 -0.490873
v 1.706262 -1.379861 0.969386
v 1.715832 -1.551404 -0.426546
v 1.715832 -1.408418 1.033713
v 1.719064 -1.424434 1.186366
v 1.719064 -1.281725 2.647251
v 1.715832 -1.454144 1.253133
v 1.715832 -1.311436 2.714018
v 1.706262 -1.482713 1.317335
v 1.706262 -1.340005 2.778219
v 1.690720 -1.509043 1.376503
v 1.690720 -1.366334 2.837388
v 1.669805 -1.532120 1.428365
v 1.669805 -1.389412 2.889249
v 1.644320 -1.551060 1.470926
v 1.644320 -1.408351 2.931811
v 1.615244 -1.565133 1.502552
v 1.615244 -1.422425 2.963437
v 1.583694 -1.573799 1.522028
v 1.583694 -1.431091 2.982912
v 1.550884 -1.576725 1.528604
v 1.550884 -1.434017 2.989488
v 1.518074 -1.573799 1.522027
v 1.518074 -1.431091 2.982912
v 1.486525 -1.565133 1.502552
v 1.486525 -1.422425 2.963437
v 1.457449 -1.551060 1.470926
v 1.457449 -1.408351 2.931811
v 1.431964 -1.532120 1.428364
v 1.431964 -1.389412 2.889249
v 1.411049 -1.509042 1.376502
v 1.411048 -1.366334 2.837387
v 1.395507 -1.482713 1.317334
v 1.395507 -1.340005 2.778219
v 1.385937 -1.454144 1.253132
v 1.385937 -1.311436 2.714017
v 1.382705 -1.424434 1.186365
v 1.382705 -1.281725 2.647250
v 1.385937 -1.394723 1.119598
v 1.385937 -1.252015 2.580483
v 1.395507 -1.366154 1.055396
v 1.395507 -1.223446 2.516281
v 1.411049 -1.339825 0.996228
v 1.411049 -1.197116 2.457113
v 1.431964 -1.316747 0.944366
v 1.431964 -1.174039 2.405251
v 1.457449 -1.297808 0.901805
v 1.457449 -1.155099 2.362689
v 1.486525 -1.283734 0.870179
v 1.486525 -1.141026 2.331064
v 1.518074 -1.275068 0.850703
v 1.518074 -1.132360 2.311588
v 1.550884 -1.272142 0.844127
v 1.550884 -1.129433 2.305012
v 1.583695 -1.275068 0.850704
v 1.583694 -1.132360 2.311588
v 1.615244 -1.283734 0.870179
v 1.615244 -1.141026 2.331064
v 1.644320 -1.297808 0.901805
v 1.644320 -1.155099 2.362690
v 1.669805 -1.316747 0.944367
v 1.669805 -1.174039 2.405252
v 1.690720 -1.339825 0.996229
v 1.690720 -1.197117 2.457114
v 1.706262 -1.366154 1.055397
v 1.706262 -1.223446 2.516282
v 1.715832 -1.394723 1.119599
v 1.715832 -1.252015 2.580483
v 1.719063 -1.267871 2.732626
v 1.719063 -1.125526 4.194327
v 1.715832 -1.297598 2.799223
v 1.715832 -1.155254 4.260924
v 1.706262 -1.326183 2.863261
v 1.706261 -1.183838 4.324962
v 1.690720 -1.352527 2.922279
v 1.690720 -1.210182 4.383980
v 1.669805 -1.375618 2.974008
v 1.669805 -1.233273 4.435709
v 1.644319 -1.394568 3.016461
v 1.644319 -1.252223 4.478162
v 1.615244 -1.408649 3.048007
v 1.615243 -1.266304 4.509707
v 1.583694 -1.417320 3.067433
v 1.583694 -1.274975 4.529133
v 1.550884 -1.420248 3.073992
v 1.550884 -1.277903 4.535693
v 1.518074 -1.417320 3.067432
v 1.518074 -1.274975 4.529133
v 1.486525 -1.408649 3.048007
v 1.486525 -1.266304 4.509707
v 1.457449 -1.394568 3.016461
v 1.457449 -1.252223 4.478162
v 1.431964 -1.375618 2.974008
v 1.431963 -1.233273 4.435709
v 1.411048 -1.352527 2.922278
v 1.411048 -1.210182 4.383979
v 1.395507 -1.326183 2.863261
v 1.395507 -1.183838 4.324961
v 1.385937 -1.297598 2.799222
v 1.385936 -1.155254 4.260923
v 1.382705 -1.267871 2.732625
v 1.382705 -1.125526 4.194326
v 1.385937 -1.238144 2.666028
v 1.385936 -1.095799 4.127729
v 1.395507 -1.209559 2.601990
v 1.395507 -1.067214 4.063691
v 1.411048 -1.183215 2.542973
v 1.411048 -1.040870 4.004673
v 1.431964 -1.160124 2.491243
v 1.431964 -1.017780 3.952944
v 1.457449 -1.141174 2.448790
v 1.457449 -0.998829 3.910491
v 1.486525 -1.127093 2.417244
v 1.486525 -0.984748 3.878945
v 1.518074 -1.118422 2.397819
v 1.518074 -0.976077 3.859519
v 1.550884 -1.115494 2.391260
v 1.550884 -0.973149 3.852960
v 1.583694 -1.118422 2.397819
v 1.583694 -0.976077 3.859520
v 1.615244 -1.127093 2.417245
v 1.615244 -0.984748 3.878946
v 1.644320 -1.141174 2.448790
v 1.644320 -0.998830 3.910491
v 1.669805 -1.160124 2.491244
v 1.669805 -1.017780 3.952945
v 1.690720 -1.183215 2.542973
v 1.690720 -1.040870 4.004674
v 1.706262 -1.209559 2.601991
v 1.706262 -1.067214 4.063692
v 1.715832 -1.238144 2.666029
v 1.715832 -1.095799 4.127729
v 1.719063 -1.118030 4.294111
v 1.719063 -0.981441 5.768393
v 1.715832 -1.148013 4.358014
v 1.715832 -1.011425 5.832296
v 1.706261 -1.176844 4.419463
v 1.706261 -1.040255 5.893744
v 1.690720 -1.203414 4.476094
v 1.690720 -1.066826 5.950376
v 1.669805 -1.226704 4.525731
v 1.669804 -1.090116 6.000013
v 1.644319 -1.245817 4.566468
v 1.644319 -1.109229 6.040749
v 1.615243 -1.260019 4.596737
v 1.615243 -1.123431 6.071019
v 1.583694 -1.268765 4.615377
v 1.583694 -1.132177 6.089659
v 1.550884 -1.271718 4.621671
v 1.550884 -1.135130 6.095953
v 1.518074 -1.268765 4.615377
v 1.518074 -1.132177 6.089659
v 1.486525 -1.260019 4.596737
v 1.486525 -1.123431 6.071019
v 1.457449 -1.245817 4.566467
v 1.457449 -1.109229 6.040749
v 1.431963 -1.226704 4.525731
v 1.431963 -1.090115 6.000012
v 1.411048 -1.203414 4.476093
v 1.411048 -1.066826 5.950375
v 1.395507 -1.176844 4.419462
v 1.395507 -1.040255 5.893744
v 1.385936 -1.148013 4.358014
v 1.385936 -1.011424 5.832295
v 1.382705 -1.118030 4.294109
v 1.382705 -0.981441 5.768391
v 1.385936 -1.088046 4.230206
v 1.385936 -0.951458 5.704487
v 1.395507 -1.059216 4.168757
v 1.395507 -0.922627 5.643039
v 1.411048 -1.032645 4.112126
v 1.411048 -0.896057 5.586408
v 1.431964 -1.009356 4.062489
v 1.431963 -0.872767 5.536771
v 1.457449 -0.990242 4.021753
v 1.457449 -0.853654 5.496034
v 1.486525 -0.976040 3.991482
v 1.486525 -0.839452 5.465765
v 1.518074 -0.967294 3.972842
v 1.518074 -0.830706 5.447124
v 1.550884 -0.964341 3.966549
v 1.550884 -0.827753 5.440831
v 1.583694 -0.967294 3.972843
v 1.583694 -0.830706 5.447124
v 1.615244 -0.976040 3.991483
v 1.615243 -0.839452 5.465765
v 1.644319 -0.990242 4.021753
v 1.644319 -0.853654 5.496035
v 1.669805 -1.009356 4.062490
v 1.669805 -0.872767 5.536771
v 1.690720 -1.032645 4.112127
v 1.690720 -0.896057 5.586409
v 1.706261 -1.059216 4.168758
v 1.706261 -0.922627 5.643040
v 1.715832 -1.088047 4.230206
v 1.715832 -0.951458 5.704488
v 1.719063 -0.968163 5.855857
v 1.719063 -0.837381 7.342201
v 1.715832 -0.998392 5.917044
v 1.715832 -0.867610 7.403389
v 1.706261 -1.027459 5.975880
v 1.706261 -0.896677 7.462225
v 1.690720 -1.054247 6.030104
v 1.690720 -0.923465 7.516449
v 1.669805 -1.077727 6.077631
v 1.669804 -0.946945 7.563976
v 1.644319 -1.096996 6.116636
v 1.644319 -0.966214 7.602981
v 1.615243 -1.111315 6.145619
v 1.615243 -0.980533 7.631964
v 1.583694 -1.120132 6.163467
v 1.583694 -0.989350 7.649811
v 1.550884 -1.123109 6.169493
v 1.550884 -0.992327 7.655838
v 1.518074 -1.120132 6.163467
v 1.518074 -0.989350 7.649811
v 1.486525 -1.111315 6.145619
v 1.486525 -0.980533 7.631963
v 1.457449 -1.096996 6.116636
v 1.457449 -0.966214 7.602980
v 1.431963 -1.077727 6.077631
v 1.431963 -0.946945 7.563976
v 1.411048 -1.054247 6.030104
v 1.411048 -0.923465 7.516448
v 1.395507 -1.027459 5.975880
v 1.395507 -0.896676 7.462224
v 1.385936 -0.998392 5.917044
v 1.385936 -0.867610 7.403388
v 1.382705 -0.968163 5.855856
v 1.382705 -0.837381 7.342201
v 1.385936 -0.937935 5.794669
v 1.385936 -0.807153 7.281013
v 1.395507 -0.908868 5.735832
v 1.395507 -0.778086 7.222177
v 1.411048 -0.882080 5.681609
v 1.411048 -0.751298 7.167953
v 1.431964 -0.858600 5.634081
v 1.431963 -0.727818 7.120426
v 1.457449 -0.839330 5.595077
v 1.457449 -0.708548 7.081421
v 1.486525 -0.825012 5.566093
v 1.486525 -0.694230 7.052438
v 1.518074 -0.816195 5.548246
v 1.518074 -0.685413 7.034591
v 1.550884 -0.813217 5.542220
v 1.550884 -0.682435 7.028564
v 1.583694 -0.816195 5.548246
v 1.583694 -0.685413 7.034591
v 1.615244 -0.825012 5.566094
v 1.615243 -0.694230 7.052439
v 1.644319 -0.839330 5.595078
v 1.644319 -0.708548 7.081422
v 1.669805 -0.858600 5.634082
v 1.669805 -0.727818 7.120426
v 1.690720 -0.882080 5.681609
v 1.690720 -0.751298 7.167954
v 1.706261 -0.908868 5.735833
v 1.706261 -0.778086 7.222178
v 1.715832 -0.937935 5.794669
v 1.715832 -0.807153 7.281014
v 1.719063 -0.823633 7.428296
v 1.719063 -0.699716 8.928111
v 1.715832 -0.854136 7.486271
v 1.715831 -0.730219 8.986087
v 1.706261 -0.883466 7.542019
v 1.706261 -0.759549 9.041834
v 1.690720 -0.910497 7.593397
v 1.690720 -0.786580 9.093211
v 1.669804 -0.934189 7.638429
v 1.669804 -0.810273 9.138245
v 1.644319 -0.953634 7.675386
v 1.644319 -0.829717 9.175201
v 1.615243 -0.968082 7.702847
v 1.615243 -0.844165 9.202663
v 1.583694 -0.976979 7.719759
v 1.583694 -0.853062 9.219573
v 1.550884 -0.979983 7.725469
v 1.550884 -0.856066 9.225284
v 1.518074 -0.976979 7.719759
v 1.518074 -0.853062 9.219573
v 1.486524 -0.968082 7.702847
v 1.486524 -0.844165 9.202662
v 1.457448 -0.953634 7.675386
v 1.457448 -0.829717 9.175201
v 1.431963 -0.934189 7.638428
v 1.431963 -0.810273 9.138244
v 1.411048 -0.910497 7.593396
v 1.411048 -0.786580 9.093211
v 1.395507 -0.883466 7.542018
v 1.395506 -0.759549 9.041833
v 1.385936 -0.854136 7.486270
v 1.385936 -0.730219 8.986086
v 1.382705 -0.823633 7.428295
v 1.382705 -0.699716 8.928111
v 1.385936 -0.793131 7.370319
v 1.385936 -0.669214 8.870135
v 1.395507 -0.763801 7.314572
v 1.395507 -0.639884 8.814387
v 1.411048 -0.736770 7.263195
v 1.411048 -0.612853 8.763010
v 1.431963 -0.713077 7.218162
v 1.431963 -0.589160 8.717978
v 1.457449 -0.693633 7.181205
v 1.457448 -0.569716 8.681021
v 1.486525 -0.679184 7.153743
v 1.486524 -0.555268 8.653559
v 1.518074 -0.670287 7.136833
v 1.518074 -0.546370 8.636648
v 1.550884 -0.667283 7.131122
v 1.550884 -0.543366 8.630938
v 1.583694 -0.670287 7.136833
v 1.583694 -0.546370 8.636648
v 1.615243 -0.679184 7.153744
v 1.615243 -0.555268 8.653559
v 1.644319 -0.693633 7.181205
v 1.644319 -0.569716 8.681021
v 1.669805 -0.713077 7.218163
v 1.669804 -0.589160 8.717978
v 1.690720 -0.736770 7.263195
v 1.690720 -0.612853 8.763010
v 1.706261 -0.763801 7.314573
v 1.706261 -0.639884 8.814388
v 1.715832 -0.793131 7.370321
v 1.715831 -0.669214 8.870135
v 1.719063 -0.696480 9.035255
v 1.719063 -0.582840 10.553677
v 1.715831 -0.727361 9.088423
v 1.715831 -0.613721 10.606845
v 1.706261 -0.757055 9.139547
v 1.706261 -0.643415 10.657969
v 1.690720 -0.784422 9.186664
v 1.690719 -0.670781 10.705086
v 1.669804 -0.808408 9.227962
v 1.669804 -0.694768 10.746384
v 1.644319 -0.828094 9.261854
v 1.644319 -0.714453 10.780276
v 1.615243 -0.842721 9.287038
v 1.615243 -0.729081 10.805461
v 1.583694 -0.851729 9.302547
v 1.583694 -0.738088 10.820969
v 1.550884 -0.854770 9.307783
v 1.550884 -0.741130 10.826205
v 1.518074 -0.851729 9.302547
v 1.518073 -0.738088 10.820969
v 1.486524 -0.842721 9.287038
v 1.486524 -0.729081 10.805461
v 1.457448 -0.828094 9.261853
v 1.457448 -0.714453 10.780276
v 1.431963 -0.808408 9.227961
v 1.431963 -0.694768 10.746384
v 1.411048 -0.784422 9.186663
v 1.411048 -0.670781 10.705086
v 1.395506 -0.757055 9.139546
v 1.395506 -0.643415 10.657969
v 1.385936 -0.727361 9.088422
v 1.385936 -0.613721 10.606844
v 1.382705 -0.696480 9.035254
v 1.382704 -0.582840 10.553676
v 1.385936 -0.665600 8.982087
v 1.385936 -0.551959 10.500508
v 1.395506 -0.635905 8.930963
v 1.395506 -0.522265 10.449384
v 1.411048 -0.608539 8.883845
v 1.411048 -0.494899 10.402267
v 1.431963 -0.584553 8.842547
v 1.431963 -0.470912 10.360970
v 1.457448 -0.564867 8.808656
v 1.457448 -0.451227 10.327077
v 1.486524 -0.550240 8.783471
v 1.486524 -0.436599 10.301893
v 1.518074 -0.541232 8.767962
v 1.518074 -0.427591 10.286385
v 1.550884 -0.538190 8.762726
v 1.550884 -0.424550 10.281148
v 1.583694 -0.541232 8.767962
v 1.583694 -0.427591 10.286385
v 1.615243 -0.550240 8.783471
v 1.615243 -0.436599 10.301893
v 1.644319 -0.564867 8.808656
v 1.644319 -0.451227 10.327078
v 1.669804 -0.584553 8.842548
v 1.669804 -0.470912 10.360970
v 1.690720 -0.608539 8.883845
v 1.690720 -0.494899 10.402268
v 1.706261 -0.635905 8.930963
v 1.706261 -0.522265 10.449385
v 1.715831 -0.665600 8.982087
v 1.715831 -0.551959 10.500509
v 1.719063 -0.569265 10.643021
v 1.719063 -0.466027 12.178437
v 1.715831 -0.600491 10.691321
v 1.715831 -0.497253 12.226739
v 1.706261 -0.630517 10.737766
v 1.706261 -0.527279 12.273183
v 1.690719 -0.658190 10.780570
v 1.690719 -0.554952 12.315987
v 1.669804 -0.682445 10.818088
v 1.669804 -0.579207 12.353504
v 1.644319 -0.702351 10.848878
v 1.644319 -0.599113 12.384295
v 1.615243 -0.717142 10.871757
v 1.615243 -0.613904 12.407174
v 1.583694 -0.726251 10.885845
v 1.583694 -0.623013 12.421263
v 1.550884 -0.729326 10.890602
v 1.550883 -0.626088 12.426020
v 1.518073 -0.726250 10.885845
v 1.518073 -0.623013 12.421263
v 1.486524 -0.717142 10.871756
v 1.486524 -0.613904 12.407173
v 1.457448 -0.702351 10.848877
v 1.457448 -0.599113 12.384294
v 1.431963 -0.682445 10.818087
v 1.431963 -0.579207 12.353504
v 1.411048 -0.658190 10.780569
v 1.411048 -0.554952 12.315987
v 1.395506 -0.630517 10.737766
v 1.395506 -0.527279 12.273183
v 1.385936 -0.600491 10.691320
v 1.385936 -0.497253 12.226738
v 1.382704 -0.569264 10.643021
v 1.382704 -0.466026 12.178437
v 1.385936 -0.538038 10.594719
v 1.385936 -0.434800 12.130136
v 1.395506 -0.508012 10.548275
v 1.395506 -0.404774 12.083693
v 1.411048 -0.480339 10.505471
v 1.411048 -0.377101 12.040888
v 1.431963 -0.456084 10.467954
v 1.431963 -0.352846 12.003370
v 1.457448 -0.436178 10.437163
v 1.457448 -0.332940 11.972580
v 1.486524 -0.421387 10.414285
v 1.486524 -0.318149 11.949701
v 1.518074 -0.412278 10.400196
v 1.518073 -0.309040 11.935613
v 1.550884 -0.409203 10.395438
v 1.550884 -0.305965 11.930856
v 1.583694 -0.412279 10.400196
v 1.583694 -0.309041 11.935613
v 1.615243 -0.421387 10.414285
v 1.615243 -0.318149 11.949702
v 1.644319 -0.436178 10.437164
v 1.644319 -0.332940 11.972581
v 1.669804 -0.456084 10.467955
v 1.669804 -0.352846 12.003371
v 1.690720 -0.480339 10.505472
v 1.690719 -0.377101 12.040889
v 1.706261 -0.508012 10.548275
v 1.706261 -0.404774 12.083693
v 1.715831 -0.538038 10.594720
v 1.715831 -0.434800 12.130137
v 1.719063 -0.453916 12.268678
v 1.719063 -0.362250 13.820898
v 1.715831 -0.485484 12.311564
v 1.715831 -0.393818 13.863785
v 1.706261 -0.515840 12.352803
v 1.706261 -0.424173 13.905025
v 1.690719 -0.543815 12.390809
v 1.690719 -0.452148 13.943029
v 1.669804 -0.568336 12.424122
v 1.669804 -0.476669 13.976342
v 1.644319 -0.588459 12.451460
v 1.644319 -0.496793 14.003680
v 1.615243 -0.603412 12.471774
v 1.615243 -0.511746 14.023995
v 1.583694 -0.612620 12.484284
v 1.583694 -0.520954 14.036506
v 1.550884 -0.615730 12.488508
v 1.550883 -0.524063 14.040729
v 1.518073 -0.612620 12.484284
v 1.518073 -0.520954 14.036506
v 1.486524 -0.603412 12.471774
v 1.486524 -0.511746 14.023995
v 1.457448 -0.588459 12.451459
v 1.457448 -0.496792 14.003680
v 1.431963 -0.568335 12.424121
v 1.431963 -0.476669 13.976342
v 1.411048 -0.543815 12.390808
v 1.411048 -0.452148 13.943029
v 1.395506 -0.515839 12.352802
v 1.395506 -0.424173 13.905023
v 1.385936 -0.485484 12.311563
v 1.385936 -0.393818 13.863785
v 1.382704 -0.453916 12.268677
v 1.382704 -0.362250 13.820898
v 1.385936 -0.422348 12.225789
v 1.385936 -0.330681 13.778010
v 1.395506 -0.391993 12.184550
v 1.395506 -0.300326 13.736772
v 1.411048 -0.364018 12.146545
v 1.411048 -0.272351 13.698766
v 1.431963 -0.339497 12.113233
v 1.431963 -0.247830 13.665454
v 1.457448 -0.319373 12.085894
v 1.457448 -0.227707 13.638114
v 1.486524 -0.304420 12.065578
v 1.486524 -0.212754 13.617800
v 1.518074 -0.295212 12.053070
v 1.518073 -0.203546 13.605290
v 1.550884 -0.292103 12.048845
v 1.550884 -0.200436 13.601067
v 1.583694 -0.295212 12.053070
v 1.583694 -0.203546 13.605290
v 1.615243 -0.304420 12.065578
v 1.615243 -0.212754 13.617800
v 1.644319 -0.319373 12.085894
v 1.644319 -0.227707 13.638115
v 1.669804 -0.339497 12.113233
v 1.669804 -0.247830 13.665454
v 1.690719 -0.364018 12.146545
v 1.690719 -0.272351 13.698766
v 1.706261 -0.391993 12.184551
v 1.706261 -0.300326 13.736772
v 1.715831 -0.422348 12.225790
v 1.715831 -0.330682 13.778010
v 1.719062 -0.364561 13.932889
v 1.719062 -0.286990 15.502687
v 1.715831 -0.396487 13.969182
v 1.715831 -0.318915 15.538980
v 1.706261 -0.427185 14.004079
v 1.706260 -0.349614 15.573876
v 1.690719 -0.455478 14.036241
v 1.690719 -0.377906 15.606038
v 1.669804 -0.480276 14.064432
v 1.669804 -0.402704 15.634230
v 1.644318 -0.500627 14.087567
v 1.644318 -0.423056 15.657365
v 1.615243 -0.515750 14.104757
v 1.615242 -0.438178 15.674555
v 1.583693 -0.525062 14.115344
v 1.583693 -0.447491 15.685142
v 1.550883 -0.528207 14.118918
v 1.550883 -0.450635 15.688716
v 1.518073 -0.525062 14.115344
v 1.518073 -0.447491 15.685142
v 1.486524 -0.515750 14.104757
v 1.486524 -0.438178 15.674555
v 1.457448 -0.500627 14.087565
v 1.457448 -0.423056 15.657365
v 1.431963 -0.480276 14.064430
v 1.431962 -0.402704 15.634230
v 1.411047 -0.455478 14.036241
v 1.411047 -0.377906 15.606038
v 1.395506 -0.427185 14.004079
v 1.395506 -0.349614 15.573876
v 1.385936 -0.396487 13.969180
v 1.385936 -0.318915 15.538980
v 1.382704 -0.364561 13.932889
v 1.382704 -0.286989 15.502687
v 1.385936 -0.332635 13.896596
v 1.385936 -0.255064 15.466393
v 1.395506 -0.301936 13.861698
v 1.395506 -0.224365 15.431497
v 1.411047 -0.273644 13.829536
v 1.411047 -0.196073 15.399334
v 1.431963 -0.248846 13.801346
v 1.431963 -0.171274 15.371143
v 1.457448 -0.228495 13.778211
v 1.457448 -0.150923 15.348008
v 1.486524 -0.213372 13.761021
v 1.486524 -0.135801 15.330818
v 1.518073 -0.204060 13.750434
v 1.518073 -0.126488 15.320231
v 1.550883 -0.200915 13.746860
v 1.550883 -0.123344 15.316657
v 1.583694 -0.204060 13.750434
v 1.583693 -0.126488 15.320231
v 1.615243 -0.213372 13.761021
v 1.615243 -0.135801 15.330818
v 1.644319 -0.228495 13.778211
v 1.644319 -0.150923 15.348010
v 1.669804 -0.248846 13.801346
v 1.669804 -0.171275 15.371145
v 1.690719 -0.273644 13.829536
v 1.690719 -0.196073 15.399334
v 1.706261 -0.301937 13.861698
v 1.706261 -0.224365 15.431497
v 1.715831 -0.332635 13.896596
v 1.715831 -0.255064 15.466395
v 1.719062 -0.275127 15.598574
v 1.719062 -0.211808 17.183016
v 1.715831 -0.307351 15.628199
v 1.715831 -0.244031 17.212639
v 1.706261 -0.338336 15.656685
v 1.706260 -0.275016 17.241125
v 1.690719 -0.366892 15.682937
v 1.690719 -0.303573 17.267380
v 1.669804 -0.391921 15.705947
v 1.669804 -0.328602 17.290390
v 1.644318 -0.412463 15.724832
v 1.644318 -0.349143 17.309275
v 1.615242 -0.427726 15.738865
v 1.615242 -0.364407 17.323307
v 1.583693 -0.437125 15.747505
v 1.583693 -0.373806 17.331947
v 1.550883 -0.440299 15.750422
v 1.550883 -0.376980 17.334866
v 1.518073 -0.437125 15.747505
v 1.518073 -0.373806 17.331947
v 1.486524 -0.427726 15.738863
v 1.486524 -0.364407 17.323307
v 1.457448 -0.412463 15.724832
v 1.457448 -0.349143 17.309275
v 1.431963 -0.391921 15.705947
v 1.431962 -0.328602 17.290388
v 1.411047 -0.366892 15.682936
v 1.411047 -0.303572 17.267378
v 1.395506 -0.338336 15.656683
v 1.395506 -0.275016 17.241125
v 1.385936 -0.307350 15.628197
v 1.385935 -0.244031 17.212639
v 1.382704 -0.275127 15.598572
v 1.382704 -0.211808 17.183016
v 1.385936 -0.242903 15.568949
v 1.385936 -0.179584 17.153391
v 1.395506 -0.211918 15.540462
v 1.395506 -0.148599 17.124905
v 1.411047 -0.183362 15.514209
v 1.411047 -0.120043 17.098652
v 1.431963 -0.158332 15.491199
v 1.431963 -0.095013 17.075642
v 1.457448 -0.137791 15.472314
v 1.457448 -0.074472 17.056757
v 1.486524 -0.122528 15.458282
v 1.486524 -0.059208 17.042725
v 1.518073 -0.113128 15.449640
v 1.518073 -0.049809 17.034084
v 1.550883 -0.109955 15.446723
v 1.550883 -0.046635 17.031166
v 1.583693 -0.113128 15.449640
v 1.583693 -0.049809 17.034084
v 1.615243 -0.122528 15.458282
v 1.615242 -0.059208 17.042725
v 1.644319 -0.137791 15.472314
v 1.644318 -0.074472 17.056757
v 1.669804 -0.158332 15.491199
v 1.669804 -0.095013 17.075642
v 1.690719 -0.183362 15.514210
v 1.690719 -0.120043 17.098654
v 1.706261 -0.211918 15.540462
v 1.706260 -0.148599 17.124905
v 1.715831 -0.242903 15.568949
v 1.715831 -0.179584 17.153391
v 1.719062 -0.198682 17.275656
v 1.719062 -0.150109 18.872032
v 1.715831 -0.231148 17.298380
v 1.715831 -0.182575 18.894756
v 1.706260 -0.262367 17.320232
v 1.706260 -0.213794 18.916609
v 1.690719 -0.291138 17.340372
v 1.690719 -0.242565 18.936749
v 1.669804 -0.316356 17.358023
v 1.669804 -0.267783 18.954399
v 1.644318 -0.337052 17.372511
v 1.644318 -0.288479 18.968887
v 1.615242 -0.352431 17.383274
v 1.615242 -0.303858 18.979650
v 1.583693 -0.361901 17.389902
v 1.583693 -0.313328 18.986279
v 1.550883 -0.365098 17.392141
v 1.550883 -0.316525 18.988518
v 1.518073 -0.361901 17.389902
v 1.518073 -0.313328 18.986279
v 1.486524 -0.352431 17.383274
v 1.486524 -0.303858 18.979650
v 1.457448 -0.337052 17.372509
v 1.457448 -0.288479 18.968885
v 1.431962 -0.316356 17.358023
v 1.431962 -0.267783 18.954399
v 1.411047 -0.291138 17.340372
v 1.411047 -0.242565 18.936747
v 1.395506 -0.262367 17.320232
v 1.395506 -0.213794 18.916609
v 1.385936 -0.231148 17.298380
v 1.385935 -0.182575 18.894756
v 1.382704 -0.198682 17.275654
v 1.382704 -0.150109 18.872030
v 1.385936 -0.166216 17.252930
v 1.385935 -0.117643 18.849306
v 1.395506 -0.134997 17.231077
v 1.395506 -0.086424 18.827454
v 1.411047 -0.106226 17.210938
v 1.411047 -0.057653 18.807314
v 1.431963 -0.081008 17.193287
v 1.431962 -0.032435 18.789663
v 1.457448 -0.060312 17.178799
v 1.457448 -0.011739 18.775175
v 1.486524 -0.044933 17.168036
v 1.486524 0.003640 18.764412
v 1.518073 -0.035463 17.161407
v 1.518073 0.013110 18.757784
v 1.550883 -0.032266 17.159168
v 1.550883 0.016307 18.755545
v 1.583693 -0.035463 17.161407
v 1.583693 0.013110 18.757784
v 1.615242 -0.044933 17.168036
v 1.615242 0.003640 18.764412
v 1.644318 -0.060312 17.178801
v 1.644318 -0.011739 18.775177
v 1.669804 -0.081008 17.193287
v 1.669804 -0.032435 18.789663
v 1.690719 -0.106226 17.210939
v 1.690719 -0.057653 18.807314
v 1.706260 -0.134997 17.231077
v 1.706260 -0.086424 18.827454
v 1.715831 -0.166216 17.252930
v 1.715831 -0.117643 18.849306
v 1.719062 -0.161194 18.984116
v 1.719062 -0.128746 20.589876
v 1.715831 -0.193851 18.999296
v 1.715830 -0.161403 20.605057
v 1.706260 -0.225253 19.013893
v 1.706260 -0.192805 20.619656
v 1.690719 -0.254193 19.027348
v 1.690719 -0.221745 20.633108
v 1.669804 -0.279560 19.039139
v 1.669804 -0.247112 20.644901
v 1.644318 -0.300378 19.048817
v 1.644318 -0.267929 20.654579
v 1.615242 -0.315847 19.056007
v 1.615242 -0.283398 20.661770
v 1.583693 -0.325372 19.060434
v 1.583693 -0.292924 20.666197
v 1.550883 -0.328589 19.061930
v 1.550883 -0.296140 20.667692
v 1.518073 -0.325372 19.060434
v 1.518073 -0.292924 20.666197
v 1.486524 -0.315846 19.056007
v 1.486523 -0.283398 20.661768
v 1.457448 -0.300378 19.048817
v 1.457448 -0.267929 20.654577
v 1.431962 -0.279560 19.039139
v 1.431962 -0.247111 20.644899
v 1.411047 -0.254193 19.027348
v 1.411047 -0.221745 20.633108
v 1.395506 -0.225253 19.013893
v 1.395506 -0.192805 20.619656
v 1.385935 -0.193851 18.999294
v 1.385935 -0.161403 20.605057
v 1.382704 -0.161194 18.984114
v 1.382704 -0.128746 20.589874
v 1.385935 -0.128537 18.968933
v 1.385935 -0.096088 20.574694
v 1.395506 -0.097135 18.954334
v 1.395506 -0.064686 20.560097
v 1.411047 -0.068194 18.940882
v 1.411047 -0.035746 20.546642
v 1.431962 -0.042828 18.929089
v 1.431962 -0.010380 20.534851
v 1.457448 -0.022010 18.919411
v 1.457448 0.010438 20.525175
v 1.486524 -0.006541 18.912220
v 1.486524 0.025907 20.517982
v 1.518073 0.002984 18.907793
v 1.518073 0.035433 20.513556
v 1.550883 0.006201 18.906298
v 1.550883 0.038649 20.512060
v 1.583693 0.002984 18.907793
v 1.583693 0.035433 20.513556
v 1.615242 -0.006541 18.912222
v 1.615242 0.025907 20.517982
v 1.644318 -0.022010 18.919413
v 1.644318 0.010438 20.525175
v 1.669804 -0.042828 18.929090
v 1.669804 -0.010380 20.534851
v 1.690719 -0.068194 18.940882
v 1.690719 -0.035746 20.546642
v 1.706260 -0.097135 18.954334
v 1.706260 -0.064686 20.560099
v 1.715831 -0.128537 18.968933
v 1.715831 -0.096088 20.574696
v 1.719062 -0.123654 20.694433
v 1.719062 -0.107434 22.305841
v 1.715830 -0.156426 20.702021
v 1.715830 -0.140206 22.313433
v 1.706260 -0.187938 20.709318
v 1.706260 -0.171719 22.320728
v 1.690719 -0.216981 20.716043
v 1.690718 -0.200761 22.327454
v 1.669803 -0.242436 20.721937
v 1.669803 -0.226217 22.333347
v 1.644318 -0.263327 20.726774
v 1.644318 -0.247108 22.338184
v 1.615242 -0.278850 20.730370
v 1.615242 -0.262631 22.341778
v 1.583693 -0.288410 20.732582
v 1.583693 -0.272190 22.343992
v 1.550883 -0.291637 20.733330
v 1.550883 -0.275418 22.344740
v 1.518073 -0.288410 20.732582
v 1.518072 -0.272190 22.343992
v 1.486523 -0.278850 20.730370
v 1.486523 -0.262631 22.341778
v 1.457447 -0.263327 20.726774
v 1.457447 -0.247107 22.338184
v 1.431962 -0.242436 20.721937
v 1.431962 -0.226217 22.333347
v 1.411047 -0.216980 20.716042
v 1.411047 -0.200761 22.327454
v 1.395506 -0.187938 20.709318
v 1.395505 -0.171719 22.320728
v 1.385935 -0.156426 20.702021
v 1.385935 -0.140206 22.313431
v 1.382704 -0.123654 20.694433
v 1.382704 -0.107434 22.305841
v 1.385935 -0.090882 20.686844
v 1.385935 -0.074662 22.298254
v 1.395506 -0.059369 20.679548
v 1.395505 -0.043150 22.290956
v 1.411047 -0.030327 20.672823
v 1.411047 -0.014108 22.284231
v 1.431962 -0.004872 20.666929
v 1.431962 0.011348 22.278337
v 1.457448 0.016019 20.662090
v 1.457447 0.032239 22.273500
v 1.486524 0.031543 20.658497
v 1.486523 0.047762 22.269907
v 1.518073 0.041102 20.656282
v 1.518073 0.057321 22.267693
v 1.550883 0.044330 20.655535
v 1.550883 0.060549 22.266945
v 1.583693 0.041102 20.656282
v 1.583693 0.057321 22.267693
v 1.615242 0.031543 20.658497
v 1.615242 0.047762 22.269907
v 1.644318 0.016019 20.662090
v 1.644318 0.032239 22.273500
v 1.669804 -0.004872 20.666929
v 1.669803 0.011348 22.278337
v 1.690719 -0.030327 20.672823
v 1.690719 -0.014108 22.284233
v 1.706260 -0.059369 20.679548
v 1.706260 -0.043150 22.290956
v 1.715830 -0.090882 20.686846
v 1.715830 -0.074662 22.298254
v 1.719062 -0.086119 22.406643
v 1.719062 -0.086118 24.019930
v 1.715830 -0.118929 22.406643
v 1.715830 -0.118928 24.019930
v 1.706260 -0.150478 22.406643
v 1.706260 -0.150478 24.019930
v 1.690718 -0.179554 22.406643
v 1.690718 -0.179554 24.019930
v 1.669803 -0.205039 22.406643
v 1.669803 -0.205039 24.019930
v 1.644318 -0.225954 22.406643
v 1.644318 -0.225954 24.019930
v 1.615242 -0.241496 22.406643
v 1.615242 -0.241496 24.019930
v 1.583693 -0.251066 22.406643
v 1.583693 -0.251066 24.019930
v 1.550883 -0.254298 22.406643
v 1.550883 -0.254297 24.019930
v 1.518072 -0.251066 22.406643
v 1.518072 -0.251066 24.019930
v 1.486523 -0.241496 22.406643
v 1.486523 -0.241495 24.019930
v 1.457447 -0.225954 22.406643
v 1.457447 -0.225954 24.019930
v 1.431962 -0.205039 22.406643
v 1.431962 -0.205039 24.019930
v 1.411047 -0.179554 22.406643
v 1.411047 -0.179553 24.019930
v 1.395505 -0.150478 22.406643
v 1.395505 -0.150478 24.019930
v 1.385935 -0.118929 22.406643
v 1.385935 -0.118928 24.019930
v 1.382704 -0.086118 22.406643
v 1.382703 -0.086118 24.019930
v 1.385935 -0.053308 22.406643
v 1.385935 -0.053308 24.019930
v 1.395505 -0.021759 22.406643
v 1.395505 -0.021759 24.019930
v 1.411047 0.007317 22.406643
v 1.411047 0.007317 24.019930
v 1.431962 0.032802 22.406643
v 1.431962 0.032802 24.019930
v 1.457447 0.053717 22.406643
v 1.457447 0.053718 24.019930
v 1.486523 0.069259 22.406643
v 1.486523 0.069259 24.019930
v 1.518073 0.078829 22.406643
v 1.518072 0.078829 24.019930
v 1.550883 0.082061 22.406643
v 1.550883 0.082061 24.019930
v 1.583693 0.078829 22.406643
v 1.583693 0.078829 24.019930
v 1.615242 0.069259 22.406643
v 1.615242 0.069259 24.019930
v 1.644318 0.053717 22.406643
v 1.644318 0.053718 24.019930
v 1.669803 0.032802 22.406643
v 1.669803 0.032802 24.019930
v 1.690719 0.007317 22.406643
v 1.690718 0.007317 24.019930
v 1.706260 -0.021759 22.406643
v 1.706260 -0.021759 24.019930
v 1.715830 -0.053308 22.406643
v 1.715830 -0.053308 24.019930
vn 0.9989 -0.0428 -0.0185
vn 0.9898 -0.1306 -0.0564
vn 0.9694 -0.2254 -0.0973
vn 0.9320 -0.3328 -0.1436
vn 0.8660 -0.4591 -0.1981
vn 0.7483 -0.6091 -0.2628
vn 0.5392 -0.7733 -0.3337
vn 0.2035 -0.8990 -0.3879
vn -0.2035 -0.8990 -0.3879
vn -0.5392 -0.7733 -0.3336
vn -0.7483 -0.6091 -0.2628
vn -0.8660 -0.4591 -0.1981
vn -0.9320 -0.3328 -0.1436
vn -0.9694 -0.2254 -0.0973
vn -0.9898 -0.1306 -0.0564
vn -0.9989 -0.0428 -0.0185
vn -0.9989 0.0428 0.0185
vn -0.9898 0.1306 0.0564
vn -0.9694 0.2254 0.0973
vn -0.9320 0.3328 0.1436
vn -0.8660 0.4591 0.1981
vn -0.7483 0.6091 0.2628
vn -0.5392 0.7733 0.3337
vn -0.2035 0.8990 0.3879
vn 0.2035 0.8990 0.3879
vn 0.5392 0.7733 0.3337
vn 0.7483 0.6091 0.2628
vn 0.8660 0.4591 0.1981
vn 0.9320 0.3328 0.1436
vn 0.9694 0.2254 0.0973
vn -0.0000 -0.9950 0.1002
vn 0.9898 0.1306 0.0564
vn 0.9989 0.0428 0.0185
vn -0.0000 0.9950 -0.1002
vn 0.9987 -0.0473 -0.0180
vn 0.9880 -0.1442 -0.0548
vn 0.9642 -0.2480 -0.0942
vn 0.9212 -0.3638 -0.1382
vn 0.8471 -0.4968 -0.1886
vn 0.7203 -0.6485 -0.2463
vn 0.5077 -0.8054 -0.3059
vn 0.1879 -0.9182 -0.3487
vn -0.1879 -0.9182 -0.3487
vn -0.5077 -0.8054 -0.3059
vn -0.7203 -0.6485 -0.2463
vn -0.8471 -0.4968 -0.1886
vn -0.9212 -0.3638 -0.1382
vn -0.9642 -0.2480 -0.0942
vn -0.9880 -0.1442 -0.0548
vn -0.9987 -0.0473 -0.0180
vn -0.9987 0.0473 0.0180
vn -0.9880 0.1442 0.0548
vn -0.9642 0.2480 0.0942
vn -0.9212 0.3638 0.1382
vn -0.8471 0.4968 0.1886
vn -0.7203 0.6485 0.2463
vn -0.5077 0.8054 0.3059
vn -0.1879 0.9182 0.3487
vn 0.1879 0.9182 0.3487
vn 0.5077 0.8054 0.3059
vn 0.7203 0.6485 0.2463
vn 0.8471 0.4968 0.1886
vn 0.9212 0.3638 0.1382
vn 0.9642 0.2480 0.0942
vn -0.0000 -0.9935 0.1137
vn 0.9880 0.1442 0.0548
vn 0.9987 0.0473 0.0180
vn -0.0000 0.9935 -0.1137
vn 0.9985 -0.0518 -0.0174
vn 0.9861 -0.1574 -0.0530
vn 0.9587 -0.2697 -0.0908
vn 0.9099 -0.3930 -0.1324
vn 0.8282 -0.5311 -0.1789
vn 0.6934 -0.6828 -0.2300
vn 0.4793 -0.8317 -0.2801
vn 0.1746 -0.9331 -0.3143
vn -0.1746 -0.9331 -0.3143
vn -0.4793 -0.8317 -0.2801
vn -0.6934 -0.6828 -0.2300
vn -0.8282 -0.5311 -0.1789
vn -0.9099 -0.3930 -0.1324
vn -0.9587 -0.2697 -0.0908
vn -0.9861 -0.1574 -0.0530
vn -0.9985 -0.0518 -0.0174
vn -0.9985 0.0518 0.0174
vn -0.9861 0.1574 0.0530
vn -0.9587 0.2697 0.0908
vn -0.9099 0.3930 0.1324
vn -0.8282 0.5311 0.1789
vn -0.6934 0.6828 0.2300
vn -0.4794 0.8317 0.2801
vn -0.1746 0.9331 0.3143
vn 0.1746 0.9331 0.3143
vn 0.4794 0.8317 0.2801
vn 0.6934 0.6828 0.2300
vn 0.8282 0.5311 0.1789
vn 0.9099 0.3930 0.1324
vn 0.9587 0.2697 0.0908
vn -0.0000 -0.9918 0.1280
vn 0.9861 0.1574 0.0530
vn 0.9985 0.0518 0.0174
vn -0.0000 0.9918 -0.1280
vn 0.9983 -0.0560 -0.0168
vn 0.9841 -0.1701 -0.0511
vn 0.9530 -0.2903 -0.0873
vn 0.8986 -0.4202 -0.1263
vn 0.8096 -0.5622 -0.1690
vn 0.6682 -0.7125 -0.2142
vn 0.4542 -0.8532 -0.2565
vn 0.1633 -0.9448 -0.2840
vn -0.1633 -0.9448 -0.2840
vn -0.4542 -0.8532 -0.2565
vn -0.6682 -0.7125 -0.2142
vn -0.8096 -0.5622 -0.1690
vn -0.8986 -0.4202 -0.1263
vn -0.9530 -0.2903 -0.0873
vn -0.9841 -0.1701 -0.0511
vn -0.9983 -0.0560 -0.0168
vn -0.9983 0.0560 0.0168
vn -0.9841 0.1701 0.0511
vn -0.9530 0.2903 0.0873
vn -0.8986 0.4202 0.1263
vn -0.8096 0.5622 0.1690
vn -0.6682 0.7125 0.2142
vn -0.4542 0.8532 0.2565
vn -0.1633 0.9448 0.2840
vn 0.1633 0.9448 0.2840
vn 0.4542 0.8532 0.2565
vn 0.6682 0.7125 0.2142
vn 0.8096 0.5622 0.1690
vn 0.8986 0.4202 0.1263
vn 0.9530 0.2903 0.0873
vn -0.0000 -0.9897 0.1431
vn 0.9841 0.1701 0.0511
vn 0.9983 0.0560 0.0168
vn -0.0000 0.9897 -0.1431
vn 0.9979 -0.0624 -0.0158
vn 0.9808 -0.1888 -0.0480
vn 0.9439 -0.3201 -0.0813
vn 0.8809 -0.4587 -0.1165
vn 0.7818 -0.6044 -0.1535
vn 0.6325 -0.7507 -0.1907
vn 0.4205 -0.8794 -0.2234
vn 0.1488 -0.9584 -0.2435
vn -0.1488 -0.9584 -0.2435
vn -0.4205 -0.8794 -0.2234
vn -0.6325 -0.7507 -0.1907
vn -0.7818 -0.6044 -0.1535
vn -0.8809 -0.4587 -0.1165
vn -0.9439 -0.3201 -0.0813
vn -0.9808 -0.1888 -0.0480
vn -0.9979 -0.0624 -0.0158
vn -0.9979 0.0624 0.0158
vn -0.9808 0.1888 0.0480
vn -0.9439 0.3201 0.0813
vn -0.8809 0.4587 0.1165
vn -0.7818 0.6044 0.1535
vn -0.6325 0.7507 0.1907
vn -0.4205 0.8794 0.2234
vn -0.1488 0.9584 0.2435
vn 0.1488 0.9584 0.2435
vn 0.4205 0.8794 0.2234
vn 0.6325 0.7507 0.1907
vn 0.7818 0.6044 0.1535
vn 0.8809 0.4587 0.1165
vn 0.9439 0.3201 0.0813
vn -0.0000 -0.9857 0.1687
vn 0.9808 0.1888 0.0480
vn 0.9979 0.0624 0.0158
vn -0.0000 0.9857 -0.1687
vn 0.9975 -0.0696 -0.0145
vn 0.9767 -0.2100 -0.0436
vn 0.9326 -0.3533 -0.0733
vn 0.8598 -0.5000 -0.1038
vn 0.7500 -0.6476 -0.1344
vn 0.5941 -0.7876 -0.1635
vn 0.3866 -0.9030 -0.1875
vn 0.1348 -0.9702 -0.2014
vn -0.1348 -0.9702 -0.2014
vn -0.3866 -0.9030 -0.1875
vn -0.5941 -0.7876 -0.1635
vn -0.7500 -0.6476 -0.1344
vn -0.8598 -0.5000 -0.1038
vn -0.9326 -0.3533 -0.0733
vn -0.9767 -0.2100 -0.0436
vn -0.9975 -0.0696 -0.0145
vn -0.9975 0.0696 0.0145
vn -0.9767 0.2100 0.0436
vn -0.9326 0.3533 0.0733
vn -0.8598 0.5000 0.1038
vn -0.7500 0.6476 0.1344
vn -0.5941 0.7876 0.1635
vn -0.3866 0.9030 0.1875
vn -0.1349 0.9702 0.2014
vn 0.1348 0.9702 0.2014
vn 0.3866 0.9030 0.1875
vn 0.5941 0.7876 0.1635
vn 0.7500 0.6476 0.1344
vn 0.8598 0.5000 0.1038
vn 0.9326 0.3533 0.0733
vn -0.0000 -0.9788 0.2049
vn 0.9767 0.2100 0.0436
vn 0.9975 0.0696 0.0145
vn -0.0000 0.9788 -0.2049
vn 0.9970 -0.0763 -0.0129
vn 0.9726 -0.2292 -0.0387
vn 0.9216 -0.3827 -0.0647
vn 0.8398 -0.5354 -0.0905
vn 0.7214 -0.6828 -0.1154
vn 0.5614 -0.8160 -0.1379
vn 0.3593 -0.9202 -0.1555
vn 0.1241 -0.9784 -0.1654
vn -0.1241 -0.9784 -0.1654
vn -0.3593 -0.9202 -0.1555
vn -0.5614 -0.8160 -0.1379
vn -0.7214 -0.6828 -0.1154
vn -0.8398 -0.5354 -0.0905
vn -0.9216 -0.3827 -0.0647
vn -0.9726 -0.2292 -0.0387
vn -0.9970 -0.0763 -0.0129
vn -0.9970 0.0763 0.0129
vn -0.9726 0.2292 0.0387
vn -0.9216 0.3827 0.0647
vn -0.8398 0.5354 0.0905
vn -0.7214 0.6828 0.1154
vn -0.5614 0.8160 0.1379
vn -0.3593 0.9202 0.1555
vn -0.1240 0.9784 0.1654
vn 0.1240 0.9784 0.1654
vn 0.3593 0.9202 0.1555
vn 0.5614 0.8160 0.1379
vn 0.7214 0.6828 0.1154
vn 0.8398 0.5354 0.0905
vn 0.9216 0.3827 0.0647
vn -0.0000 -0.9685 0.2491
vn 0.9726 0.2292 0.0387
vn 0.9970 0.0763 0.0129
vn -0.0000 0.9685 -0.2491
vn 0.9963 -0.0853 -0.0101
vn 0.9665 -0.2548 -0.0302
vn 0.9058 -0.4208 -0.0499
vn 0.8122 -0.5793 -0.0687
vn 0.6840 -0.7244 -0.0860
vn 0.5212 -0.8475 -0.1006
vn 0.3275 -0.9383 -0.1113
vn 0.1118 -0.9868 -0.1171
vn -0.1118 -0.9868 -0.1171
vn -0.3275 -0.9383 -0.1113
vn -0.5212 -0.8475 -0.1006
vn -0.6840 -0.7244 -0.0860
vn -0.8122 -0.5793 -0.0687
vn -0.9058 -0.4208 -0.0499
vn -0.9665 -0.2548 -0.0302
vn -0.9963 -0.0853 -0.0101
vn -0.9963 0.0853 0.0101
vn -0.9665 0.2548 0.0302
vn -0.9058 0.4208 0.0499
vn -0.8122 0.5793 0.0687
vn -0.6840 0.7244 0.0860
vn -0.5212 0.8475 0.1006
vn -0.3275 0.9383 0.1113
vn -0.1118 0.9868 0.1171
vn 0.1118 0.9868 0.1171
vn 0.3275 0.9383 0.1113
vn 0.5212 0.8475 0.1006
vn 0.6840 0.7244 0.0860
vn 0.8122 0.5793 0.0687
vn 0.9058 0.4208 0.0499
vn -0.0000 -0.9390 0.3440
vn 0.9665 0.2548 0.0302
vn 0.9963 0.0853 0.0101
vn -0.0000 0.9390 -0.3440
vn 0.9957 -0.0920 -0.0071
vn 0.9616 -0.2736 -0.0211
vn 0.8934 -0.4480 -0.0345
vn 0.7915 -0.6094 -0.0469
vn 0.6573 -0.7514 -0.0578
vn 0.4940 -0.8669 -0.0667
vn 0.3069 -0.9489 -0.0731
vn 0.1041 -0.9916 -0.0763
vn -0.1041 -0.9916 -0.0763
vn -0.3069 -0.9489 -0.0731
vn -0.4940 -0.8669 -0.0667
vn -0.6573 -0.7514 -0.0578
vn -0.7915 -0.6094 -0.0469
vn -0.8934 -0.4480 -0.0345
vn -0.9616 -0.2736 -0.0211
vn -0.9957 -0.0920 -0.0071
vn -0.9957 0.0920 0.0071
vn -0.9616 0.2736 0.0211
vn -0.8934 0.4480 0.0345
vn -0.7915 0.6094 0.0469
vn -0.6573 0.7514 0.0578
vn -0.4940 0.8669 0.0667
vn -0.3069 0.9489 0.0731
vn -0.1041 0.9916 0.0763
vn 0.1041 0.9916 0.0763
vn 0.3069 0.9489 0.0731
vn 0.4940 0.8669 0.0667
vn 0.6573 0.7514 0.0578
vn 0.7915 0.6094 0.0469
vn 0.8934 0.4480 0.0345
vn -0.0000 -0.8708 0.4917
vn 0.9616 0.2736 0.0211
vn 0.9957 0.0920 0.0071
vn -0.0000 0.8708 -0.4917
vn 0.9953 -0.0966 -0.0035
vn 0.9581 -0.2863 -0.0104
vn 0.8847 -0.4658 -0.0170
vn 0.7775 -0.6285 -0.0229
vn 0.6398 -0.7680 -0.0280
vn 0.4767 -0.8785 -0.0320
vn 0.2941 -0.9551 -0.0348
vn 0.0994 -0.9944 -0.0362
vn -0.0994 -0.9944 -0.0362
vn -0.2941 -0.9551 -0.0348
vn -0.4767 -0.8785 -0.0320
vn -0.6398 -0.7680 -0.0280
vn -0.7775 -0.6285 -0.0229
vn -0.8847 -0.4658 -0.0170
vn -0.9581 -0.2863 -0.0104
vn -0.9953 -0.0966 -0.0035
vn -0.9953 0.0966 0.0035
vn -0.9581 0.2863 0.0104
vn -0.8847 0.4658 0.0170
vn -0.7775 0.6285 0.0229
vn -0.6398 0.7680 0.0280
vn -0.4767 0.8785 0.0320
vn -0.2941 0.9551 0.0348
vn -0.0994 0.9944 0.0362
vn 0.0994 0.9944 0.0362
vn 0.2941 0.9551 0.0348
vn 0.4767 0.8785 0.0320
vn 0.6398 0.7680 0.0280
vn 0.7775 0.6285 0.0229
vn 0.8847 0.4658 0.0170
vn -0.0000 -0.6425 0.7663
vn 0.9581 0.2863 0.0104
vn 0.9953 0.0966 0.0035
vn -0.0000 0.6425 -0.7663
vn 0.9952 -0.0980 -0.0000
vn 0.9569 -0.2903 -0.0000
vn 0.8819 -0.4714 0.0001
vn 0.7730 -0.6344 0.0001
vn 0.6344 -0.7730 0.0001
vn 0.4714 -0.8819 0.0001
vn 0.2903 -0.9569 0.0001
vn 0.0980 -0.9952 0.0001
vn -0.0980 -0.9952 0.0001
vn -0.2903 -0.9569 0.0001
vn -0.4714 -0.8819 0.0001
vn -0.6344 -0.7730 0.0001
vn -0.7730 -0.6344 0.0001
vn -0.8819 -0.4714 0.0001
vn -0.9569 -0.2903 -0.0000
vn -0.9952 -0.0980 -0.0000
vn -0.9952 0.0980 -0.0000
vn -0.9569 0.2903 -0.0000
vn -0.8819 0.4714 -0.0001
vn -0.7730 0.6344 -0.0001
vn -0.6344 0.7730 -0.0001
vn -0.4714 0.8819 -0.0001
vn -0.2903 0.9569 -0.0001
vn -0.0980 0.9952 -0.0001
vn 0.0980 0.9952 -0.0001
vn 0.2903 0.9569 -0.0001
vn 0.4714 0.8819 -0.0001
vn 0.6344 0.7730 -0.0001
vn 0.7730 0.6344 -0.0001
vn 0.8819 0.4714 -0.0001
vn -0.0000 0.0027 1.0000
vn 0.9569 0.2903 -0.0000
vn 0.9952 0.0980 -0.0000
vn -0.0000 -0.0027 -1.0000
vn 0.9953 -0.0972 0.0026
vn 0.9576 -0.2880 0.0078
vn 0.8835 -0.4683 0.0128
vn 0.7755 -0.6311 0.0172
vn 0.6375 -0.7702 0.0210
vn 0.4744 -0.8800 0.0240
vn 0.2924 -0.9559 0.0260
vn 0.0988 -0.9947 0.0271
vn -0.0988 -0.9947 0.0271
vn -0.2924 -0.9559 0.0260
vn -0.4744 -0.8800 0.0240
vn -0.6375 -0.7702 0.0210
vn -0.7755 -0.6311 0.0172
vn -0.8835 -0.4683 0.0127
vn -0.9576 -0.2880 0.0078
vn -0.9953 -0.0972 0.0026
vn -0.9953 0.0972 -0.0026
vn -0.9576 0.2880 -0.0078
vn -0.8835 0.4683 -0.0127
vn -0.7755 0.6311 -0.0172
vn -0.6375 0.7702 -0.0210
vn -0.4744 0.8800 -0.0240
vn -0.2924 0.9559 -0.0260
vn -0.0988 0.9947 -0.0271
vn 0.0988 0.9947 -0.0271
vn 0.2924 0.9559 -0.0260
vn 0.4744 0.8800 -0.0240
vn 0.6375 0.7702 -0.0210
vn 0.7755 0.6311 -0.0172
vn 0.8835 0.4683 -0.0127
vn -0.0000 0.5308 0.8475
vn 0.9576 0.2880 -0.0078
vn 0.9953 0.0972 -0.0026
vn -0.0000 -0.5308 -0.8475
vn 0.9955 -0.0951 0.0050
vn 0.9593 -0.2821 0.0148
vn 0.8876 -0.4600 0.0242
vn 0.7821 -0.6223 0.0327
vn 0.6455 -0.7627 0.0401
vn 0.4823 -0.8748 0.0460
vn 0.2982 -0.9532 0.0501
vn 0.1009 -0.9935 0.0523
vn -0.1009 -0.9935 0.0523
vn -0.2982 -0.9532 0.0501
vn -0.4823 -0.8748 0.0460
vn -0.6455 -0.7627 0.0401
vn -0.7821 -0.6223 0.0327
vn -0.8876 -0.4600 0.0242
vn -0.9593 -0.2821 0.0148
vn -0.9955 -0.0951 0.0050
vn -0.9955 0.0951 -0.0050
vn -0.9593 0.2821 -0.0148
vn -0.8876 0.4600 -0.0242
vn -0.7821 0.6223 -0.0327
vn -0.6455 0.7627 -0.0401
vn -0.4823 0.8748 -0.0460
vn -0.2982 0.9532 -0.0501
vn -0.1009 0.9935 -0.0523
vn 0.1009 0.9935 -0.0523
vn 0.2982 0.9532 -0.0501
vn 0.4823 0.8748 -0.0460
vn 0.6455 0.7627 -0.0401
vn 0.7821 0.6223 -0.0327
vn 0.8876 0.4600 -0.0242
vn -0.0000 0.7708 0.6370
vn 0.9593 0.2821 -0.0148
vn 0.9955 0.0951 -0.0050
vn -0.0000 -0.7708 -0.6370
vn 0.9956 -0.0933 0.0063
vn 0.9606 -0.2771 0.0188
vn 0.8910 -0.4529 0.0307
vn 0.7876 -0.6147 0.0416
vn 0.6524 -0.7561 0.0512
vn 0.4891 -0.8702 0.0590
vn 0.3032 -0.9507 0.0644
vn 0.1028 -0.9924 0.0672
vn -0.1028 -0.9924 0.0672
vn -0.3032 -0.9507 0.0644
vn -0.4891 -0.8702 0.0590
vn -0.6525 -0.7561 0.0512
vn -0.7876 -0.6147 0.0416
vn -0.8910 -0.4529 0.0307
vn -0.9606 -0.2771 0.0188
vn -0.9956 -0.0933 0.0063
vn -0.9956 0.0933 -0.0063
vn -0.9606 0.2771 -0.0188
vn -0.8910 0.4529 -0.0307
vn -0.7876 0.6147 -0.0416
vn -0.6525 0.7561 -0.0512
vn -0.4891 0.8702 -0.0590
vn -0.3032 0.9507 -0.0644
vn -0.1028 0.9924 -0.0672
vn 0.1028 0.9924 -0.0672
vn 0.3032 0.9507 -0.0644
vn 0.4891 0.8702 -0.0590
vn 0.6524 0.7561 -0.0512
vn 0.7876 0.6147 -0.0416
vn 0.8910 0.4529 -0.0307
vn -0.0000 0.8417 0.5400
vn 0.9606 0.2771 -0.0188
vn 0.9956 0.0933 -0.0063
vn -0.0000 -0.8417 -0.5400
vn 0.9958 -0.0911 0.0076
vn 0.9623 -0.2711 0.0226
vn 0.8951 -0.4443 0.0370
vn 0.7943 -0.6054 0.0504
vn 0.6609 -0.7479 0.0623
vn 0.4976 -0.8644 0.0720
vn 0.3095 -0.9476 0.0789
vn 0.1051 -0.9910 0.0825
vn -0.1051 -0.9910 0.0825
vn -0.3095 -0.9476 0.0789
vn -0.4976 -0.8644 0.0720
vn -0.6609 -0.7479 0.0623
vn -0.7943 -0.6054 0.0504
vn -0.8951 -0.4443 0.0370
vn -0.9623 -0.2711 0.0226
vn -0.9958 -0.0911 0.0076
vn -0.9958 0.0911 -0.0076
vn -0.9623 0.2711 -0.0226
vn -0.8951 0.4443 -0.0370
vn -0.7943 0.6054 -0.0504
vn -0.6609 0.7479 -0.0623
vn -0.4976 0.8644 -0.0720
vn -0.3095 0.9476 -0.0789
vn -0.1051 0.9910 -0.0825
vn 0.1051 0.9910 -0.0825
vn 0.3095 0.9476 -0.0789
vn 0.4976 0.8644 -0.0720
vn 0.6609 0.7479 -0.0623
vn 0.7943 0.6054 -0.0504
vn 0.8951 0.4443 -0.0370
vn -0.0000 0.8865 0.4627
vn 0.9623 0.2711 -0.0226
vn 0.9958 0.0911 -0.0076
vn -0.0000 -0.8865 -0.4627
vn 0.9959 -0.0901 0.0081
vn 0.9630 -0.2685 0.0240
vn 0.8969 -0.4406 0.0394
vn 0.7972 -0.6013 0.0538
vn 0.6646 -0.7442 0.0666
vn 0.5013 -0.8619 0.0771
vn 0.3123 -0.9462 0.0846
vn 0.1061 -0.9904 0.0886
vn -0.1061 -0.9904 0.0886
vn -0.3123 -0.9462 0.0846
vn -0.5013 -0.8619 0.0771
vn -0.6646 -0.7442 0.0666
vn -0.7972 -0.6013 0.0538
vn -0.8969 -0.4406 0.0394
vn -0.9630 -0.2685 0.0240
vn -0.9959 -0.0901 0.0081
vn -0.9959 0.0901 -0.0081
vn -0.9630 0.2685 -0.0240
vn -0.8969 0.4406 -0.0394
vn -0.7972 0.6013 -0.0538
vn -0.6646 0.7442 -0.0666
vn -0.5013 0.8619 -0.0771
vn -0.3123 0.9462 -0.0846
vn -0.1061 0.9904 -0.0886
vn 0.1061 0.9904 -0.0886
vn 0.3123 0.9462 -0.0846
vn 0.5013 0.8619 -0.0771
vn 0.6646 0.7442 -0.0666
vn 0.7972 0.6013 -0.0538
vn 0.8969 0.4406 -0.0394
vn -0.0000 0.8994 0.4372
vn 0.9630 0.2685 -0.0240
vn 0.9959 0.0901 -0.0081
vn -0.0000 -0.8994 -0.4372
vn 0.9960 -0.0892 0.0085
vn 0.9637 -0.2657 0.0254
vn 0.8987 -0.4366 0.0418
vn 0.8003 -0.5969 0.0571
vn 0.6685 -0.7403 0.0708
vn 0.5052 -0.8591 0.0822
vn 0.3153 -0.9447 0.0904
vn 0.1073 -0.9897 0.0947
vn -0.1073 -0.9897 0.0947
vn -0.3153 -0.9447 0.0904
vn -0.5052 -0.8591 0.0822
vn -0.6685 -0.7403 0.0708
vn -0.8003 -0.5969 0.0571
vn -0.8987 -0.4366 0.0418
vn -0.9637 -0.2657 0.0254
vn -0.9960 -0.0892 0.0085
vn -0.9960 0.0892 -0.0085
vn -0.9637 0.2657 -0.0254
vn -0.8987 0.4366 -0.0418
vn -0.8003 0.5969 -0.0571
vn -0.6685 0.7403 -0.0708
vn -0.5052 0.8591 -0.0822
vn -0.3153 0.9447 -0.0904
vn -0.1073 0.9897 -0.0947
vn 0.1073 0.9897 -0.0947
vn 0.3153 0.9447 -0.0904
vn 0.5052 0.8591 -0.0822
vn 0.6685 0.7403 -0.0708
vn 0.8003 0.5969 -0.0571
vn 0.8987 0.4366 -0.0418
vn -0.0000 0.9105 0.4136
vn 0.9637 0.2657 -0.0254
vn 0.9960 0.0892 -0.0085
vn -0.0000 -0.9105 -0.4136
vn 0.9960 -0.0888 0.0087
vn 0.9640 -0.2647 0.0259
vn 0.8994 -0.4351 0.0426
vn 0.8014 -0.5953 0.0583
vn 0.6699 -0.7389 0.0724
vn 0.5067 -0.8580 0.0840
vn 0.3164 -0.9441 0.0924
vn 0.1077 -0.9895 0.0969
vn -0.1077 -0.9895 0.0969
vn -0.3164 -0.9441 0.0924
vn -0.5067 -0.8580 0.0840
vn -0.6699 -0.7389 0.0724
vn -0.8014 -0.5953 0.0583
vn -0.8994 -0.4351 0.0426
vn -0.9640 -0.2647 0.0259
vn -0.9960 -0.0888 0.0087
vn -0.9960 0.0888 -0.0087
vn -0.9640 0.2647 -0.0259
vn -0.8994 0.4351 -0.0426
vn -0.8014 0.5953 -0.0583
vn -0.6699 0.7389 -0.0724
vn -0.5067 0.8580 -0.0840
vn -0.3164 0.9441 -0.0924
vn -0.1077 0.9895 -0.0969
vn 0.1077 0.9895 -0.0969
vn 0.3164 0.9441 -0.0924
vn 0.5067 0.8580 -0.0840
vn 0.6699 0.7389 -0.0724
vn 0.8014 0.5953 -0.0583
vn 0.8994 0.4351 -0.0426
vn -0.0000 0.9140 0.4057
vn 0.9640 0.2647 -0.0259
vn 0.9960 0.0888 -0.0087
vn -0.0000 -0.9140 -0.4057
vn 0.9640 -0.2648 0.0259
vn 0.8993 -0.4353 0.0425
vn 0.8013 -0.5955 0.0582
vn 0.6698 -0.7390 0.0722
vn 0.5065 -0.8581 0.0838
vn 0.3163 -0.9442 0.0922
vn 0.1076 -0.9895 0.0967
vn -0.1076 -0.9895 0.0967
vn -0.3163 -0.9442 0.0922
vn -0.5065 -0.8581 0.0838
vn -0.6698 -0.7390 0.0722
vn -0.8013 -0.5955 0.0582
vn -0.8993 -0.4353 0.0425
vn -0.9640 -0.2648 0.0259
vn -0.9640 0.2648 -0.0259
vn -0.8993 0.4353 -0.0425
vn -0.8013 0.5955 -0.0582
vn -0.6698 0.7390 -0.0722
vn -0.5065 0.8581 -0.0838
vn -0.3163 0.9442 -0.0922
vn -0.1076 0.9895 -0.0967
vn 0.1076 0.9895 -0.0967
vn 0.3163 0.9442 -0.0922
vn 0.5065 0.8581 -0.0838
vn 0.6698 0.7390 -0.0722
vn 0.8013 0.5955 -0.0582
vn 0.8993 0.4353 -0.0425
vn -0.0000 0.9136 0.4066
vn 0.9640 0.2648 -0.0259
vn -0.0000 -0.9136 -0.4066
vn 0.9960 -0.0889 0.0087
vn 0.9639 -0.2649 0.0258
vn 0.8992 -0.4355 0.0424
vn 0.8011 -0.5957 0.0580
vn 0.6696 -0.7392 0.0720
vn 0.5063 -0.8583 0.0836
vn 0.3161 -0.9442 0.0920
vn 0.1076 -0.9895 0.0964
vn -0.1076 -0.9895 0.0964
vn -0.3161 -0.9442 0.0920
vn -0.5063 -0.8583 0.0836
vn -0.6696 -0.7392 0.0720
vn -0.8011 -0.5957 0.0580
vn -0.8992 -0.4355 0.0424
vn -0.9639 -0.2649 0.0258
vn -0.9960 -0.0889 0.0087
vn -0.9960 0.0889 -0.0087
vn -0.9639 0.2649 -0.0258
vn -0.8992 0.4355 -0.0424
vn -0.8011 0.5957 -0.0580
vn -0.6696 0.7392 -0.0720
vn -0.5063 0.8583 -0.0836
vn -0.3161 0.9442 -0.0920
vn -0.1076 0.9895 -0.0964
vn 0.1076 0.9895 -0.0964
vn 0.3161 0.9442 -0.0920
vn 0.5063 0.8583 -0.0836
vn 0.6696 0.7392 -0.0720
vn 0.8011 0.5957 -0.0580
vn 0.8992 0.4355 -0.0424
vn -0.0000 0.9132 0.4076
vn 0.9639 0.2649 -0.0258
vn 0.9960 0.0889 -0.0087
vn -0.0000 -0.9132 -0.4076
vn 0.9959 -0.0896 0.0083
vn 0.9634 -0.2671 0.0247
vn 0.8978 -0.4385 0.0406
vn 0.7988 -0.5991 0.0555
vn 0.6666 -0.7423 0.0688
vn 0.5033 -0.8604 0.0797
vn 0.3138 -0.9454 0.0876
vn 0.1067 -0.9901 0.0917
vn -0.1067 -0.9901 0.0917
vn -0.3138 -0.9454 0.0876
vn -0.5033 -0.8604 0.0797
vn -0.6666 -0.7423 0.0688
vn -0.7988 -0.5991 0.0555
vn -0.8978 -0.4385 0.0406
vn -0.9634 -0.2671 0.0247
vn -0.9959 -0.0896 0.0083
vn -0.9959 0.0896 -0.0083
vn -0.9634 0.2671 -0.0247
vn -0.8978 0.4385 -0.0406
vn -0.7988 0.5991 -0.0555
vn -0.6666 0.7423 -0.0688
vn -0.5033 0.8604 -0.0797
vn -0.3138 0.9454 -0.0876
vn -0.1067 0.9901 -0.0917
vn 0.1067 0.9901 -0.0917
vn 0.3138 0.9454 -0.0876
vn 0.5033 0.8604 -0.0797
vn 0.6666 0.7423 -0.0688
vn 0.7988 0.5991 -0.0555
vn 0.8978 0.4385 -0.0406
vn -0.0000 0.9053 0.4248
vn 0.9634 0.2671 -0.0247
vn 0.9959 0.0896 -0.0083
vn -0.0000 -0.9053 -0.4248
vn 0.9959 -0.0904 0.0080
vn 0.9628 -0.2691 0.0237
vn 0.8964 -0.4415 0.0388
vn 0.7965 -0.6023 0.0530
vn 0.6637 -0.7451 0.0656
vn 0.5004 -0.8625 0.0759
vn 0.3116 -0.9465 0.0833
vn 0.1059 -0.9906 0.0872
vn -0.1059 -0.9906 0.0872
vn -0.3116 -0.9465 0.0833
vn -0.5004 -0.8625 0.0759
vn -0.6637 -0.7451 0.0656
vn -0.7965 -0.6023 0.0530
vn -0.8964 -0.4415 0.0388
vn -0.9628 -0.2691 0.0237
vn -0.9959 -0.0904 0.0080
vn -0.9959 0.0904 -0.0080
vn -0.9628 0.2691 -0.0237
vn -0.8964 0.4415 -0.0388
vn -0.7965 0.6023 -0.0530
vn -0.6637 0.7451 -0.0656
vn -0.5004 0.8625 -0.0759
vn -0.3117 0.9465 -0.0833
vn -0.1059 0.9906 -0.0872
vn 0.1059 0.9906 -0.0872
vn 0.3117 0.9465 -0.0833
vn 0.5004 0.8625 -0.0759
vn 0.6637 0.7451 -0.0656
vn 0.7965 0.6023 -0.0530
vn 0.8964 0.4415 -0.0388
vn -0.0000 0.8966 0.4429
vn 0.9628 0.2691 -0.0237
vn 0.9959 0.0904 -0.0080
vn -0.0000 -0.8966 -0.4429
vn 0.9958 -0.0912 0.0075
vn 0.9622 -0.2714 0.0224
vn 0.8949 -0.4447 0.0367
vn 0.7940 -0.6058 0.0501
vn 0.6605 -0.7483 0.0618
vn 0.4972 -0.8647 0.0714
vn 0.3092 -0.9478 0.0783
vn 0.1050 -0.9911 0.0819
vn -0.1050 -0.9911 0.0819
vn -0.3092 -0.9478 0.0783
vn -0.4972 -0.8647 0.0714
vn -0.6605 -0.7482 0.0618
vn -0.7940 -0.6058 0.0501
vn -0.8949 -0.4447 0.0367
vn -0.9622 -0.2714 0.0224
vn -0.9958 -0.0912 0.0075
vn -0.9958 0.0912 -0.0075
vn -0.9622 0.2714 -0.0224
vn -0.8949 0.4447 -0.0367
vn -0.7940 0.6058 -0.0501
vn -0.6605 0.7482 -0.0618
vn -0.4972 0.8647 -0.0714
vn -0.3092 0.9478 -0.0783
vn -0.1050 0.9911 -0.0819
vn 0.1050 0.9911 -0.0819
vn 0.3092 0.9478 -0.0783
vn 0.4972 0.8647 -0.0714
vn 0.6605 0.7483 -0.0618
vn 0.7940 0.6058 -0.0501
vn 0.8949 0.4447 -0.0367
vn -0.0000 0.8850 0.4656
vn 0.9622 0.2714 -0.0224
vn 0.9958 0.0912 -0.0075
vn -0.0000 -0.8850 -0.4656
vn 0.9957 -0.0923 0.0069
vn 0.9614 -0.2745 0.0205
vn 0.8928 -0.4492 0.0336
vn 0.7906 -0.6107 0.0457
vn 0.6562 -0.7525 0.0563
vn 0.4928 -0.8677 0.0649
vn 0.3060 -0.9494 0.0711
vn 0.1038 -0.9918 0.0742
vn -0.1038 -0.9918 0.0742
vn -0.3060 -0.9494 0.0711
vn -0.4928 -0.8677 0.0649
vn -0.6562 -0.7525 0.0563
vn -0.7906 -0.6107 0.0457
vn -0.8928 -0.4492 0.0336
vn -0.9614 -0.2745 0.0205
vn -0.9957 -0.0923 0.0069
vn -0.9957 0.0923 -0.0069
vn -0.9614 0.2745 -0.0205
vn -0.8928 0.4492 -0.0336
vn -0.7906 0.6107 -0.0457
vn -0.6562 0.7525 -0.0563
vn -0.4928 0.8677 -0.0649
vn -0.3060 0.9494 -0.0711
vn -0.1038 0.9918 -0.0742
vn 0.1038 0.9918 -0.0742
vn 0.3060 0.9494 -0.0711
vn 0.4928 0.8677 -0.0649
vn 0.6562 0.7525 -0.0563
vn 0.7906 0.6107 -0.0457
vn 0.8928 0.4492 -0.0336
vn -0.0000 0.8647 0.5022
vn 0.9614 0.2745 -0.0205
vn 0.9957 0.0923 -0.0069
vn -0.0000 -0.8647 -0.5022
vn 0.9606 -0.2773 0.0186
vn 0.8909 -0.4532 0.0305
vn 0.7874 -0.6150 0.0414
vn 0.6522 -0.7563 0.0509
vn 0.4888 -0.8704 0.0585
vn 0.3031 -0.9508 0.0639
vn 0.1027 -0.9925 0.0667
vn -0.1027 -0.9925 0.0667
vn -0.3031 -0.9508 0.0639
vn -0.4888 -0.8704 0.0585
vn -0.6522 -0.7563 0.0509
vn -0.7874 -0.6150 0.0414
vn -0.8909 -0.4532 0.0305
vn -0.9606 -0.2773 0.0186
vn -0.9606 0.2773 -0.0186
vn -0.8909 0.4532 -0.0305
vn -0.7874 0.6150 -0.0414
vn -0.6522 0.7563 -0.0509
vn -0.4888 0.8704 -0.0585
vn -0.3031 0.9508 -0.0639
vn -0.1027 0.9925 -0.0667
vn 0.1027 0.9925 -0.0667
vn 0.3031 0.9508 -0.0639
vn 0.4888 0.8704 -0.0585
vn 0.6522 0.7563 -0.0509
vn 0.7874 0.6150 -0.0414
vn 0.8909 0.4532 -0.0305
vn -0.0000 0.8398 0.5429
vn 0.9606 0.2773 -0.0186
vn -0.0000 -0.8398 -0.5429
vn 0.9955 -0.0943 0.0056
vn 0.9598 -0.2801 0.0165
vn 0.8890 -0.4572 0.0270
vn 0.7843 -0.6193 0.0366
vn 0.6483 -0.7601 0.0449
vn 0.4850 -0.8730 0.0516
vn 0.3002 -0.9522 0.0562
vn 0.1017 -0.9931 0.0586
vn -0.1017 -0.9931 0.0586
vn -0.3002 -0.9522 0.0562
vn -0.4850 -0.8730 0.0516
vn -0.6483 -0.7601 0.0449
vn -0.7843 -0.6193 0.0366
vn -0.8890 -0.4572 0.0270
vn -0.9598 -0.2801 0.0165
vn -0.9955 -0.0943 0.0056
vn -0.9955 0.0943 -0.0056
vn -0.9598 0.2801 -0.0165
vn -0.8890 0.4572 -0.0270
vn -0.7843 0.6193 -0.0366
vn -0.6483 0.7601 -0.0449
vn -0.4850 0.8730 -0.0516
vn -0.3002 0.9522 -0.0562
vn -0.1017 0.9931 -0.0586
vn 0.1017 0.9931 -0.0586
vn 0.3002 0.9522 -0.0562
vn 0.4850 0.8730 -0.0516
vn 0.6483 0.7601 -0.0449
vn 0.7843 0.6193 -0.0366
vn 0.8890 0.4572 -0.0270
vn -0.0000 0.8053 0.5928
vn 0.9598 0.2801 -0.0165
vn 0.9955 0.0943 -0.0056
vn -0.0000 -0.8053 -0.5928
vn 0.9954 -0.0954 0.0047
vn 0.9590 -0.2831 0.0140
vn 0.8870 -0.4613 0.0228
vn 0.7810 -0.6237 0.0308
vn 0.6443 -0.7639 0.0377
vn 0.4810 -0.8756 0.0433
vn 0.2973 -0.9536 0.0471
vn 0.1006 -0.9937 0.0491
vn -0.1006 -0.9937 0.0491
vn -0.2973 -0.9536 0.0471
vn -0.4810 -0.8756 0.0433
vn -0.6443 -0.7639 0.0377
vn -0.7810 -0.6237 0.0308
vn -0.8869 -0.4613 0.0228
vn -0.9590 -0.2831 0.0140
vn -0.9954 -0.0954 0.0047
vn -0.9954 0.0954 -0.0047
vn -0.9590 0.2831 -0.0140
vn -0.8869 0.4613 -0.0228
vn -0.7810 0.6237 -0.0308
vn -0.6443 0.7639 -0.0377
vn -0.4810 0.8756 -0.0433
vn -0.2973 0.9536 -0.0471
vn -0.1006 0.9937 -0.0491
vn 0.1006 0.9937 -0.0491
vn 0.2973 0.9536 -0.0471
vn 0.4810 0.8756 -0.0433
vn 0.6443 0.7639 -0.0377
vn 0.7810 0.6237 -0.0308
vn 0.8869 0.4613 -0.0228
vn -0.0000 0.7508 0.6605
vn 0.9590 0.2831 -0.0140
vn 0.9954 0.0954 -0.0047
vn -0.0000 -0.7508 -0.6605
vn 0.9953 -0.0963 0.0038
vn 0.9583 -0.2855 0.0114
vn 0.8853 -0.4647 0.0186
vn 0.7783 -0.6273 0.0251
vn 0.6409 -0.7670 0.0307
vn 0.4777 -0.8778 0.0351
vn 0.2949 -0.9548 0.0382
vn 0.0997 -0.9942 0.0397
vn -0.0997 -0.9942 0.0397
vn -0.2949 -0.9548 0.0382
vn -0.4777 -0.8778 0.0351
vn -0.6409 -0.7670 0.0307
vn -0.7783 -0.6273 0.0251
vn -0.8853 -0.4647 0.0186
vn -0.9583 -0.2855 0.0114
vn -0.9953 -0.0963 0.0038
vn -0.9953 0.0963 -0.0038
vn -0.9583 0.2855 -0.0114
vn -0.8853 0.4647 -0.0186
vn -0.7783 0.6273 -0.0251
vn -0.6409 0.7670 -0.0307
vn -0.4777 0.8778 -0.0351
vn -0.2949 0.9548 -0.0382
vn -0.0997 0.9942 -0.0397
vn 0.0997 0.9942 -0.0397
vn 0.2949 0.9548 -0.0382
vn 0.4777 0.8778 -0.0351
vn 0.6409 0.7670 -0.0307
vn 0.7783 0.6273 -0.0251
vn 0.8853 0.4647 -0.0186
vn -0.0000 0.6768 0.7362
vn 0.9583 0.2855 -0.0114
vn 0.9953 0.0963 -0.0038
vn -0.0000 -0.6768 -0.7362
vn 0.9953 -0.0970 0.0030
vn 0.9577 -0.2875 0.0087
vn 0.8839 -0.4675 0.0142
vn 0.7761 -0.6303 0.0192
vn 0.6382 -0.7695 0.0234
vn 0.4751 -0.8795 0.0268
vn 0.2930 -0.9557 0.0291
vn 0.0990 -0.9946 0.0303
vn -0.0990 -0.9946 0.0303
vn -0.2930 -0.9557 0.0291
vn -0.4751 -0.8795 0.0268
vn -0.6382 -0.7695 0.0234
vn -0.7761 -0.6303 0.0192
vn -0.8839 -0.4675 0.0142
vn -0.9577 -0.2875 0.0087
vn -0.9953 -0.0970 0.0030
vn -0.9953 0.0970 -0.0030
vn -0.9577 0.2875 -0.0087
vn -0.8839 0.4675 -0.0142
vn -0.7761 0.6303 -0.0192
vn -0.6382 0.7695 -0.0234
vn -0.4751 0.8795 -0.0268
vn -0.2930 0.9557 -0.0291
vn -0.0990 0.9946 -0.0303
vn 0.0990 0.9946 -0.0303
vn 0.2930 0.9557 -0.0291
vn 0.4751 0.8795 -0.0268
vn 0.6382 0.7695 -0.0234
vn 0.7761 0.6303 -0.0192
vn 0.8839 0.4675 -0.0142
vn -0.0000 0.5734 0.8192
vn 0.9577 0.2875 -0.0087
vn 0.9953 0.0970 -0.0030
vn -0.0000 -0.5734 -0.8192
vn 0.9952 -0.0976 0.0020
vn 0.9573 -0.2890 0.0058
vn 0.8828 -0.4697 0.0095
vn 0.7744 -0.6326 0.0128
vn 0.6361 -0.7715 0.0156
vn 0.4730 -0.8809 0.0178
vn 0.2915 -0.9564 0.0193
vn 0.0985 -0.9949 0.0201
vn -0.0985 -0.9949 0.0201
vn -0.2915 -0.9564 0.0193
vn -0.4730 -0.8809 0.0178
vn -0.6361 -0.7715 0.0156
vn -0.7744 -0.6326 0.0128
vn -0.8828 -0.4697 0.0095
vn -0.9573 -0.2890 0.0058
vn -0.9952 -0.0976 0.0020
vn -0.9952 0.0976 -0.0020
vn -0.9573 0.2890 -0.0058
vn -0.8828 0.4697 -0.0095
vn -0.7744 0.6326 -0.0128
vn -0.6361 0.7715 -0.0156
vn -0.4730 0.8809 -0.0178
vn -0.2915 0.9564 -0.0193
vn -0.0985 0.9949 -0.0201
vn 0.0985 0.9949 -0.0201
vn 0.2915 0.9564 -0.0193
vn 0.4730 0.8809 -0.0178
vn 0.6361 0.7715 -0.0156
vn 0.7744 0.6326 -0.0128
vn 0.8828 0.4697 -0.0095
vn -0.0000 0.4215 0.9068
vn 0.9573 0.2890 -0.0058
vn 0.9952 0.0976 -0.0020
vn -0.0000 -0.4215 -0.9068
vn 0.9952 -0.0979 0.0010
vn 0.9570 -0.2900 0.0029
vn 0.8821 -0.4710 0.0047
vn 0.7734 -0.6339 0.0064
vn 0.6348 -0.7726 0.0078
vn 0.4718 -0.8817 0.0089
vn 0.2906 -0.9568 0.0096
vn 0.0981 -0.9951 0.0100
vn -0.0981 -0.9951 0.0100
vn -0.2906 -0.9568 0.0096
vn -0.4718 -0.8817 0.0089
vn -0.6348 -0.7726 0.0078
vn -0.7734 -0.6339 0.0064
vn -0.8821 -0.4710 0.0047
vn -0.9570 -0.2900 0.0029
vn -0.9952 -0.0979 0.0010
vn -0.9952 0.0979 -0.0010
vn -0.9570 0.2900 -0.0029
vn -0.8821 0.4710 -0.0047
vn -0.7734 0.6339 -0.0064
vn -0.6348 0.7726 -0.0078
vn -0.4718 0.8817 -0.0089
vn -0.2906 0.9568 -0.0096
vn -0.0981 0.9951 -0.0100
vn 0.0981 0.9951 -0.0100
vn 0.2906 0.9568 -0.0096
vn 0.4718 0.8817 -0.0089
vn 0.6348 0.7726 -0.0078
vn 0.7734 0.6339 -0.0064
vn 0.8821 0.4710 -0.0047
vn -0.0000 0.2256 0.9742
vn 0.9570 0.2900 -0.0029
vn 0.9952 0.0979 -0.0010
vn -0.0000 -0.2256 -0.9742
vn 0.8819 -0.4714 -0.0000
vn 0.7730 -0.6344 -0.0000
vn 0.6344 -0.7730 -0.0000
vn 0.4714 -0.8819 -0.0000
vn 0.2903 -0.9569 -0.0000
vn 0.0980 -0.9952 -0.0000
vn -0.0980 -0.9952 -0.0000
vn -0.2903 -0.9569 -0.0000
vn -0.4714 -0.8819 -0.0000
vn -0.6344 -0.7730 -0.0000
vn -0.7730 -0.6344 -0.0000
vn -0.8819 -0.4714 -0.0000
vn -0.8819 0.4714 -0.0000
vn -0.7730 0.6344 -0.0000
vn -0.6344 0.7730 -0.0000
vn -0.4714 0.8819 -0.0000
vn -0.2903 0.9569 -0.0000
vn -0.0980 0.9952 -0.0000
vn 0.0980 0.9952 -0.0000
vn 0.2903 0.9569 -0.0000
vn 0.4714 0.8819 -0.0000
vn 0.6344 0.7730 -0.0000
vn 0.7730 0.6344 -0.0000
vn 0.8819 0.4714 -0.0000
vn -0.0000 -0.0000 1.0000
vn -0.0000 -0.0000 -1.0000
vt 1.000000 0.500000
vt 1.000000 1.000000
vt 0.968750 1.000000
vt 0.968750 0.500000
vt 0.937500 1.000000
vt 0.937500 0.500000
vt 0.906250 1.000000
vt 0.906250 0.500000
vt 0.875000 1.000000
vt 0.875000 0.500000
vt 0.843750 1.000000
vt 0.843750 0.500000
vt 0.812500 1.000000
vt 0.812500 0.500000
vt 0.781250 1.000000
vt 0.781250 0.500000
vt 0.750000 1.000000
vt 0.750000 0.500000
vt 0.718750 1.000000
vt 0.718750 0.500000
vt 0.687500 1.000000
vt 0.687500 0.500000
vt 0.656250 1.000000
vt 0.656250 0.500000
vt 0.625000 1.000000
vt 0.625000 0.500000
vt 0.593750 1.000000
vt 0.593750 0.500000
vt 0.562500 1.000000
vt 0.562500 0.500000
vt 0.531250 1.000000
vt 0.531250 0.500000
vt 0.500000 1.000000
vt 0.500000 0.500000
vt 0.468750 1.000000
vt 0.468750 0.500000
vt 0.437500 1.000000
vt 0.437500 0.500000
vt 0.406250 1.000000
vt 0.406250 0.500000
vt 0.375000 1.000000
vt 0.375000 0.500000
vt 0.343750 1.000000
vt 0.343750 0.500000
vt 0.312500 1.000000
vt 0.312500 0.500000
vt 0.281250 1.000000
vt 0.281250 0.500000
vt 0.250000 1.000000
vt 0.250000 0.500000
vt 0.218750 1.000000
vt 0.218750 0.500000
vt 0.187500 1.000000
vt 0.187500 0.500000
vt 0.156250 1.000000
vt 0.156250 0.500000
vt 0.125000 1.000000
vt 0.125000 0.500000
vt 0.093750 1.000000
vt 0.093750 0.500000
vt 0.062500 1.000000
vt 0.062500 0.500000
vt 0.296822 0.485388
vt 0.250000 0.490000
vt 0.203178 0.485388
vt 0.158156 0.471731
vt 0.116663 0.449553
vt 0.080294 0.419706
vt 0.050447 0.383337
vt 0.028269 0.341844
vt 0.014612 0.296822
vt 0.010000 0.250000
vt 0.014612 0.203178
vt 0.028269 0.158156
vt 0.050447 0.116663
vt 0.080294 0.080294
vt 0.116663 0.050447
vt 0.158156 0.028269
vt 0.203178 0.014612
vt 0.250000 0.010000
vt 0.296822 0.014612
vt 0.341844 0.028269
vt 0.383337 0.050447
vt 0.419706 0.080294
vt 0.449553 0.116663
vt 0.471731 0.158156
vt 0.485388 0.203178
vt 0.490000 0.250000
vt 0.485388 0.296822
vt 0.471731 0.341844
vt 0.449553 0.383337
vt 0.419706 0.419706
vt 0.383337 0.449553
vt 0.341844 0.471731
vt 0.031250 1.000000
vt 0.031250 0.500000
vt 0.000000 1.000000
vt 0.000000 0.500000
vt 0.750000 0.490000
vt 0.796822 0.485388
vt 0.841844 0.471731
vt 0.883337 0.449553
vt 0.919706 0.419706
vt 0.949553 0.383337
vt 0.971731 0.341844
vt 0.985388 0.296822
vt 0.990000 0.250000
vt 0.985388 0.203178
vt 0.971731 0.158156
vt 0.949553 0.116663
vt 0.919706 0.080294
vt 0.883337 0.050447
vt 0.841844 0.028269
vt 0.796822 0.014612
vt 0.750000 0.010000
vt 0.703178 0.014612
vt 0.658156 0.028269
vt 0.616663 0.050447
vt 0.580294 0.080294
vt 0.550447 0.116663
vt 0.528269 0.158156
vt 0.514612 0.203178
vt 0.510000 0.250000
vt 0.514612 0.296822
vt 0.528269 0.341844
vt 0.550447 0.383337
vt 0.580294 0.419706
vt 0.616663 0.449553
vt 0.658156 0.471731
vt 0.703178 0.485388
s 0
usemtl 
f 311/59/323 312/60/323 314/61/323 313/62/323
f 313/62/324 314/61/324 316/63/324 315/64/324
f 315/64/325 316/63/325 318/65/325 317/66/325
f 317/66/326 318/65/326 320/67/326 319/68/326
f 319/68/327 320/67/327 322/69/327 321/70/327
f 321/70/328 322/69/328 324/71/328 323/72/328
f 323/72/329 324/71/329 326/73/329 325/74/329
f 325/74/330 326/73/330 328/75/330 327/76/330
f 327/76/331 328/75/331 330/77/331 329/78/331
f 329/78/332 330/77/332 332/79/332 331/80/332
f 331/80/333 332/79/333 334/81/333 333/82/333
f 333/82/334 334/81/334 336/83/334 335/84/334
f 335/84/335 336/83/335 338/85/335 337/86/335
f 337/86/336 338/85/336 340/87/336 339/88/336
f 339/88/337 340/87/337 342/89/337 341/90/337
f 341/90/338 342/89/338 344/91/338 343/92/338
f 343/92/339 344/91/339 346/93/339 345/94/339
f 345/94/340 346/93/340 348/95/340 347/96/340
f 347/96/341 348/95/341 350/97/341 349/98/341
f 349/98/342 350/97/342 352/99/342 351/100/342
f 351/100/343 352/99/343 354/101/343 353/102/343
f 353/102/344 354/101/344 356/103/344 355/104/344
f 355/104/345 356/103/345 358/105/345 357/106/345
f 357/106/346 358/105/346 360/107/346 359/108/346
f 359/108/347 360/107/347 362/109/347 361/110/347
f 361/110/348 362/109/348 364/111/348 363/112/348
f 363/112/349 364/111/349 366/113/349 365/114/349
f 365/114/350 366/113/350 368/115/350 367/116/350
f 367/116/351 368/115/351 370/117/351 369/118/351
f 369/118/352 370/117/352 372/119/352 371/120/352
f 314/121/353 312/122/353 374/123/353 372/124/353 370/125/353 368/126/353 366/127/353 364/128/353 362/129/353 360/130/353 358/131/353 356/132/353 354/133/353 352/134/353 350/135/353 348/136/353 346/137/353 344/138/353 342/139/353 340/140/353 338/141/353 336/142/353 334/143/353 332/144/353 330/145/353 328/146/353 326/147/353 324/148/353 322/149/353 320/150/353 318/151/353 316/152/353
f 371/120/354 372/119/354 374/153/354 373/154/354
f 373/154/355 374/153/355 312/155/355 311/156/355
f 311/157/356 313/158/356 315/159/356 317/160/356 319/161/356 321/162/356 323/163/356 325/164/356 327/165/356 329/166/356 331/167/356 333/168/356 335/169/356 337/170/356 339/171/356 341/172/356 343/173/356 345/174/356 347/175/356 349/176/356 351/177/356 353/178/356 355/179/356 357/180/356 359/181/356 361/182/356 363/183/356 365/184/356 367/185/356 369/186/356 371/187/356 373/188/356
f 375/59/357 376/60/357 378/61/357 377/62/357
f 377/62/358 378/61/358 380/63/358 379/64/358
f 379/64/359 380/63/359 382/65/359 381/66/359
f 381/66/360 382/65/360 384/67/360 383/68/360
f 383/68/361 384/67/361 386/69/361 385/70/361
f 385/70/362 386/69/362 388/71/362 387/72/362
f 387/72/363 388/71/363 390/73/363 389/74/363
f 389/74/364 390/73/364 392/75/364 391/76/364
f 391/76/365 392/75/365 394/77/365 393/78/365
f 393/78/366 394/77/366 396/79/366 395/80/366
f 395/80/367 396/79/367 398/81/367 397/82/367
f 397/82/368 398/81/368 400/83/368 399/84/368
f 399/84/369 400/83/369 402/85/369 401/86/369
f 401/86/370 402/85/370 404/87/370 403/88/370
f 403/88/371 404/87/371 406/89/371 405/90/371
f 405/90/372 406/89/372 408/91/372 407/92/372
f 407/92/373 408/91/373 410/93/373 409/94/373
f 409/94/374 410/93/374 412/95/374 411/96/374
f 411/96/375 412/95/375 414/97/375 413/98/375
f 413/98/376 414/97/376 416/99/376 415/100/376
f 415/100/377 416/99/377 418/101/377 417/102/377
f 417/102/378 418/101/378 420/103/378 419/104/378
f 419/104/379 420/103/379 422/105/379 421/106/379
f 421/106/380 422/105/380 424/107/380 423/108/380
f 423/108/381 424/107/381 426/109/381 425/110/381
f 425/110/382 426/109/382 428/111/382 427/112/382
f 427/112/383 428/111/383 430/113/383 429/114/383
f 429/114/384 430/113/384 432/115/384 431/116/384
f 431/116/385 432/115/385 434/117/385 433/118/385
f 433/118/386 434/117/386 436/119/386 435/120/386
f 378/121/387 376/122/387 438/123/387 436/124/387 434/125/387 432/126/387 430/127/387 428/128/387 426/129/387 424/130/387 422/131/387 420/132/387 418/133/387 416/134/387 414/135/387 412/136/387 410/137/387 408/138/387 406/139/387 404/140/387 402/141/387 400/142/387 398/143/387 396/144/387 394/145/387 392/146/387 390/147/387 388/148/387 386/149/387 384/150/387 382/151/387 380/152/387
f 435/120/388 436/119/388 438/153/388 437/154/388
f 437/154/389 438/153/389 376/155/389 375/156/389
f 375/157/390 377/158/390 379/159/390 381/160/390 383/161/390 385/162/390 387/163/390 389/164/390 391/165/390 393/166/390 395/167/390 397/168/390 399/169/390 401/170/390 403/171/390 405/172/390 407/173/390 409/174/390 411/175/390 413/176/390 415/177/390 417/178/390 419/179/390 421/180/390 423/181/390 425/182/390 427/183/390 429/184/390 431/185/390 433/186/390 435/187/390 437/188/390
f 439/59/391 440/60/391 442/61/391 441/62/391
f 441/62/392 442/61/392 444/63/392 443/64/392
f 443/64/393 444/63/393 446/65/393 445/66/393
f 445/66/394 446/65/394 448/67/394 447/68/394
f 447/68/395 448/67/395 450/69/395 449/70/395
f 449/70/396 450/69/396 452/71/396 451/72/396
f 451/72/397 452/71/397 454/73/397 453/74/397
f 453/74/398 454/73/398 456/75/398 455/76/398
f 455/76/399 456/75/399 458/77/399 457/78/399
f 457/78/400 458/77/400 460/79/400 459/80/400
f 459/80/401 460/79/401 462/81/401 461/82/401
f 461/82/402 462/81/402 464/83/402 463/84/402
f 463/84/403 464/83/403 466/85/403 465/86/403
f 465/86/404 466/85/404 468/87/404 467/88/404
f 467/88/405 468/87/405 470/89/405 469/90/405
f 469/90/406 470/89/406 472/91/406 471/92/406
f 471/92/407 472/91/407 474/93/407 473/94/407
f 473/94/408 474/93/408 476/95/408 475/96/408
f 475/96/409 476/95/409 478/97/409 477/98/409
f 477/98/410 478/97/410 480/99/410 479/100/410
f 479/100/411 480/99/411 482/101/411 481/102/411
f 481/102/412 482/101/412 484/103/412 483/104/412
f 483/104/413 484/103/413 486/105/413 485/106/413
f 485/106/414 486/105/414 488/107/414 487/108/414
f 487/108/415 488/107/415 490/109/415 489/110/415
f 489/110/416 490/109/416 492/111/416 491/112/416
f 491/112/417 492/111/417 494/113/417 493/114/417
f 493/114/418 494/113/418 496/115/418 495/116/418
f 495/116/419 496/115/419 498/117/419 497/118/419
f 497/118/420 498/117/420 500/119/420 499/120/420
f 442/121/421 440/122/421 502/123/421 500/124/421 498/125/421 496/126/421 494/127/421 492/128/421 490/129/421 488/130/421 486/131/421 484/132/421 482/133/421 480/134/421 478/135/421 476/136/421 474/137/421 472/138/421 470/139/421 468/140/421 466/141/421 464/142/421 462/143/421 460/144/421 458/145/421 456/146/421 454/147/421 452/148/421 450/149/421 448/150/421 446/151/421 444/152/421
f 499/120/422 500/119/422 502/153/422 501/154/422
f 501/154/423 502/153/423 440/155/423 439/156/423
f 439/157/424 441/158/424 443/159/424 445/160/424 447/161/424 449/162/424 451/163/424 453/164/424 455/165/424 457/166/424 459/167/424 461/168/424 463/169/424 465/170/424 467/171/424 469/172/424 471/173/424 473/174/424 475/175/424 477/176/424 479/177/424 481/178/424 483/179/424 485/180/424 487/181/424 489/182/424 491/183/424 493/184/424 495/185/424 497/186/424 499/187/424 501/188/424
f 503/59/425 504/60/425 506/61/425 505/62/425
f 505/62/426 506/61/426 508/63/426 507/64/426
f 507/64/427 508/63/427 510/65/427 509/66/427
f 509/66/428 510/65/428 512/67/428 511/68/428
f 511/68/429 512/67/429 514/69/429 513/70/429
f 513/70/430 514/69/430 516/71/430 515/72/430
f 515/72/431 516/71/431 518/73/431 517/74/431
f 517/74/432 518/73/432 520/75/432 519/76/432
f 519/76/433 520/75/433 522/77/433 521/78/433
f 521/78/434 522/77/434 524/79/434 523/80/434
f 523/80/435 524/79/435 526/81/435 525/82/435
f 525/82/436 526/81/436 528/83/436 527/84/436
f 527/84/437 528/83/437 530/85/437 529/86/437
f 529/86/438 530/85/438 532/87/438 531/88/438
f 531/88/439 532/87/439 534/89/439 533/90/439
f 533/90/440 534/89/440 536/91/440 535/92/440
f 535/92/441 536/91/441 538/93/441 537/94/441
f 537/94/442 538/93/442 540/95/442 539/96/442
f 539/96/443 540/95/443 542/97/443 541/98/443
f 541/98/444 542/97/444 544/99/444 543/100/444
f 543/100/445 544/99/445 546/101/445 545/102/445
f 545/102/446 546/101/446 548/103/446 547/104/446
f 547/104/447 548/103/447 550/105/447 549/106/447
f 549/106/448 550/105/448 552/107/448 551/108/448
f 551/108/449 552/107/449 554/109/449 553/110/449
f 553/110/450 554/109/450 556/111/450 555/112/450
f 555/112/451 556/111/451 558/113/451 557/114/451
f 557/114/452 558/113/452 560/115/452 559/116/452
f 559/116/453 560/115/453 562/117/453 561/118/453
f 561/118/454 562/117/454 564/119/454 563/120/454
f 506/121/455 504/122/455 566/123/455 564/124/455 562/125/455 560/126/455 558/127/455 556/128/455 554/129/455 552/130/455 550/131/455 548/132/455 546/133/455 544/134/455 542/135/455 540/136/455 538/137/455 536/138/455 534/139/455 532/140/455 530/141/455 528/142/455 526/143/455 524/144/455 522/145/455 520/146/455 518/147/455 516/148/455 514/149/455 512/150/455 510/151/455 508/152/455
f 563/120/456 564/119/456 566/153/456 565/154/456
f 565/154/457 566/153/457 504/155/457 503/156/457
f 503/157/458 505/158/458 507/159/458 509/160/458 511/161/458 513/162/458 515/163/458 517/164/458 519/165/458 521/166/458 523/167/458 525/168/458 527/169/458 529/170/458 531/171/458 533/172/458 535/173/458 537/174/458 539/175/458 541/176/458 543/177/458 545/178/458 547/179/458 549/180/458 551/181/458 553/182/458 555/183/458 557/184/458 559/185/458 561/186/458 563/187/458 565/188/458
f 567/59/459 568/60/459 570/61/459 569/62/459
f 569/62/460 570/61/460 572/63/460 571/64/460
f 571/64/461 572/63/461 574/65/461 573/66/461
f 573/66/462 574/65/462 576/67/462 575/68/462
f 575/68/463 576/67/463 578/69/463 577/70/463
f 577/70/464 578/69/464 580/71/464 579/72/464
f 579/72/465 580/71/465 582/73/465 581/74/465
f 581/74/466 582/73/466 584/75/466 583/76/466
f 583/76/467 584/75/467 586/77/467 585/78/467
f 585/78/468 586/77/468 588/79/468 587/80/468
f 587/80/469 588/79/469 590/81/469 589/82/469
f 589/82/470 590/81/470 592/83/470 591/84/470
f 591/84/471 592/83/471 594/85/471 593/86/471
f 593/86/472 594/85/472 596/87/472 595/88/472
f 595/88/473 596/87/473 598/89/473 597/90/473
f 597/90/474 598/89/474 600/91/474 599/92/474
f 599/92/475 600/91/475 602/93/475 601/94/475
f 601/94/476 602/93/476 604/95/476 603/96/476
f 603/96/477 604/95/477 606/97/477 605/98/477
f 605/98/478 606/97/478 608/99/478 607/100/478
f 607/100/479 608/99/479 610/101/479 609/102/479
f 609/102/480 610/101/480 612/103/480 611/104/480
f 611/104/481 612/103/481 614/105/481 613/106/481
f 613/106/482 614/105/482 616/107/482 615/108/482
f 615/108/483 616/107/483 618/109/483 617/110/483
f 617/110/484 618/109/484 620/111/484 619/112/484
f 619/112/485 620/111/485 622/113/485 621/114/485
f 621/114/486 622/113/486 624/115/486 623/116/486
f 623/116/487 624/115/487 626/117/487 625/118/487
f 625/118/488 626/117/488 628/119/488 627/120/488
f 570/121/489 568/122/489 630/123/489 628/124/489 626/125/489 624/126/489 622/127/489 620/128/489 618/129/489 616/130/489 614/131/489 612/132/489 610/133/489 608/134/489 606/135/489 604/136/489 602/137/489 600/138/489 598/139/489 596/140/489 594/141/489 592/142/489 590/143/489 588/144/489 586/145/489 584/146/489 582/147/489 580/148/489 578/149/489 576/150/489 574/151/489 572/152/489
f 627/120/490 628/119/490 630/153/490 629/154/490
f 629/154/491 630/153/491 568/155/491 567/156/491
f 567/157/492 569/158/492 571/159/492 573/160/492 575/161/492 577/162/492 579/163/492 581/164/492 583/165/492 585/166/492 587/167/492 589/168/492 591/169/492 593/170/492 595/171/492 597/172/492 599/173/492 601/174/492 603/175/492 605/176/492 607/177/492 609/178/492 611/179/492 613/180/492 615/181/492 617/182/492 619/183/492 621/184/492 623/185/492 625/186/492 627/187/492 629/188/492
f 631/59/493 632/60/493 634/61/493 633/62/493
f 633/62/494 634/61/494 636/63/494 635/64/494
f 635/64/495 636/63/495 638/65/495 637/66/495
f 637/66/496 638/65/496 640/67/496 639/68/496
f 639/68/497 640/67/497 642/69/497 641/70/497
f 641/70/498 642/69/498 644/71/498 643/72/498
f 643/72/499 644/71/499 646/73/499 645/74/499
f 645/74/500 646/73/500 648/75/500 647/76/500
f 647/76/501 648/75/501 650/77/501 649/78/501
f 649/78/502 650/77/502 652/79/502 651/80/502
f 651/80/503 652/79/503 654/81/503 653/82/503
f 653/82/504 654/81/504 656/83/504 655/84/504
f 655/84/505 656/83/505 658/85/505 657/86/505
f 657/86/506 658/85/506 660/87/506 659/88/506
f 659/88/507 660/87/507 662/89/507 661/90/507
f 661/90/508 662/89/508 664/91/508 663/92/508
f 663/92/509 664/91/509 666/93/509 665/94/509
f 665/94/510 666/93/510 668/95/510 667/96/510
f 667/96/511 668/95/511 670/97/511 669/98/511
f 669/98/512 670/97/512 672/99/512 671/100/512
f 671/100/513 672/99/513 674/101/513 673/102/513
f 673/102/514 674/101/514 676/103/514 675/104/514
f 675/104/515 676/103/515 678/105/515 677/106/515
f 677/106/516 678/105/516 680/107/516 679/108/516
f 679/108/517 680/107/517 682/109/517 681/110/517
f 681/110/518 682/109/518 684/111/518 683/112/518
f 683/112/519 684/111/519 686/113/519 685/114/519
f 685/114/520 686/113/520 688/115/520 687/116/520
f 687/116/521 688/115/521 690/117/521 689/118/521
f 689/118/522 690/117/522 692/119/522 691/120/522
f 634/121/523 632/122/523 694/123/523 692/124/523 690/125/523 688/126/523 686/127/523 684/128/523 682/129/523 680/130/523 678/131/523 676/132/523 674/133/523 672/134/523 670/135/523 668/136/523 666/137/523 664/138/523 662/139/523 660/140/523 658/141/523 656/142/523 654/143/523 652/144/523 650/145/523 648/146/523 646/147/523 644/148/523 642/149/523 640/150/523 638/151/523 636/152/523
f 691/120/524 692/119/524 694/153/524 693/154/524
f 693/154/525 694/153/525 632/155/525 631/156/525
f 631/157/526 633/158/526 635/159/526 637/160/526 639/161/526 641/162/526 643/163/526 645/164/526 647/165/526 649/166/526 651/167/526 653/168/526 655/169/526 657/170/526 659/171/526 661/172/526 663/173/526 665/174/526 667/175/526 669/176/526 671/177/526 673/178/526 675/179/526 677/180/526 679/181/526 681/182/526 683/183/526 685/184/526 687/185/526 689/186/526 691/187/526 693/188/526
f 695/59/527 696/60/527 698/61/527 697/62/527
f 697/62/528 698/61/528 700/63/528 699/64/528
f 699/64/529 700/63/529 702/65/529 701/66/529
f 701/66/530 702/65/530 704/67/530 703/68/530
f 703/68/531 704/67/531 706/69/531 705/70/531
f 705/70/532 706/69/532 708/71/532 707/72/532
f 707/72/533 708/71/533 710/73/533 709/74/533
f 709/74/534 710/73/534 712/75/534 711/76/534
f 711/76/535 712/75/535 714/77/535 713/78/535
f 713/78/536 714/77/536 716/79/536 715/80/536
f 715/80/537 716/79/537 718/81/537 717/82/537
f 717/82/538 718/81/538 720/83/538 719/84/538
f 719/84/539 720/83/539 722/85/539 721/86/539
f 721/86/540 722/85/540 724/87/540 723/88/540
f 723/88/541 724/87/541 726/89/541 725/90/541
f 725/90/542 726/89/542 728/91/542 727/92/542
f 727/92/543 728/91/543 730/93/543 729/94/543
f 729/94/544 730/93/544 732/95/544 731/96/544
f 731/96/545 732/95/545 734/97/545 733/98/545
f 733/98/546 734/97/546 736/99/546 735/100/546
f 735/100/547 736/99/547 738/101/547 737/102/547
f 737/102/548 738/101/548 740/103/548 739/104/548
f 739/104/549 740/103/549 742/105/549 741/106/549
f 741/106/550 742/105/550 744/107/550 743/108/550
f 743/108/551 744/107/551 746/109/551 745/110/551
f 745/110/552 746/109/552 748/111/552 747/112/552
f 747/112/553 748/111/553 750/113/553 749/114/553
f 749/114/554 750/113/554 752/115/554 751/116/554
f 751/116/555 752/115/555 754/117/555 753/118/555
f 753/118/556 754/117/556 756/119/556 755/120/556
f 698/121/557 696/122/557 758/123/557 756/124/557 754/125/557 752/126/557 750/127/557 748/128/557 746/129/557 744/130/557 742/131/557 740/132/557 738/133/557 736/134/557 734/135/557 732/136/557 730/137/557 728/138/557 726/139/557 724/140/557 722/141/557 720/142/557 718/143/557 716/144/557 714/145/557 712/146/557 710/147/557 708/148/557 706/149/557 704/150/557 702/151/557 700/152/557
f 755/120/558 756/119/558 758/153/558 757/154/558
f 757/154/559 758/153/559 696/155/559 695/156/559
f 695/157/560 697/158/560 699/159/560 701/160/560 703/161/560 705/162/560 707/163/560 709/164/560 711/165/560 713/166/560 715/167/560 717/168/560 719/169/560 721/170/560 723/171/560 725/172/560 727/173/560 729/174/560 731/175/560 733/176/560 735/177/560 737/178/560 739/179/560 741/180/560 743/181/560 745/182/560 747/183/560 749/184/560 751/185/560 753/186/560 755/187/560 757/188/560
f 759/59/561 760/60/561 762/61/561 761/62/561
f 761/62/562 762/61/562 764/63/562 763/64/562
f 763/64/563 764/63/563 766/65/563 765/66/563
f 765/66/564 766/65/564 768/67/564 767/68/564
f 767/68/565 768/67/565 770/69/565 769/70/565
f 769/70/566 770/69/566 772/71/566 771/72/566
f 771/72/567 772/71/567 774/73/567 773/74/567
f 773/74/568 774/73/568 776/75/568 775/76/568
f 775/76/569 776/75/569 778/77/569 777/78/569
f 777/78/570 778/77/570 780/79/570 779/80/570
f 779/80/571 780/79/571 782/81/571 781/82/571
f 781/82/572 782/81/572 784/83/572 783/84/572
f 783/84/573 784/83/573 786/85/573 785/86/573
f 785/86/574 786/85/574 788/87/574 787/88/574
f 787/88/575 788/87/575 790/89/575 789/90/575
f 789/90/576 790/89/576 792/91/576 791/92/576
f 791/92/577 792/91/577 794/93/577 793/94/577
f 793/94/578 794/93/578 796/95/578 795/96/578
f 795/96/579 796/95/579 798/97/579 797/98/579
f 797/98/580 798/97/580 800/99/580 799/100/580
f 799/100/581 800/99/581 802/101/581 801/102/581
f 801/102/582 802/101/582 804/103/582 803/104/582
f 803/104/583 804/103/583 806/105/583 805/106/583
f 805/106/584 806/105/584 808/107/584 807/108/584
f 807/108/585 808/107/585 810/109/585 809/110/585
f 809/110/586 810/109/586 812/111/586 811/112/586
f 811/112/587 812/111/587 814/113/587 813/114/587
f 813/114/588 814/113/588 816/115/588 815/116/588
f 815/116/589 816/115/589 818/117/589 817/118/589
f 817/118/590 818/117/590 820/119/590 819/120/590
f 762/121/591 760/122/591 822/123/591 820/124/591 818/125/591 816/126/591 814/127/591 812/128/591 810/129/591 808/130/591 806/131/591 804/132/591 802/133/591 800/134/591 798/135/591 796/136/591 794/137/591 792/138/591 790/139/591 788/140/591 786/141/591 784/142/591 782/143/591 780/144/591 778/145/591 776/146/591 774/147/591 772/148/591 770/149/591 768/150/591 766/151/591 764/152/591
f 819/120/592 820/119/592 822/153/592 821/154/592
f 821/154/593 822/153/593 760/155/593 759/156/593
f 759/157/594 761/158/594 763/159/594 765/160/594 767/161/594 769/162/594 771/163/594 773/164/594 775/165/594 777/166/594 779/167/594 781/168/594 783/169/594 785/170/594 787/171/594 789/172/594 791/173/594 793/174/594 795/175/594 797/176/594 799/177/594 801/178/594 803/179/594 805/180/594 807/181/594 809/182/594 811/183/594 813/184/594 815/185/594 817/186/594 819/187/594 821/188/594
f 823/59/595 824/60/595 826/61/595 825/62/595
f 825/62/596 826/61/596 828/63/596 827/64/596
f 827/64/597 828/63/597 830/65/597 829/66/597
f 829/66/598 830/65/598 832/67/598 831/68/598
f 831/68/599 832/67/599 834/69/599 833/70/599
f 833/70/600 834/69/600 836/71/600 835/72/600
f 835/72/601 836/71/601 838/73/601 837/74/601
f 837/74/602 838/73/602 840/75/602 839/76/602
f 839/76/603 840/75/603 842/77/603 841/78/603
f 841/78/604 842/77/604 844/79/604 843/80/604
f 843/80/605 844/79/605 846/81/605 845/82/605
f 845/82/606 846/81/606 848/83/606 847/84/606
f 847/84/607 848/83/607 850/85/607 849/86/607
f 849/86/608 850/85/608 852/87/608 851/88/608
f 851/88/609 852/87/609 854/89/609 853/90/609
f 853/90/610 854/89/610 856/91/610 855/92/610
f 855/92/611 856/91/611 858/93/611 857/94/611
f 857/94/612 858/93/612 860/95/612 859/96/612
f 859/96/613 860/95/613 862/97/613 861/98/613
f 861/98/614 862/97/614 864/99/614 863/100/614
f 863/100/615 864/99/615 866/101/615 865/102/615
f 865/102/616 866/101/616 868/103/616 867/104/616
f 867/104/617 868/103/617 870/105/617 869/106/617
f 869/106/618 870/105/618 872/107/618 871/108/618
f 871/108/619 872/107/619 874/109/619 873/110/619
f 873/110/620 874/109/620 876/111/620 875/112/620
f 875/112/621 876/111/621 878/113/621 877/114/621
f 877/114/622 878/113/622 880/115/622 879/116/622
f 879/116/623 880/115/623 882/117/623 881/118/623
f 881/118/624 882/117/624 884/119/624 883/120/624
f 826/121/625 824/122/625 886/123/625 884/124/625 882/125/625 880/126/625 878/127/625 876/128/625 874/129/625 872/130/625 870/131/625 868/132/625 866/133/625 864/134/625 862/135/625 860/136/625 858/137/625 856/138/625 854/139/625 852/140/625 850/141/625 848/142/625 846/143/625 844/144/625 842/145/625 840/146/625 838/147/625 836/148/625 834/149/625 832/150/625 830/151/625 828/152/625
f 883/120/626 884/119/626 886/153/626 885/154/626
f 885/154/627 886/153/627 824/155/627 823/156/627
f 823/157/628 825/158/628 827/159/628 829/160/628 831/161/628 833/162/628 835/163/628 837/164/628 839/165/628 841/166/628 843/167/628 845/168/628 847/169/628 849/170/628 851/171/628 853/172/628 855/173/628 857/174/628 859/175/628 861/176/628 863/177/628 865/178/628 867/179/628 869/180/628 871/181/628 873/182/628 875/183/628 877/184/628 879/185/628 881/186/628 883/187/628 885/188/628
f 887/59/629 888/60/629 890/61/629 889/62/629
f 889/62/630 890/61/630 892/63/630 891/64/630
f 891/64/631 892/63/631 894/65/631 893/66/631
f 893/66/632 894/65/632 896/67/632 895/68/632
f 895/68/633 896/67/633 898/69/633 897/70/633
f 897/70/634 898/69/634 900/71/634 899/72/634
f 899/72/635 900/71/635 902/73/635 901/74/635
f 901/74/636 902/73/636 904/75/636 903/76/636
f 903/76/637 904/75/637 906/77/637 905/78/637
f 905/78/638 906/77/638 908/79/638 907/80/638
f 907/80/639 908/79/639 910/81/639 909/82/639
f 909/82/640 910/81/640 912/83/640 911/84/640
f 911/84/641 912/83/641 914/85/641 913/86/641
f 913/86/642 914/85/642 916/87/642 915/88/642
f 915/88/643 916/87/643 918/89/643 917/90/643
f 917/90/644 918/89/644 920/91/644 919/92/644
f 919/92/645 920/91/645 922/93/645 921/94/645
f 921/94/646 922/93/646 924/95/646 923/96/646
f 923/96/647 924/95/647 926/97/647 925/98/647
f 925/98/648 926/97/648 928/99/648 927/100/648
f 927/100/649 928/99/649 930/101/649 929/102/649
f 929/102/650 930/101/650 932/103/650 931/104/650
f 931/104/651 932/103/651 934/105/651 933/106/651
f 933/106/652 934/105/652 936/107/652 935/108/652
f 935/108/653 936/107/653 938/109/653 937/110/653
f 937/110/654 938/109/654 940/111/654 939/112/654
f 939/112/655 940/111/655 942/113/655 941/114/655
f 941/114/656 942/113/656 944/115/656 943/116/656
f 943/116/657 944/115/657 946/117/657 945/118/657
f 945/118/658 946/117/658 948/119/658 947/120/658
f 890/121/659 888/122/659 950/123/659 948/124/659 946/125/659 944/126/659 942/127/659 940/128/659 938/129/659 936/130/659 934/131/659 932/132/659 930/133/659 928/134/659 926/135/659 924/136/659 922/137/659 920/138/659 918/139/659 916/140/659 914/141/659 912/142/659 910/143/659 908/144/659 906/145/659 904/146/659 902/147/659 900/148/659 898/149/659 896/150/659 894/151/659 892/152/659
f 947/120/660 948/119/660 950/153/660 949/154/660
f 949/154/661 950/153/661 888/155/661 887/156/661
f 887/157/662 889/158/662 891/159/662 893/160/662 895/161/662 897/162/662 899/163/662 901/164/662 903/165/662 905/166/662 907/167/662 909/168/662 911/169/662 913/170/662 915/171/662 917/172/662 919/173/662 921/174/662 923/175/662 925/176/662 927/177/662 929/178/662 931/179/662 933/180/662 935/181/662 937/182/662 939/183/662 941/184/662 943/185/662 945/186/662 947/187/662 949/188/662
f 951/59/663 952/60/663 954/61/663 953/62/663
f 953/62/664 954/61/664 956/63/664 955/64/664
f 955/64/665 956/63/665 958/65/665 957/66/665
f 957/66/666 958/65/666 960/67/666 959/68/666
f 959/68/667 960/67/667 962/69/667 961/70/667
f 961/70/668 962/69/668 964/71/668 963/72/668
f 963/72/669 964/71/669 966/73/669 965/74/669
f 965/74/670 966/73/670 968/75/670 967/76/670
f 967/76/671 968/75/671 970/77/671 969/78/671
f 969/78/672 970/77/672 972/79/672 971/80/672
f 971/80/673 972/79/673 974/81/673 973/82/673
f 973/82/674 974/81/674 976/83/674 975/84/674
f 975/84/675 976/83/675 978/85/675 977/86/675
f 977/86/676 978/85/676 980/87/676 979/88/676
f 979/88/677 980/87/677 982/89/677 981/90/677
f 981/90/678 982/89/678 984/91/678 983/92/678
f 983/92/679 984/91/679 986/93/679 985/94/679
f 985/94/680 986/93/680 988/95/680 987/96/680
f 987/96/681 988/95/681 990/97/681 989/98/681
f 989/98/682 990/97/682 992/99/682 991/100/682
f 991/100/683 992/99/683 994/101/683 993/102/683
f 993/102/684 994/101/684 996/103/684 995/104/684
f 995/104/685 996/103/685 998/105/685 997/106/685
f 997/106/686 998/105/686 1000/107/686 999/108/686
f 999/108/687 1000/107/687 1002/109/687 1001/110/687
f 1001/110/688 1002/109/688 1004/111/688 1003/112/688
f 1003/112/689 1004/111/689 1006/113/689 1005/114/689
f 1005/114/690 1006/113/690 1008/115/690 1007/116/690
f 1007/116/691 1008/115/691 1010/117/691 1009/118/691
f 1009/118/692 1010/117/692 1012/119/692 1011/120/692
f 954/121/693 952/122/693 1014/123/693 1012/124/693 1010/125/693 1008/126/693 1006/127/693 1004/128/693 1002/129/693 1000/130/693 998/131/693 996/132/693 994/133/693 992/134/693 990/135/693 988/136/693 986/137/693 984/138/693 982/139/693 980/140/693 978/141/693 976/142/693 974/143/693 972/144/693 970/145/693 968/146/693 966/147/693 964/148/693 962/149/693 960/150/693 958/151/693 956/152/693
f 1011/120/694 1012/119/694 1014/153/694 1013/154/694
f 1013/154/695 1014/153/695 952/155/695 951/156/695
f 951/157/696 953/158/696 955/159/696 957/160/696 959/161/696 961/162/696 963/163/696 965/164/696 967/165/696 969/166/696 971/167/696 973/168/696 975/169/696 977/170/696 979/171/696 981/172/696 983/173/696 985/174/696 987/175/696 989/176/696 991/177/696 993/178/696 995/179/696 997/180/696 999/181/696 1001/182/696 1003/183/696 1005/184/696 1007/185/696 1009/186/696 1011/187/696 1013/188/696
f 1015/59/697 1016/60/697 1018/61/697 1017/62/697
f 1017/62/698 1018/61/698 1020/63/698 1019/64/698
f 1019/64/699 1020/63/699 1022/65/699 1021/66/699
f 1021/66/700 1022/65/700 1024/67/700 1023/68/700
f 1023/68/701 1024/67/701 1026/69/701 1025/70/701
f 1025/70/702 1026/69/702 1028/71/702 1027/72/702
f 1027/72/703 1028/71/703 1030/73/703 1029/74/703
f 1029/74/704 1030/73/704 1032/75/704 1031/76/704
f 1031/76/705 1032/75/705 1034/77/705 1033/78/705
f 1033/78/706 1034/77/706 1036/79/706 1035/80/706
f 1035/80/707 1036/79/707 1038/81/707 1037/82/707
f 1037/82/708 1038/81/708 1040/83/708 1039/84/708
f 1039/84/709 1040/83/709 1042/85/709 1041/86/709
f 1041/86/710 1042/85/710 1044/87/710 1043/88/710
f 1043/88/711 1044/87/711 1046/89/711 1045/90/711
f 1045/90/712 1046/89/712 1048/91/712 1047/92/712
f 1047/92/713 1048/91/713 1050/93/713 1049/94/713
f 1049/94/714 1050/93/714 1052/95/714 1051/96/714
f 1051/96/715 1052/95/715 1054/97/715 1053/98/715
f 1053/98/716 1054/97/716 1056/99/716 1055/100/716
f 1055/100/717 1056/99/717 1058/101/717 1057/102/717
f 1057/102/718 1058/101/718 1060/103/718 1059/104/718
f 1059/104/719 1060/103/719 1062/105/719 1061/106/719
f 1061/106/720 1062/105/720 1064/107/720 1063/108/720
f 1063/108/721 1064/107/721 1066/109/721 1065/110/721
f 1065/110/722 1066/109/722 1068/111/722 1067/112/722
f 1067/112/723 1068/111/723 1070/113/723 1069/114/723
f 1069/114/724 1070/113/724 1072/115/724 1071/116/724
f 1071/116/725 1072/115/725 1074/117/725 1073/118/725
f 1073/118/726 1074/117/726 1076/119/726 1075/120/726
f 1018/121/727 1016/122/727 1078/123/727 1076/124/727 1074/125/727 1072/126/727 1070/127/727 1068/128/727 1066/129/727 1064/130/727 1062/131/727 1060/132/727 1058/133/727 1056/134/727 1054/135/727 1052/136/727 1050/137/727 1048/138/727 1046/139/727 1044/140/727 1042/141/727 1040/142/727 1038/143/727 1036/144/727 1034/145/727 1032/146/727 1030/147/727 1028/148/727 1026/149/727 1024/150/727 1022/151/727 1020/152/727
f 1075/120/728 1076/119/728 1078/153/728 1077/154/728
f 1077/154/729 1078/153/729 1016/155/729 1015/156/729
f 1015/157/730 1017/158/730 1019/159/730 1021/160/730 1023/161/730 1025/162/730 1027/163/730 1029/164/730 1031/165/730 1033/166/730 1035/167/730 1037/168/730 1039/169/730 1041/170/730 1043/171/730 1045/172/730 1047/173/730 1049/174/730 1051/175/730 1053/176/730 1055/177/730 1057/178/730 1059/179/730 1061/180/730 1063/181/730 1065/182/730 1067/183/730 1069/184/730 1071/185/730 1073/186/730 1075/187/730 1077/188/730
f 1079/59/731 1080/60/731 1082/61/731 1081/62/731
f 1081/62/732 1082/61/732 1084/63/732 1083/64/732
f 1083/64/733 1084/63/733 1086/65/733 1085/66/733
f 1085/66/734 1086/65/734 1088/67/734 1087/68/734
f 1087/68/735 1088/67/735 1090/69/735 1089/70/735
f 1089/70/736 1090/69/736 1092/71/736 1091/72/736
f 1091/72/737 1092/71/737 1094/73/737 1093/74/737
f 1093/74/738 1094/73/738 1096/75/738 1095/76/738
f 1095/76/739 1096/75/739 1098/77/739 1097/78/739
f 1097/78/740 1098/77/740 1100/79/740 1099/80/740
f 1099/80/741 1100/79/741 1102/81/741 1101/82/741
f 1101/82/742 1102/81/742 1104/83/742 1103/84/742
f 1103/84/743 1104/83/743 1106/85/743 1105/86/743
f 1105/86/744 1106/85/744 1108/87/744 1107/88/744
f 1107/88/745 1108/87/745 1110/89/745 1109/90/745
f 1109/90/746 1110/89/746 1112/91/746 1111/92/746
f 1111/92/747 1112/91/747 1114/93/747 1113/94/747
f 1113/94/748 1114/93/748 1116/95/748 1115/96/748
f 1115/96/749 1116/95/749 1118/97/749 1117/98/749
f 1117/98/750 1118/97/750 1120/99/750 1119/100/750
f 1119/100/751 1120/99/751 1122/101/751 1121/102/751
f 1121/102/752 1122/101/752 1124/103/752 1123/104/752
f 1123/104/753 1124/103/753 1126/105/753 1125/106/753
f 1125/106/754 1126/105/754 1128/107/754 1127/108/754
f 1127/108/755 1128/107/755 1130/109/755 1129/110/755
f 1129/110/756 1130/109/756 1132/111/756 1131/112/756
f 1131/112/757 1132/111/757 1134/113/757 1133/114/757
f 1133/114/758 1134/113/758 1136/115/758 1135/116/758
f 1135/116/759 1136/115/759 1138/117/759 1137/118/759
f 1137/118/760 1138/117/760 1140/119/760 1139/120/760
f 1082/121/761 1080/122/761 1142/123/761 1140/124/761 1138/125/761 1136/126/761 1134/127/761 1132/128/761 1130/129/761 1128/130/761 1126/131/761 1124/132/761 1122/133/761 1120/134/761 1118/135/761 1116/136/761 1114/137/761 1112/138/761 1110/139/761 1108/140/761 1106/141/761 1104/142/761 1102/143/761 1100/144/761 1098/145/761 1096/146/761 1094/147/761 1092/148/761 1090/149/761 1088/150/761 1086/151/761 1084/152/761
f 1139/120/762 1140/119/762 1142/153/762 1141/154/762
f 1141/154/763 1142/153/763 1080/155/763 1079/156/763
f 1079/157/764 1081/158/764 1083/159/764 1085/160/764 1087/161/764 1089/162/764 1091/163/764 1093/164/764 1095/165/764 1097/166/764 1099/167/764 1101/168/764 1103/169/764 1105/170/764 1107/171/764 1109/172/764 1111/173/764 1113/174/764 1115/175/764 1117/176/764 1119/177/764 1121/178/764 1123/179/764 1125/180/764 1127/181/764 1129/182/764 1131/183/764 1133/184/764 1135/185/764 1137/186/764 1139/187/764 1141/188/764
f 1143/59/765 1144/60/765 1146/61/765 1145/62/765
f 1145/62/766 1146/61/766 1148/63/766 1147/64/766
f 1147/64/767 1148/63/767 1150/65/767 1149/66/767
f 1149/66/768 1150/65/768 1152/67/768 1151/68/768
f 1151/68/769 1152/67/769 1154/69/769 1153/70/769
f 1153/70/770 1154/69/770 1156/71/770 1155/72/770
f 1155/72/771 1156/71/771 1158/73/771 1157/74/771
f 1157/74/772 1158/73/772 1160/75/772 1159/76/772
f 1159/76/773 1160/75/773 1162/77/773 1161/78/773
f 1161/78/774 1162/77/774 1164/79/774 1163/80/774
f 1163/80/775 1164/79/775 1166/81/775 1165/82/775
f 1165/82/776 1166/81/776 1168/83/776 1167/84/776
f 1167/84/777 1168/83/777 1170/85/777 1169/86/777
f 1169/86/778 1170/85/778 1172/87/778 1171/88/778
f 1171/88/779 1172/87/779 1174/89/779 1173/90/779
f 1173/90/780 1174/89/780 1176/91/780 1175/92/780
f 1175/92/781 1176/91/781 1178/93/781 1177/94/781
f 1177/94/782 1178/93/782 1180/95/782 1179/96/782
f 1179/96/783 1180/95/783 1182/97/783 1181/98/783
f 1181/98/784 1182/97/784 1184/99/784 1183/100/784
f 1183/100/785 1184/99/785 1186/101/785 1185/102/785
f 1185/102/786 1186/101/786 1188/103/786 1187/104/786
f 1187/104/787 1188/103/787 1190/105/787 1189/106/787
f 1189/106/788 1190/105/788 1192/107/788 1191/108/788
f 1191/108/789 1192/107/789 1194/109/789 1193/110/789
f 1193/110/790 1194/109/790 1196/111/790 1195/112/790
f 1195/112/791 1196/111/791 1198/113/791 1197/114/791
f 1197/114/792 1198/113/792 1200/115/792 1199/116/792
f 1199/116/793 1200/115/793 1202/117/793 1201/118/793
f 1201/118/794 1202/117/794 1204/119/794 1203/120/794
f 1146/121/795 1144/122/795 1206/123/795 1204/124/795 1202/125/795 1200/126/795 1198/127/795 1196/128/795 1194/129/795 1192/130/795 1190/131/795 1188/132/795 1186/133/795 1184/134/795 1182/135/795 1180/136/795 1178/137/795 1176/138/795 1174/139/795 1172/140/795 1170/141/795 1168/142/795 1166/143/795 1164/144/795 1162/145/795 1160/146/795 1158/147/795 1156/148/795 1154/149/795 1152/150/795 1150/151/795 1148/152/795
f 1203/120/796 1204/119/796 1206/153/796 1205/154/796
f 1205/154/797 1206/153/797 1144/155/797 1143/156/797
f 1143/157/798 1145/158/798 1147/159/798 1149/160/798 1151/161/798 1153/162/798 1155/163/798 1157/164/798 1159/165/798 1161/166/798 1163/167/798 1165/168/798 1167/169/798 1169/170/798 1171/171/798 1173/172/798 1175/173/798 1177/174/798 1179/175/798 1181/176/798 1183/177/798 1185/178/798 1187/179/798 1189/180/798 1191/181/798 1193/182/798 1195/183/798 1197/184/798 1199/185/798 1201/186/798 1203/187/798 1205/188/798
f 1207/59/799 1208/60/799 1210/61/799 1209/62/799
f 1209/62/800 1210/61/800 1212/63/800 1211/64/800
f 1211/64/801 1212/63/801 1214/65/801 1213/66/801
f 1213/66/802 1214/65/802 1216/67/802 1215/68/802
f 1215/68/803 1216/67/803 1218/69/803 1217/70/803
f 1217/70/804 1218/69/804 1220/71/804 1219/72/804
f 1219/72/805 1220/71/805 1222/73/805 1221/74/805
f 1221/74/806 1222/73/806 1224/75/806 1223/76/806
f 1223/76/807 1224/75/807 1226/77/807 1225/78/807
f 1225/78/808 1226/77/808 1228/79/808 1227/80/808
f 1227/80/809 1228/79/809 1230/81/809 1229/82/809
f 1229/82/810 1230/81/810 1232/83/810 1231/84/810
f 1231/84/811 1232/83/811 1234/85/811 1233/86/811
f 1233/86/812 1234/85/812 1236/87/812 1235/88/812
f 1235/88/813 1236/87/813 1238/89/813 1237/90/813
f 1237/90/814 1238/89/814 1240/91/814 1239/92/814
f 1239/92/815 1240/91/815 1242/93/815 1241/94/815
f 1241/94/816 1242/93/816 1244/95/816 1243/96/816
f 1243/96/817 1244/95/817 1246/97/817 1245/98/817
f 1245/98/818 1246/97/818 1248/99/818 1247/100/818
f 1247/100/819 1248/99/819 1250/101/819 1249/102/819
f 1249/102/820 1250/101/820 1252/103/820 1251/104/820
f 1251/104/821 1252/103/821 1254/105/821 1253/106/821
f 1253/106/822 1254/105/822 1256/107/822 1255/108/822
f 1255/108/823 1256/107/823 1258/109/823 1257/110/823
f 1257/110/824 1258/109/824 1260/111/824 1259/112/824
f 1259/112/825 1260/111/825 1262/113/825 1261/114/825
f 1261/114/826 1262/113/826 1264/115/826 1263/116/826
f 1263/116/827 1264/115/827 1266/117/827 1265/118/827
f 1265/118/828 1266/117/828 1268/119/828 1267/120/828
f 1210/121/829 1208/122/829 1270/123/829 1268/124/829 1266/125/829 1264/126/829 1262/127/829 1260/128/829 1258/129/829 1256/130/829 1254/131/829 1252/132/829 1250/133/829 1248/134/829 1246/135/829 1244/136/829 1242/137/829 1240/138/829 1238/139/829 1236/140/829 1234/141/829 1232/142/829 1230/143/829 1228/144/829 1226/145/829 1224/146/829 1222/147/829 1220/148/829 1218/149/829 1216/150/829 1214/151/829 1212/152/829
f 1267/120/830 1268/119/830 1270/153/830 1269/154/830
f 1269/154/831 1270/153/831 1208/155/831 1207/156/831
f 1207/157/832 1209/158/832 1211/159/832 1213/160/832 1215/161/832 1217/162/832 1219/163/832 1221/164/832 1223/165/832 1225/166/832 1227/167/832 1229/168/832 1231/169/832 1233/170/832 1235/171/832 1237/172/832 1239/173/832 1241/174/832 1243/175/832 1245/176/832 1247/177/832 1249/178/832 1251/179/832 1253/180/832 1255/181/832 1257/182/832 1259/183/832 1261/184/832 1263/185/832 1265/186/832 1267/187/832 1269/188/832
f 1271/59/833 1272/60/833 1274/61/833 1273/62/833
f 1273/62/834 1274/61/834 1276/63/834 1275/64/834
f 1275/64/835 1276/63/835 1278/65/835 1277/66/835
f 1277/66/836 1278/65/836 1280/67/836 1279/68/836
f 1279/68/837 1280/67/837 1282/69/837 1281/70/837
f 1281/70/838 1282/69/838 1284/71/838 1283/72/838
f 1283/72/839 1284/71/839 1286/73/839 1285/74/839
f 1285/74/840 1286/73/840 1288/75/840 1287/76/840
f 1287/76/841 1288/75/841 1290/77/841 1289/78/841
f 1289/78/842 1290/77/842 1292/79/842 1291/80/842
f 1291/80/843 1292/79/843 1294/81/843 1293/82/843
f 1293/82/844 1294/81/844 1296/83/844 1295/84/844
f 1295/84/845 1296/83/845 1298/85/845 1297/86/845
f 1297/86/846 1298/85/846 1300/87/846 1299/88/846
f 1299/88/847 1300/87/847 1302/89/847 1301/90/847
f 1301/90/848 1302/89/848 1304/91/848 1303/92/848
f 1303/92/849 1304/91/849 1306/93/849 1305/94/849
f 1305/94/850 1306/93/850 1308/95/850 1307/96/850
f 1307/96/851 1308/95/851 1310/97/851 1309/98/851
f 1309/98/852 1310/97/852 1312/99/852 1311/100/852
f 1311/100/853 1312/99/853 1314/101/853 1313/102/853
f 1313/102/854 1314/101/854 1316/103/854 1315/104/854
f 1315/104/855 1316/103/855 1318/105/855 1317/106/855
f 1317/106/856 1318/105/856 1320/107/856 1319/108/856
f 1319/108/857 1320/107/857 1322/109/857 1321/110/857
f 1321/110/858 1322/109/858 1324/111/858 1323/112/858
f 1323/112/859 1324/111/859 1326/113/859 1325/114/859
f 1325/114/860 1326/113/860 1328/115/860 1327/116/860
f 1327/116/861 1328/115/861 1330/117/861 1329/118/861
f 1329/118/862 1330/117/862 1332/119/862 1331/120/862
f 1274/121/863 1272/122/863 1334/123/863 1332/124/863 1330/125/863 1328/126/863 1326/127/863 1324/128/863 1322/129/863 1320/130/863 1318/131/863 1316/132/863 1314/133/863 1312/134/863 1310/135/863 1308/136/863 1306/137/863 1304/138/863 1302/139/863 1300/140/863 1298/141/863 1296/142/863 1294/143/863 1292/144/863 1290/145/863 1288/146/863 1286/147/863 1284/148/863 1282/149/863 1280/150/863 1278/151/863 1276/152/863
f 1331/120/864 1332/119/864 1334/153/864 1333/154/864
f 1333/154/865 1334/153/865 1272/155/865 1271/156/865
f 1271/157/866 1273/158/866 1275/159/866 1277/160/866 1279/161/866 1281/162/866 1283/163/866 1285/164/866 1287/165/866 1289/166/866 1291/167/866 1293/168/866 1295/169/866 1297/170/866 1299/171/866 1301/172/866 1303/173/866 1305/174/866 1307/175/866 1309/176/866 1311/177/866 1313/178/866 1315/179/866 1317/180/866 1319/181/866 1321/182/866 1323/183/866 1325/184/866 1327/185/866 1329/186/866 1331/187/866 1333/188/866
f 1335/59/867 1336/60/867 1338/61/867 1337/62/867
f 1337/62/868 1338/61/868 1340/63/868 1339/64/868
f 1339/64/869 1340/63/869 1342/65/869 1341/66/869
f 1341/66/870 1342/65/870 1344/67/870 1343/68/870
f 1343/68/871 1344/67/871 1346/69/871 1345/70/871
f 1345/70/872 1346/69/872 1348/71/872 1347/72/872
f 1347/72/873 1348/71/873 1350/73/873 1349/74/873
f 1349/74/874 1350/73/874 1352/75/874 1351/76/874
f 1351/76/875 1352/75/875 1354/77/875 1353/78/875
f 1353/78/876 1354/77/876 1356/79/876 1355/80/876
f 1355/80/877 1356/79/877 1358/81/877 1357/82/877
f 1357/82/878 1358/81/878 1360/83/878 1359/84/878
f 1359/84/879 1360/83/879 1362/85/879 1361/86/879
f 1361/86/880 1362/85/880 1364/87/880 1363/88/880
f 1363/88/881 1364/87/881 1366/89/881 1365/90/881
f 1365/90/882 1366/89/882 1368/91/882 1367/92/882
f 1367/92/883 1368/91/883 1370/93/883 1369/94/883
f 1369/94/884 1370/93/884 1372/95/884 1371/96/884
f 1371/96/885 1372/95/885 1374/97/885 1373/98/885
f 1373/98/886 1374/97/886 1376/99/886 1375/100/886
f 1375/100/887 1376/99/887 1378/101/887 1377/102/887
f 1377/102/888 1378/101/888 1380/103/888 1379/104/888
f 1379/104/889 1380/103/889 1382/105/889 1381/106/889
f 1381/106/890 1382/105/890 1384/107/890 1383/108/890
f 1383/108/891 1384/107/891 1386/109/891 1385/110/891
f 1385/110/892 1386/109/892 1388/111/892 1387/112/892
f 1387/112/893 1388/111/893 1390/113/893 1389/114/893
f 1389/114/894 1390/113/894 1392/115/894 1391/116/894
f 1391/116/895 1392/115/895 1394/117/895 1393/118/895
f 1393/118/896 1394/117/896 1396/119/896 1395/120/896
f 1338/121/897 1336/122/897 1398/123/897 1396/124/897 1394/125/897 1392/126/897 1390/127/897 1388/128/897 1386/129/897 1384/130/897 1382/131/897 1380/132/897 1378/133/897 1376/134/897 1374/135/897 1372/136/897 1370/137/897 1368/138/897 1366/139/897 1364/140/897 1362/141/897 1360/142/897 1358/143/897 1356/144/897 1354/145/897 1352/146/897 1350/147/897 1348/148/897 1346/149/897 1344/150/897 1342/151/897 1340/152/897
f 1395/120/898 1396/119/898 1398/153/898 1397/154/898
f 1397/154/899 1398/153/899 1336/155/899 1335/156/899
f 1335/157/900 1337/158/900 1339/159/900 1341/160/900 1343/161/900 1345/162/900 1347/163/900 1349/164/900 1351/165/900 1353/166/900 1355/167/900 1357/168/900 1359/169/900 1361/170/900 1363/171/900 1365/172/900 1367/173/900 1369/174/900 1371/175/900 1373/176/900 1375/177/900 1377/178/900 1379/179/900 1381/180/900 1383/181/900 1385/182/900 1387/183/900 1389/184/900 1391/185/900 1393/186/900 1395/187/900 1397/188/900
f 1399/59/901 1400/60/901 1402/61/901 1401/62/901
f 1401/62/902 1402/61/902 1404/63/902 1403/64/902
f 1403/64/903 1404/63/903 1406/65/903 1405/66/903
f 1405/66/904 1406/65/904 1408/67/904 1407/68/904
f 1407/68/905 1408/67/905 1410/69/905 1409/70/905
f 1409/70/906 1410/69/906 1412/71/906 1411/72/906
f 1411/72/907 1412/71/907 1414/73/907 1413/74/907
f 1413/74/908 1414/73/908 1416/75/908 1415/76/908
f 1415/76/909 1416/75/909 1418/77/909 1417/78/909
f 1417/78/910 1418/77/910 1420/79/910 1419/80/910
f 1419/80/911 1420/79/911 1422/81/911 1421/82/911
f 1421/82/912 1422/81/912 1424/83/912 1423/84/912
f 1423/84/913 1424/83/913 1426/85/913 1425/86/913
f 1425/86/914 1426/85/914 1428/87/914 1427/88/914
f 1427/88/915 1428/87/915 1430/89/915 1429/90/915
f 1429/90/916 1430/89/916 1432/91/916 1431/92/916
f 1431/92/917 1432/91/917 1434/93/917 1433/94/917
f 1433/94/918 1434/93/918 1436/95/918 1435/96/918
f 1435/96/919 1436/95/919 1438/97/919 1437/98/919
f 1437/98/920 1438/97/920 1440/99/920 1439/100/920
f 1439/100/921 1440/99/921 1442/101/921 1441/102/921
f 1441/102/922 1442/101/922 1444/103/922 1443/104/922
f 1443/104/923 1444/103/923 1446/105/923 1445/106/923
f 1445/106/924 1446/105/924 1448/107/924 1447/108/924
f 1447/108/925 1448/107/925 1450/109/925 1449/110/925
f 1449/110/926 1450/109/926 1452/111/926 1451/112/926
f 1451/112/927 1452/111/927 1454/113/927 1453/114/927
f 1453/114/928 1454/113/928 1456/115/928 1455/116/928
f 1455/116/929 1456/115/929 1458/117/929 1457/118/929
f 1457/118/930 1458/117/930 1460/119/930 1459/120/930
f 1402/121/931 1400/122/931 1462/123/931 1460/124/931 1458/125/931 1456/126/931 1454/127/931 1452/128/931 1450/129/931 1448/130/931 1446/131/931 1444/132/931 1442/133/931 1440/134/931 1438/135/931 1436/136/931 1434/137/931 1432/138/931 1430/139/931 1428/140/931 1426/141/931 1424/142/931 1422/143/931 1420/144/931 1418/145/931 1416/146/931 1414/147/931 1412/148/931 1410/149/931 1408/150/931 1406/151/931 1404/152/931
f 1459/120/932 1460/119/932 1462/153/932 1461/154/932
f 1461/154/933 1462/153/933 1400/155/933 1399/156/933
f 1399/157/934 1401/158/934 1403/159/934 1405/160/934 1407/161/934 1409/162/934 1411/163/934 1413/164/934 1415/165/934 1417/166/934 1419/167/934 1421/168/934 1423/169/934 1425/170/934 1427/171/934 1429/172/934 1431/173/934 1433/174/934 1435/175/934 1437/176/934 1439/177/934 1441/178/934 1443/179/934 1445/180/934 1447/181/934 1449/182/934 1451/183/934 1453/184/934 1455/185/934 1457/186/934 1459/187/934 1461/188/934
f 1463/59/901 1464/60/901 1466/61/901 1465/62/901
f 1465/62/935 1466/61/935 1468/63/935 1467/64/935
f 1467/64/936 1468/63/936 1470/65/936 1469/66/936
f 1469/66/937 1470/65/937 1472/67/937 1471/68/937
f 1471/68/938 1472/67/938 1474/69/938 1473/70/938
f 1473/70/939 1474/69/939 1476/71/939 1475/72/939
f 1475/72/940 1476/71/940 1478/73/940 1477/74/940
f 1477/74/941 1478/73/941 1480/75/941 1479/76/941
f 1479/76/942 1480/75/942 1482/77/942 1481/78/942
f 1481/78/943 1482/77/943 1484/79/943 1483/80/943
f 1483/80/944 1484/79/944 1486/81/944 1485/82/944
f 1485/82/945 1486/81/945 1488/83/945 1487/84/945
f 1487/84/946 1488/83/946 1490/85/946 1489/86/946
f 1489/86/947 1490/85/947 1492/87/947 1491/88/947
f 1491/88/948 1492/87/948 1494/89/948 1493/90/948
f 1493/90/916 1494/89/916 1496/91/916 1495/92/916
f 1495/92/917 1496/91/917 1498/93/917 1497/94/917
f 1497/94/949 1498/93/949 1500/95/949 1499/96/949
f 1499/96/950 1500/95/950 1502/97/950 1501/98/950
f 1501/98/951 1502/97/951 1504/99/951 1503/100/951
f 1503/100/952 1504/99/952 1506/101/952 1505/102/952
f 1505/102/953 1506/101/953 1508/103/953 1507/104/953
f 1507/104/954 1508/103/954 1510/105/954 1509/106/954
f 1509/106/955 1510/105/955 1512/107/955 1511/108/955
f 1511/108/956 1512/107/956 1514/109/956 1513/110/956
f 1513/110/957 1514/109/957 1516/111/957 1515/112/957
f 1515/112/958 1516/111/958 1518/113/958 1517/114/958
f 1517/114/959 1518/113/959 1520/115/959 1519/116/959
f 1519/116/960 1520/115/960 1522/117/960 1521/118/960
f 1521/118/961 1522/117/961 1524/119/961 1523/120/961
f 1466/121/962 1464/122/962 1526/123/962 1524/124/962 1522/125/962 1520/126/962 1518/127/962 1516/128/962 1514/129/962 1512/130/962 1510/131/962 1508/132/962 1506/133/962 1504/134/962 1502/135/962 1500/136/962 1498/137/962 1496/138/962 1494/139/962 1492/140/962 1490/141/962 1488/142/962 1486/143/962 1484/144/962 1482/145/962 1480/146/962 1478/147/962 1476/148/962 1474/149/962 1472/150/962 1470/151/962 1468/152/962
f 1523/120/963 1524/119/963 1526/153/963 1525/154/963
f 1525/154/933 1526/153/933 1464/155/933 1463/156/933
f 1463/157/964 1465/158/964 1467/159/964 1469/160/964 1471/161/964 1473/162/964 1475/163/964 1477/164/964 1479/165/964 1481/166/964 1483/167/964 1485/168/964 1487/169/964 1489/170/964 1491/171/964 1493/172/964 1495/173/964 1497/174/964 1499/175/964 1501/176/964 1503/177/964 1505/178/964 1507/179/964 1509/180/964 1511/181/964 1513/182/964 1515/183/964 1517/184/964 1519/185/964 1521/186/964 1523/187/964 1525/188/964
f 1527/59/965 1528/60/965 1530/61/965 1529/62/965
f 1529/62/966 1530/61/966 1532/63/966 1531/64/966
f 1531/64/967 1532/63/967 1534/65/967 1533/66/967
f 1533/66/968 1534/65/968 1536/67/968 1535/68/968
f 1535/68/969 1536/67/969 1538/69/969 1537/70/969
f 1537/70/970 1538/69/970 1540/71/970 1539/72/970
f 1539/72/971 1540/71/971 1542/73/971 1541/74/971
f 1541/74/972 1542/73/972 1544/75/972 1543/76/972
f 1543/76/973 1544/75/973 1546/77/973 1545/78/973
f 1545/78/974 1546/77/974 1548/79/974 1547/80/974
f 1547/80/975 1548/79/975 1550/81/975 1549/82/975
f 1549/82/976 1550/81/976 1552/83/976 1551/84/976
f 1551/84/977 1552/83/977 1554/85/977 1553/86/977
f 1553/86/978 1554/85/978 1556/87/978 1555/88/978
f 1555/88/979 1556/87/979 1558/89/979 1557/90/979
f 1557/90/980 1558/89/980 1560/91/980 1559/92/980
f 1559/92/981 1560/91/981 1562/93/981 1561/94/981
f 1561/94/982 1562/93/982 1564/95/982 1563/96/982
f 1563/96/983 1564/95/983 1566/97/983 1565/98/983
f 1565/98/984 1566/97/984 1568/99/984 1567/100/984
f 1567/100/985 1568/99/985 1570/101/985 1569/102/985
f 1569/102/986 1570/101/986 1572/103/986 1571/104/986
f 1571/104/987 1572/103/987 1574/105/987 1573/106/987
f 1573/106/988 1574/105/988 1576/107/988 1575/108/988
f 1575/108/989 1576/107/989 1578/109/989 1577/110/989
f 1577/110/990 1578/109/990 1580/111/990 1579/112/990
f 1579/112/991 1580/111/991 1582/113/991 1581/114/991
f 1581/114/992 1582/113/992 1584/115/992 1583/116/992
f 1583/116/993 1584/115/993 1586/117/993 1585/118/993
f 1585/118/994 1586/117/994 1588/119/994 1587/120/994
f 1530/121/995 1528/122/995 1590/123/995 1588/124/995 1586/125/995 1584/126/995 1582/127/995 1580/128/995 1578/129/995 1576/130/995 1574/131/995 1572/132/995 1570/133/995 1568/134/995 1566/135/995 1564/136/995 1562/137/995 1560/138/995 1558/139/995 1556/140/995 1554/141/995 1552/142/995 1550/143/995 1548/144/995 1546/145/995 1544/146/995 1542/147/995 1540/148/995 1538/149/995 1536/150/995 1534/151/995 1532/152/995
f 1587/120/996 1588/119/996 1590/153/996 1589/154/996
f 1589/154/997 1590/153/997 1528/155/997 1527/156/997
f 1527/157/998 1529/158/998 1531/159/998 1533/160/998 1535/161/998 1537/162/998 1539/163/998 1541/164/998 1543/165/998 1545/166/998 1547/167/998 1549/168/998 1551/169/998 1553/170/998 1555/171/998 1557/172/998 1559/173/998 1561/174/998 1563/175/998 1565/176/998 1567/177/998 1569/178/998 1571/179/998 1573/180/998 1575/181/998 1577/182/998 1579/183/998 1581/184/998 1583/185/998 1585/186/998 1587/187/998 1589/188/998
f 1591/59/999 1592/60/999 1594/61/999 1593/62/999
f 1593/62/1000 1594/61/1000 1596/63/1000 1595/64/1000
f 1595/64/1001 1596/63/1001 1598/65/1001 1597/66/1001
f 1597/66/1002 1598/65/1002 1600/67/1002 1599/68/1002
f 1599/68/1003 1600/67/1003 1602/69/1003 1601/70/1003
f 1601/70/1004 1602/69/1004 1604/71/1004 1603/72/1004
f 1603/72/1005 1604/71/1005 1606/73/1005 1605/74/1005
f 1605/74/1006 1606/73/1006 1608/75/1006 1607/76/1006
f 1607/76/1007 1608/75/1007 1610/77/1007 1609/78/1007
f 1609/78/1008 1610/77/1008 1612/79/1008 1611/80/1008
f 1611/80/1009 1612/79/1009 1614/81/1009 1613/82/1009
f 1613/82/1010 1614/81/1010 1616/83/1010 1615/84/1010
f 1615/84/1011 1616/83/1011 1618/85/1011 1617/86/1011
f 1617/86/1012 1618/85/1012 1620/87/1012 1619/88/1012
f 1619/88/1013 1620/87/1013 1622/89/1013 1621/90/1013
f 1621/90/1014 1622/89/1014 1624/91/1014 1623/92/1014
f 1623/92/1015 1624/91/1015 1626/93/1015 1625/94/1015
f 1625/94/1016 1626/93/1016 1628/95/1016 1627/96/1016
f 1627/96/1017 1628/95/1017 1630/97/1017 1629/98/1017
f 1629/98/1018 1630/97/1018 1632/99/1018 1631/100/1018
f 1631/100/1019 1632/99/1019 1634/101/1019 1633/102/1019
f 1633/102/1020 1634/101/1020 1636/103/1020 1635/104/1020
f 1635/104/1021 1636/103/1021 1638/105/1021 1637/106/1021
f 1637/106/1022 1638/105/1022 1640/107/1022 1639/108/1022
f 1639/108/1023 1640/107/1023 1642/109/1023 1641/110/1023
f 1641/110/1024 1642/109/1024 1644/111/1024 1643/112/1024
f 1643/112/1025 1644/111/1025 1646/113/1025 1645/114/1025
f 1645/114/1026 1646/113/1026 1648/115/1026 1647/116/1026
f 1647/116/1027 1648/115/1027 1650/117/1027 1649/118/1027
f 1649/118/1028 1650/117/1028 1652/119/1028 1651/120/1028
f 1594/121/1029 1592/122/1029 1654/123/1029 1652/124/1029 1650/125/1029 1648/126/1029 1646/127/1029 1644/128/1029 1642/129/1029 1640/130/1029 1638/131/1029 1636/132/1029 1634/133/1029 1632/134/1029 1630/135/1029 1628/136/1029 1626/137/1029 1624/138/1029 1622/139/1029 1620/140/1029 1618/141/1029 1616/142/1029 1614/143/1029 1612/144/1029 1610/145/1029 1608/146/1029 1606/147/1029 1604/148/1029 1602/149/1029 1600/150/1029 1598/151/1029 1596/152/1029
f 1651/120/1030 1652/119/1030 1654/153/1030 1653/154/1030
f 1653/154/1031 1654/153/1031 1592/155/1031 1591/156/1031
f 1591/157/1032 1593/158/1032 1595/159/1032 1597/160/1032 1599/161/1032 1601/162/1032 1603/163/1032 1605/164/1032 1607/165/1032 1609/166/1032 1611/167/1032 1613/168/1032 1615/169/1032 1617/170/1032 1619/171/1032 1621/172/1032 1623/173/1032 1625/174/1032 1627/175/1032 1629/176/1032 1631/177/1032 1633/178/1032 1635/179/1032 1637/180/1032 1639/181/1032 1641/182/1032 1643/183/1032 1645/184/1032 1647/185/1032 1649/186/1032 1651/187/1032 1653/188/1032
f 1655/59/1033 1656/60/1033 1658/61/1033 1657/62/1033
f 1657/62/1034 1658/61/1034 1660/63/1034 1659/64/1034
f 1659/64/1035 1660/63/1035 1662/65/1035 1661/66/1035
f 1661/66/1036 1662/65/1036 1664/67/1036 1663/68/1036
f 1663/68/1037 1664/67/1037 1666/69/1037 1665/70/1037
f 1665/70/1038 1666/69/1038 1668/71/1038 1667/72/1038
f 1667/72/1039 1668/71/1039 1670/73/1039 1669/74/1039
f 1669/74/1040 1670/73/1040 1672/75/1040 1671/76/1040
f 1671/76/1041 1672/75/1041 1674/77/1041 1673/78/1041
f 1673/78/1042 1674/77/1042 1676/79/1042 1675/80/1042
f 1675/80/1043 1676/79/1043 1678/81/1043 1677/82/1043
f 1677/82/1044 1678/81/1044 1680/83/1044 1679/84/1044
f 1679/84/1045 1680/83/1045 1682/85/1045 1681/86/1045
f 1681/86/1046 1682/85/1046 1684/87/1046 1683/88/1046
f 1683/88/1047 1684/87/1047 1686/89/1047 1685/90/1047
f 1685/90/1048 1686/89/1048 1688/91/1048 1687/92/1048
f 1687/92/1049 1688/91/1049 1690/93/1049 1689/94/1049
f 1689/94/1050 1690/93/1050 1692/95/1050 1691/96/1050
f 1691/96/1051 1692/95/1051 1694/97/1051 1693/98/1051
f 1693/98/1052 1694/97/1052 1696/99/1052 1695/100/1052
f 1695/100/1053 1696/99/1053 1698/101/1053 1697/102/1053
f 1697/102/1054 1698/101/1054 1700/103/1054 1699/104/1054
f 1699/104/1055 1700/103/1055 1702/105/1055 1701/106/1055
f 1701/106/1056 1702/105/1056 1704/107/1056 1703/108/1056
f 1703/108/1057 1704/107/1057 1706/109/1057 1705/110/1057
f 1705/110/1058 1706/109/1058 1708/111/1058 1707/112/1058
f 1707/112/1059 1708/111/1059 1710/113/1059 1709/114/1059
f 1709/114/1060 1710/113/1060 1712/115/1060 1711/116/1060
f 1711/116/1061 1712/115/1061 1714/117/1061 1713/118/1061
f 1713/118/1062 1714/117/1062 1716/119/1062 1715/120/1062
f 1658/121/1063 1656/122/1063 1718/123/1063 1716/124/1063 1714/125/1063 1712/126/1063 1710/127/1063 1708/128/1063 1706/129/1063 1704/130/1063 1702/131/1063 1700/132/1063 1698/133/1063 1696/134/1063 1694/135/1063 1692/136/1063 1690/137/1063 1688/138/1063 1686/139/1063 1684/140/1063 1682/141/1063 1680/142/1063 1678/143/1063 1676/144/1063 1674/145/1063 1672/146/1063 1670/147/1063 1668/148/1063 1666/149/1063 1664/150/1063 1662/151/1063 1660/152/1063
f 1715/120/1064 1716/119/1064 1718/153/1064 1717/154/1064
f 1717/154/1065 1718/153/1065 1656/155/1065 1655/156/1065
f 1655/157/1066 1657/158/1066 1659/159/1066 1661/160/1066 1663/161/1066 1665/162/1066 1667/163/1066 1669/164/1066 1671/165/1066 1673/166/1066 1675/167/1066 1677/168/1066 1679/169/1066 1681/170/1066 1683/171/1066 1685/172/1066 1687/173/1066 1689/174/1066 1691/175/1066 1693/176/1066 1695/177/1066 1697/178/1066 1699/179/1066 1701/180/1066 1703/181/1066 1705/182/1066 1707/183/1066 1709/184/1066 1711/185/1066 1713/186/1066 1715/187/1066 1717/188/1066
f 1719/59/1067 1720/60/1067 1722/61/1067 1721/62/1067
f 1721/62/1068 1722/61/1068 1724/63/1068 1723/64/1068
f 1723/64/1069 1724/63/1069 1726/65/1069 1725/66/1069
f 1725/66/1070 1726/65/1070 1728/67/1070 1727/68/1070
f 1727/68/1071 1728/67/1071 1730/69/1071 1729/70/1071
f 1729/70/1072 1730/69/1072 1732/71/1072 1731/72/1072
f 1731/72/1073 1732/71/1073 1734/73/1073 1733/74/1073
f 1733/74/1074 1734/73/1074 1736/75/1074 1735/76/1074
f 1735/76/1075 1736/75/1075 1738/77/1075 1737/78/1075
f 1737/78/1076 1738/77/1076 1740/79/1076 1739/80/1076
f 1739/80/1077 1740/79/1077 1742/81/1077 1741/82/1077
f 1741/82/1078 1742/81/1078 1744/83/1078 1743/84/1078
f 1743/84/1079 1744/83/1079 1746/85/1079 1745/86/1079
f 1745/86/1080 1746/85/1080 1748/87/1080 1747/88/1080
f 1747/88/1081 1748/87/1081 1750/89/1081 1749/90/1081
f 1749/90/1082 1750/89/1082 1752/91/1082 1751/92/1082
f 1751/92/1083 1752/91/1083 1754/93/1083 1753/94/1083
f 1753/94/1084 1754/93/1084 1756/95/1084 1755/96/1084
f 1755/96/1085 1756/95/1085 1758/97/1085 1757/98/1085
f 1757/98/1086 1758/97/1086 1760/99/1086 1759/100/1086
f 1759/100/1087 1760/99/1087 1762/101/1087 1761/102/1087
f 1761/102/1088 1762/101/1088 1764/103/1088 1763/104/1088
f 1763/104/1089 1764/103/1089 1766/105/1089 1765/106/1089
f 1765/106/1090 1766/105/1090 1768/107/1090 1767/108/1090
f 1767/108/1091 1768/107/1091 1770/109/1091 1769/110/1091
f 1769/110/1092 1770/109/1092 1772/111/1092 1771/112/1092
f 1771/112/1093 1772/111/1093 1774/113/1093 1773/114/1093
f 1773/114/1094 1774/113/1094 1776/115/1094 1775/116/1094
f 1775/116/1095 1776/115/1095 1778/117/1095 1777/118/1095
f 1777/118/1096 1778/117/1096 1780/119/1096 1779/120/1096
f 1722/121/1097 1720/122/1097 1782/123/1097 1780/124/1097 1778/125/1097 1776/126/1097 1774/127/1097 1772/128/1097 1770/129/1097 1768/130/1097 1766/131/1097 1764/132/1097 1762/133/1097 1760/134/1097 1758/135/1097 1756/136/1097 1754/137/1097 1752/138/1097 1750/139/1097 1748/140/1097 1746/141/1097 1744/142/1097 1742/143/1097 1740/144/1097 1738/145/1097 1736/146/1097 1734/147/1097 1732/148/1097 1730/149/1097 1728/150/1097 1726/151/1097 1724/152/1097
f 1779/120/1098 1780/119/1098 1782/153/1098 1781/154/1098
f 1781/154/1099 1782/153/1099 1720/155/1099 1719/156/1099
f 1719/157/1100 1721/158/1100 1723/159/1100 1725/160/1100 1727/161/1100 1729/162/1100 1731/163/1100 1733/164/1100 1735/165/1100 1737/166/1100 1739/167/1100 1741/168/1100 1743/169/1100 1745/170/1100 1747/171/1100 1749/172/1100 1751/173/1100 1753/174/1100 1755/175/1100 1757/176/1100 1759/177/1100 1761/178/1100 1763/179/1100 1765/180/1100 1767/181/1100 1769/182/1100 1771/183/1100 1773/184/1100 1775/185/1100 1777/186/1100 1779/187/1100 1781/188/1100
f 1783/59/1101 1784/60/1101 1786/61/1101 1785/62/1101
f 1785/62/1102 1786/61/1102 1788/63/1102 1787/64/1102
f 1787/64/1103 1788/63/1103 1790/65/1103 1789/66/1103
f 1789/66/1104 1790/65/1104 1792/67/1104 1791/68/1104
f 1791/68/1105 1792/67/1105 1794/69/1105 1793/70/1105
f 1793/70/1106 1794/69/1106 1796/71/1106 1795/72/1106
f 1795/72/1107 1796/71/1107 1798/73/1107 1797/74/1107
f 1797/74/1108 1798/73/1108 1800/75/1108 1799/76/1108
f 1799/76/1109 1800/75/1109 1802/77/1109 1801/78/1109
f 1801/78/1110 1802/77/1110 1804/79/1110 1803/80/1110
f 1803/80/1111 1804/79/1111 1806/81/1111 1805/82/1111
f 1805/82/1112 1806/81/1112 1808/83/1112 1807/84/1112
f 1807/84/1113 1808/83/1113 1810/85/1113 1809/86/1113
f 1809/86/1114 1810/85/1114 1812/87/1114 1811/88/1114
f 1811/88/1115 1812/87/1115 1814/89/1115 1813/90/1115
f 1813/90/1116 1814/89/1116 1816/91/1116 1815/92/1116
f 1815/92/1117 1816/91/1117 1818/93/1117 1817/94/1117
f 1817/94/1118 1818/93/1118 1820/95/1118 1819/96/1118
f 1819/96/1119 1820/95/1119 1822/97/1119 1821/98/1119
f 1821/98/1120 1822/97/1120 1824/99/1120 1823/100/1120
f 1823/100/1121 1824/99/1121 1826/101/1121 1825/102/1121
f 1825/102/1122 1826/101/1122 1828/103/1122 1827/104/1122
f 1827/104/1123 1828/103/1123 1830/105/1123 1829/106/1123
f 1829/106/1124 1830/105/1124 1832/107/1124 1831/108/1124
f 1831/108/1125 1832/107/1125 1834/109/1125 1833/110/1125
f 1833/110/1126 1834/109/1126 1836/111/1126 1835/112/1126
f 1835/112/1127 1836/111/1127 1838/113/1127 1837/114/1127
f 1837/114/1128 1838/113/1128 1840/115/1128 1839/116/1128
f 1839/116/1129 1840/115/1129 1842/117/1129 1841/118/1129
f 1841/118/1130 1842/117/1130 1844/119/1130 1843/120/1130
f 1786/121/1131 1784/122/1131 1846/123/1131 1844/124/1131 1842/125/1131 1840/126/1131 1838/127/1131 1836/128/1131 1834/129/1131 1832/130/1131 1830/131/1131 1828/132/1131 1826/133/1131 1824/134/1131 1822/135/1131 1820/136/1131 1818/137/1131 1816/138/1131 1814/139/1131 1812/140/1131 1810/141/1131 1808/142/1131 1806/143/1131 1804/144/1131 1802/145/1131 1800/146/1131 1798/147/1131 1796/148/1131 1794/149/1131 1792/150/1131 1790/151/1131 1788/152/1131
f 1843/120/1132 1844/119/1132 1846/153/1132 1845/154/1132
f 1845/154/1133 1846/153/1133 1784/155/1133 1783/156/1133
f 1783/157/1134 1785/158/1134 1787/159/1134 1789/160/1134 1791/161/1134 1793/162/1134 1795/163/1134 1797/164/1134 1799/165/1134 1801/166/1134 1803/167/1134 1805/168/1134 1807/169/1134 1809/170/1134 1811/171/1134 1813/172/1134 1815/173/1134 1817/174/1134 1819/175/1134 1821/176/1134 1823/177/1134 1825/178/1134 1827/179/1134 1829/180/1134 1831/181/1134 1833/182/1134 1835/183/1134 1837/184/1134 1839/185/1134 1841/186/1134 1843/187/1134 1845/188/1134
f 1847/59/765 1848/60/765 1850/61/765 1849/62/765
f 1849/62/1135 1850/61/1135 1852/63/1135 1851/64/1135
f 1851/64/1136 1852/63/1136 1854/65/1136 1853/66/1136
f 1853/66/1137 1854/65/1137 1856/67/1137 1855/68/1137
f 1855/68/1138 1856/67/1138 1858/69/1138 1857/70/1138
f 1857/70/1139 1858/69/1139 1860/71/1139 1859/72/1139
f 1859/72/1140 1860/71/1140 1862/73/1140 1861/74/1140
f 1861/74/1141 1862/73/1141 1864/75/1141 1863/76/1141
f 1863/76/1142 1864/75/1142 1866/77/1142 1865/78/1142
f 1865/78/1143 1866/77/1143 1868/79/1143 1867/80/1143
f 1867/80/1144 1868/79/1144 1870/81/1144 1869/82/1144
f 1869/82/1145 1870/81/1145 1872/83/1145 1871/84/1145
f 1871/84/1146 1872/83/1146 1874/85/1146 1873/86/1146
f 1873/86/1147 1874/85/1147 1876/87/1147 1875/88/1147
f 1875/88/1148 1876/87/1148 1878/89/1148 1877/90/1148
f 1877/90/780 1878/89/780 1880/91/780 1879/92/780
f 1879/92/781 1880/91/781 1882/93/781 1881/94/781
f 1881/94/1149 1882/93/1149 1884/95/1149 1883/96/1149
f 1883/96/1150 1884/95/1150 1886/97/1150 1885/98/1150
f 1885/98/1151 1886/97/1151 1888/99/1151 1887/100/1151
f 1887/100/1152 1888/99/1152 1890/101/1152 1889/102/1152
f 1889/102/1153 1890/101/1153 1892/103/1153 1891/104/1153
f 1891/104/1154 1892/103/1154 1894/105/1154 1893/106/1154
f 1893/106/1155 1894/105/1155 1896/107/1155 1895/108/1155
f 1895/108/1156 1896/107/1156 1898/109/1156 1897/110/1156
f 1897/110/1157 1898/109/1157 1900/111/1157 1899/112/1157
f 1899/112/1158 1900/111/1158 1902/113/1158 1901/114/1158
f 1901/114/1159 1902/113/1159 1904/115/1159 1903/116/1159
f 1903/116/1160 1904/115/1160 1906/117/1160 1905/118/1160
f 1905/118/1161 1906/117/1161 1908/119/1161 1907/120/1161
f 1850/121/1162 1848/122/1162 1910/123/1162 1908/124/1162 1906/125/1162 1904/126/1162 1902/127/1162 1900/128/1162 1898/129/1162 1896/130/1162 1894/131/1162 1892/132/1162 1890/133/1162 1888/134/1162 1886/135/1162 1884/136/1162 1882/137/1162 1880/138/1162 1878/139/1162 1876/140/1162 1874/141/1162 1872/142/1162 1870/143/1162 1868/144/1162 1866/145/1162 1864/146/1162 1862/147/1162 1860/148/1162 1858/149/1162 1856/150/1162 1854/151/1162 1852/152/1162
f 1907/120/1163 1908/119/1163 1910/153/1163 1909/154/1163
f 1909/154/797 1910/153/797 1848/155/797 1847/156/797
f 1847/157/1164 1849/158/1164 1851/159/1164 1853/160/1164 1855/161/1164 1857/162/1164 1859/163/1164 1861/164/1164 1863/165/1164 1865/166/1164 1867/167/1164 1869/168/1164 1871/169/1164 1873/170/1164 1875/171/1164 1877/172/1164 1879/173/1164 1881/174/1164 1883/175/1164 1885/176/1164 1887/177/1164 1889/178/1164 1891/179/1164 1893/180/1164 1895/181/1164 1897/182/1164 1899/183/1164 1901/184/1164 1903/185/1164 1905/186/1164 1907/187/1164 1909/188/1164
f 1911/59/1165 1912/60/1165 1914/61/1165 1913/62/1165
f 1913/62/1166 1914/61/1166 1916/63/1166 1915/64/1166
f 1915/64/1167 1916/63/1167 1918/65/1167 1917/66/1167
f 1917/66/1168 1918/65/1168 1920/67/1168 1919/68/1168
f 1919/68/1169 1920/67/1169 1922/69/1169 1921/70/1169
f 1921/70/1170 1922/69/1170 1924/71/1170 1923/72/1170
f 1923/72/1171 1924/71/1171 1926/73/1171 1925/74/1171
f 1925/74/1172 1926/73/1172 1928/75/1172 1927/76/1172
f 1927/76/1173 1928/75/1173 1930/77/1173 1929/78/1173
f 1929/78/1174 1930/77/1174 1932/79/1174 1931/80/1174
f 1931/80/1175 1932/79/1175 1934/81/1175 1933/82/1175
f 1933/82/1176 1934/81/1176 1936/83/1176 1935/84/1176
f 1935/84/1177 1936/83/1177 1938/85/1177 1937/86/1177
f 1937/86/1178 1938/85/1178 1940/87/1178 1939/88/1178
f 1939/88/1179 1940/87/1179 1942/89/1179 1941/90/1179
f 1941/90/1180 1942/89/1180 1944/91/1180 1943/92/1180
f 1943/92/1181 1944/91/1181 1946/93/1181 1945/94/1181
f 1945/94/1182 1946/93/1182 1948/95/1182 1947/96/1182
f 1947/96/1183 1948/95/1183 1950/97/1183 1949/98/1183
f 1949/98/1184 1950/97/1184 1952/99/1184 1951/100/1184
f 1951/100/1185 1952/99/1185 1954/101/1185 1953/102/1185
f 1953/102/1186 1954/101/1186 1956/103/1186 1955/104/1186
f 1955/104/1187 1956/103/1187 1958/105/1187 1957/106/1187
f 1957/106/1188 1958/105/1188 1960/107/1188 1959/108/1188
f 1959/108/1189 1960/107/1189 1962/109/1189 1961/110/1189
f 1961/110/1190 1962/109/1190 1964/111/1190 1963/112/1190
f 1963/112/1191 1964/111/1191 1966/113/1191 1965/114/1191
f 1965/114/1192 1966/113/1192 1968/115/1192 1967/116/1192
f 1967/116/1193 1968/115/1193 1970/117/1193 1969/118/1193
f 1969/118/1194 1970/117/1194 1972/119/1194 1971/120/1194
f 1914/121/1195 1912/122/1195 1974/123/1195 1972/124/1195 1970/125/1195 1968/126/1195 1966/127/1195 1964/128/1195 1962/129/1195 1960/130/1195 1958/131/1195 1956/132/1195 1954/133/1195 1952/134/1195 1950/135/1195 1948/136/1195 1946/137/1195 1944/138/1195 1942/139/1195 1940/140/1195 1938/141/1195 1936/142/1195 1934/143/1195 1932/144/1195 1930/145/1195 1928/146/1195 1926/147/1195 1924/148/1195 1922/149/1195 1920/150/1195 1918/151/1195 1916/152/1195
f 1971/120/1196 1972/119/1196 1974/153/1196 1973/154/1196
f 1973/154/1197 1974/153/1197 1912/155/1197 1911/156/1197
f 1911/157/1198 1913/158/1198 1915/159/1198 1917/160/1198 1919/161/1198 1921/162/1198 1923/163/1198 1925/164/1198 1927/165/1198 1929/166/1198 1931/167/1198 1933/168/1198 1935/169/1198 1937/170/1198 1939/171/1198 1941/172/1198 1943/173/1198 1945/174/1198 1947/175/1198 1949/176/1198 1951/177/1198 1953/178/1198 1955/179/1198 1957/180/1198 1959/181/1198 1961/182/1198 1963/183/1198 1965/184/1198 1967/185/1198 1969/186/1198 1971/187/1198 1973/188/1198
f 1975/59/1199 1976/60/1199 1978/61/1199 1977/62/1199
f 1977/62/1200 1978/61/1200 1980/63/1200 1979/64/1200
f 1979/64/1201 1980/63/1201 1982/65/1201 1981/66/1201
f 1981/66/1202 1982/65/1202 1984/67/1202 1983/68/1202
f 1983/68/1203 1984/67/1203 1986/69/1203 1985/70/1203
f 1985/70/1204 1986/69/1204 1988/71/1204 1987/72/1204
f 1987/72/1205 1988/71/1205 1990/73/1205 1989/74/1205
f 1989/74/1206 1990/73/1206 1992/75/1206 1991/76/1206
f 1991/76/1207 1992/75/1207 1994/77/1207 1993/78/1207
f 1993/78/1208 1994/77/1208 1996/79/1208 1995/80/1208
f 1995/80/1209 1996/79/1209 1998/81/1209 1997/82/1209
f 1997/82/1210 1998/81/1210 2000/83/1210 1999/84/1210
f 1999/84/1211 2000/83/1211 2002/85/1211 2001/86/1211
f 2001/86/1212 2002/85/1212 2004/87/1212 2003/88/1212
f 2003/88/1213 2004/87/1213 2006/89/1213 2005/90/1213
f 2005/90/1214 2006/89/1214 2008/91/1214 2007/92/1214
f 2007/92/1215 2008/91/1215 2010/93/1215 2009/94/1215
f 2009/94/1216 2010/93/1216 2012/95/1216 2011/96/1216
f 2011/96/1217 2012/95/1217 2014/97/1217 2013/98/1217
f 2013/98/1218 2014/97/1218 2016/99/1218 2015/100/1218
f 2015/100/1219 2016/99/1219 2018/101/1219 2017/102/1219
f 2017/102/1220 2018/101/1220 2020/103/1220 2019/104/1220
f 2019/104/1221 2020/103/1221 2022/105/1221 2021/106/1221
f 2021/106/1222 2022/105/1222 2024/107/1222 2023/108/1222
f 2023/108/1223 2024/107/1223 2026/109/1223 2025/110/1223
f 2025/110/1224 2026/109/1224 2028/111/1224 2027/112/1224
f 2027/112/1225 2028/111/1225 2030/113/1225 2029/114/1225
f 2029/114/1226 2030/113/1226 2032/115/1226 2031/116/1226
f 2031/116/1227 2032/115/1227 2034/117/1227 2033/118/1227
f 2033/118/1228 2034/117/1228 2036/119/1228 2035/120/1228
f 1978/121/1229 1976/122/1229 2038/123/1229 2036/124/1229 2034/125/1229 2032/126/1229 2030/127/1229 2028/128/1229 2026/129/1229 2024/130/1229 2022/131/1229 2020/132/1229 2018/133/1229 2016/134/1229 2014/135/1229 2012/136/1229 2010/137/1229 2008/138/1229 2006/139/1229 2004/140/1229 2002/141/1229 2000/142/1229 1998/143/1229 1996/144/1229 1994/145/1229 1992/146/1229 1990/147/1229 1988/148/1229 1986/149/1229 1984/150/1229 1982/151/1229 1980/152/1229
f 2035/120/1230 2036/119/1230 2038/153/1230 2037/154/1230
f 2037/154/1231 2038/153/1231 1976/155/1231 1975/156/1231
f 1975/157/1232 1977/158/1232 1979/159/1232 1981/160/1232 1983/161/1232 1985/162/1232 1987/163/1232 1989/164/1232 1991/165/1232 1993/166/1232 1995/167/1232 1997/168/1232 1999/169/1232 2001/170/1232 2003/171/1232 2005/172/1232 2007/173/1232 2009/174/1232 2011/175/1232 2013/176/1232 2015/177/1232 2017/178/1232 2019/179/1232 2021/180/1232 2023/181/1232 2025/182/1232 2027/183/1232 2029/184/1232 2031/185/1232 2033/186/1232 2035/187/1232 2037/188/1232
f 2039/59/1233 2040/60/1233 2042/61/1233 2041/62/1233
f 2041/62/1234 2042/61/1234 2044/63/1234 2043/64/1234
f 2043/64/1235 2044/63/1235 2046/65/1235 2045/66/1235
f 2045/66/1236 2046/65/1236 2048/67/1236 2047/68/1236
f 2047/68/1237 2048/67/1237 2050/69/1237 2049/70/1237
f 2049/70/1238 2050/69/1238 2052/71/1238 2051/72/1238
f 2051/72/1239 2052/71/1239 2054/73/1239 2053/74/1239
f 2053/74/1240 2054/73/1240 2056/75/1240 2055/76/1240
f 2055/76/1241 2056/75/1241 2058/77/1241 2057/78/1241
f 2057/78/1242 2058/77/1242 2060/79/1242 2059/80/1242
f 2059/80/1243 2060/79/1243 2062/81/1243 2061/82/1243
f 2061/82/1244 2062/81/1244 2064/83/1244 2063/84/1244
f 2063/84/1245 2064/83/1245 2066/85/1245 2065/86/1245
f 2065/86/1246 2066/85/1246 2068/87/1246 2067/88/1246
f 2067/88/1247 2068/87/1247 2070/89/1247 2069/90/1247
f 2069/90/1248 2070/89/1248 2072/91/1248 2071/92/1248
f 2071/92/1249 2072/91/1249 2074/93/1249 2073/94/1249
f 2073/94/1250 2074/93/1250 2076/95/1250 2075/96/1250
f 2075/96/1251 2076/95/1251 2078/97/1251 2077/98/1251
f 2077/98/1252 2078/97/1252 2080/99/1252 2079/100/1252
f 2079/100/1253 2080/99/1253 2082/101/1253 2081/102/1253
f 2081/102/1254 2082/101/1254 2084/103/1254 2083/104/1254
f 2083/104/1255 2084/103/1255 2086/105/1255 2085/106/1255
f 2085/106/1256 2086/105/1256 2088/107/1256 2087/108/1256
f 2087/108/1257 2088/107/1257 2090/109/1257 2089/110/1257
f 2089/110/1258 2090/109/1258 2092/111/1258 2091/112/1258
f 2091/112/1259 2092/111/1259 2094/113/1259 2093/114/1259
f 2093/114/1260 2094/113/1260 2096/115/1260 2095/116/1260
f 2095/116/1261 2096/115/1261 2098/117/1261 2097/118/1261
f 2097/118/1262 2098/117/1262 2100/119/1262 2099/120/1262
f 2042/121/1263 2040/122/1263 2102/123/1263 2100/124/1263 2098/125/1263 2096/126/1263 2094/127/1263 2092/128/1263 2090/129/1263 2088/130/1263 2086/131/1263 2084/132/1263 2082/133/1263 2080/134/1263 2078/135/1263 2076/136/1263 2074/137/1263 2072/138/1263 2070/139/1263 2068/140/1263 2066/141/1263 2064/142/1263 2062/143/1263 2060/144/1263 2058/145/1263 2056/146/1263 2054/147/1263 2052/148/1263 2050/149/1263 2048/150/1263 2046/151/1263 2044/152/1263
f 2099/120/1264 2100/119/1264 2102/153/1264 2101/154/1264
f 2101/154/1265 2102/153/1265 2040/155/1265 2039/156/1265
f 2039/157/1266 2041/158/1266 2043/159/1266 2045/160/1266 2047/161/1266 2049/162/1266 2051/163/1266 2053/164/1266 2055/165/1266 2057/166/1266 2059/167/1266 2061/168/1266 2063/169/1266 2065/170/1266 2067/171/1266 2069/172/1266 2071/173/1266 2073/174/1266 2075/175/1266 2077/176/1266 2079/177/1266 2081/178/1266 2083/179/1266 2085/180/1266 2087/181/1266 2089/182/1266 2091/183/1266 2093/184/1266 2095/185/1266 2097/186/1266 2099/187/1266 2101/188/1266
f 2103/59/1267 2104/60/1267 2106/61/1267 2105/62/1267
f 2105/62/1268 2106/61/1268 2108/63/1268 2107/64/1268
f 2107/64/1269 2108/63/1269 2110/65/1269 2109/66/1269
f 2109/66/1270 2110/65/1270 2112/67/1270 2111/68/1270
f 2111/68/1271 2112/67/1271 2114/69/1271 2113/70/1271
f 2113/70/1272 2114/69/1272 2116/71/1272 2115/72/1272
f 2115/72/1273 2116/71/1273 2118/73/1273 2117/74/1273
f 2117/74/1274 2118/73/1274 2120/75/1274 2119/76/1274
f 2119/76/1275 2120/75/1275 2122/77/1275 2121/78/1275
f 2121/78/1276 2122/77/1276 2124/79/1276 2123/80/1276
f 2123/80/1277 2124/79/1277 2126/81/1277 2125/82/1277
f 2125/82/1278 2126/81/1278 2128/83/1278 2127/84/1278
f 2127/84/1279 2128/83/1279 2130/85/1279 2129/86/1279
f 2129/86/1280 2130/85/1280 2132/87/1280 2131/88/1280
f 2131/88/1281 2132/87/1281 2134/89/1281 2133/90/1281
f 2133/90/1282 2134/89/1282 2136/91/1282 2135/92/1282
f 2135/92/1283 2136/91/1283 2138/93/1283 2137/94/1283
f 2137/94/1284 2138/93/1284 2140/95/1284 2139/96/1284
f 2139/96/1285 2140/95/1285 2142/97/1285 2141/98/1285
f 2141/98/1286 2142/97/1286 2144/99/1286 2143/100/1286
f 2143/100/1287 2144/99/1287 2146/101/1287 2145/102/1287
f 2145/102/1288 2146/101/1288 2148/103/1288 2147/104/1288
f 2147/104/1289 2148/103/1289 2150/105/1289 2149/106/1289
f 2149/106/1290 2150/105/1290 2152/107/1290 2151/108/1290
f 2151/108/1291 2152/107/1291 2154/109/1291 2153/110/1291
f 2153/110/1292 2154/109/1292 2156/111/1292 2155/112/1292
f 2155/112/1293 2156/111/1293 2158/113/1293 2157/114/1293
f 2157/114/1294 2158/113/1294 2160/115/1294 2159/116/1294
f 2159/116/1295 2160/115/1295 2162/117/1295 2161/118/1295
f 2161/118/1296 2162/117/1296 2164/119/1296 2163/120/1296
f 2106/121/1297 2104/122/1297 2166/123/1297 2164/124/1297 2162/125/1297 2160/126/1297 2158/127/1297 2156/128/1297 2154/129/1297 2152/130/1297 2150/131/1297 2148/132/1297 2146/133/1297 2144/134/1297 2142/135/1297 2140/136/1297 2138/137/1297 2136/138/1297 2134/139/1297 2132/140/1297 2130/141/1297 2128/142/1297 2126/143/1297 2124/144/1297 2122/145/1297 2120/146/1297 2118/147/1297 2116/148/1297 2114/149/1297 2112/150/1297 2110/151/1297 2108/152/1297
f 2163/120/1298 2164/119/1298 2166/153/1298 2165/154/1298
f 2165/154/1299 2166/153/1299 2104/155/1299 2103/156/1299
f 2103/157/1300 2105/158/1300 2107/159/1300 2109/160/1300 2111/161/1300 2113/162/1300 2115/163/1300 2117/164/1300 2119/165/1300 2121/166/1300 2123/167/1300 2125/168/1300 2127/169/1300 2129/170/1300 2131/171/1300 2133/172/1300 2135/173/1300 2137/174/1300 2139/175/1300 2141/176/1300 2143/177/1300 2145/178/1300 2147/179/1300 2149/180/1300 2151/181/1300 2153/182/1300 2155/183/1300 2157/184/1300 2159/185/1300 2161/186/1300 2163/187/1300 2165/188/1300
f 2167/59/1301 2168/60/1301 2170/61/1301 2169/62/1301
f 2169/62/1302 2170/61/1302 2172/63/1302 2171/64/1302
f 2171/64/1303 2172/63/1303 2174/65/1303 2173/66/1303
f 2173/66/1304 2174/65/1304 2176/67/1304 2175/68/1304
f 2175/68/1305 2176/67/1305 2178/69/1305 2177/70/1305
f 2177/70/1306 2178/69/1306 2180/71/1306 2179/72/1306
f 2179/72/1307 2180/71/1307 2182/73/1307 2181/74/1307
f 2181/74/1308 2182/73/1308 2184/75/1308 2183/76/1308
f 2183/76/1309 2184/75/1309 2186/77/1309 2185/78/1309
f 2185/78/1310 2186/77/1310 2188/79/1310 2187/80/1310
f 2187/80/1311 2188/79/1311 2190/81/1311 2189/82/1311
f 2189/82/1312 2190/81/1312 2192/83/1312 2191/84/1312
f 2191/84/1313 2192/83/1313 2194/85/1313 2193/86/1313
f 2193/86/1314 2194/85/1314 2196/87/1314 2195/88/1314
f 2195/88/1315 2196/87/1315 2198/89/1315 2197/90/1315
f 2197/90/1316 2198/89/1316 2200/91/1316 2199/92/1316
f 2199/92/1317 2200/91/1317 2202/93/1317 2201/94/1317
f 2201/94/1318 2202/93/1318 2204/95/1318 2203/96/1318
f 2203/96/1319 2204/95/1319 2206/97/1319 2205/98/1319
f 2205/98/1320 2206/97/1320 2208/99/1320 2207/100/1320
f 2207/100/1321 2208/99/1321 2210/101/1321 2209/102/1321
f 2209/102/1322 2210/101/1322 2212/103/1322 2211/104/1322
f 2211/104/1323 2212/103/1323 2214/105/1323 2213/106/1323
f 2213/106/1324 2214/105/1324 2216/107/1324 2215/108/1324
f 2215/108/1325 2216/107/1325 2218/109/1325 2217/110/1325
f 2217/110/1326 2218/109/1326 2220/111/1326 2219/112/1326
f 2219/112/1327 2220/111/1327 2222/113/1327 2221/114/1327
f 2221/114/1328 2222/113/1328 2224/115/1328 2223/116/1328
f 2223/116/1329 2224/115/1329 2226/117/1329 2225/118/1329
f 2225/118/1330 2226/117/1330 2228/119/1330 2227/120/1330
f 2170/121/1331 2168/122/1331 2230/123/1331 2228/124/1331 2226/125/1331 2224/126/1331 2222/127/1331 2220/128/1331 2218/129/1331 2216/130/1331 2214/131/1331 2212/132/1331 2210/133/1331 2208/134/1331 2206/135/1331 2204/136/1331 2202/137/1331 2200/138/1331 2198/139/1331 2196/140/1331 2194/141/1331 2192/142/1331 2190/143/1331 2188/144/1331 2186/145/1331 2184/146/1331 2182/147/1331 2180/148/1331 2178/149/1331 2176/150/1331 2174/151/1331 2172/152/1331
f 2227/120/1332 2228/119/1332 2230/153/1332 2229/154/1332
f 2229/154/1333 2230/153/1333 2168/155/1333 2167/156/1333
f 2167/157/1334 2169/158/1334 2171/159/1334 2173/160/1334 2175/161/1334 2177/162/1334 2179/163/1334 2181/164/1334 2183/165/1334 2185/166/1334 2187/167/1334 2189/168/1334 2191/169/1334 2193/170/1334 2195/171/1334 2197/172/1334 2199/173/1334 2201/174/1334 2203/175/1334 2205/176/1334 2207/177/1334 2209/178/1334 2211/179/1334 2213/180/1334 2215/181/1334 2217/182/1334 2219/183/1334 2221/184/1334 2223/185/1334 2225/186/1334 2227/187/1334 2229/188/1334
f 2231/59/1335 2232/60/1335 2234/61/1335 2233/62/1335
f 2233/62/1336 2234/61/1336 2236/63/1336 2235/64/1336
f 2235/64/1337 2236/63/1337 2238/65/1337 2237/66/1337
f 2237/66/1338 2238/65/1338 2240/67/1338 2239/68/1338
f 2239/68/1339 2240/67/1339 2242/69/1339 2241/70/1339
f 2241/70/1340 2242/69/1340 2244/71/1340 2243/72/1340
f 2243/72/1341 2244/71/1341 2246/73/1341 2245/74/1341
f 2245/74/1342 2246/73/1342 2248/75/1342 2247/76/1342
f 2247/76/1343 2248/75/1343 2250/77/1343 2249/78/1343
f 2249/78/1344 2250/77/1344 2252/79/1344 2251/80/1344
f 2251/80/1345 2252/79/1345 2254/81/1345 2253/82/1345
f 2253/82/1346 2254/81/1346 2256/83/1346 2255/84/1346
f 2255/84/1347 2256/83/1347 2258/85/1347 2257/86/1347
f 2257/86/1348 2258/85/1348 2260/87/1348 2259/88/1348
f 2259/88/1349 2260/87/1349 2262/89/1349 2261/90/1349
f 2261/90/1350 2262/89/1350 2264/91/1350 2263/92/1350
f 2263/92/1351 2264/91/1351 2266/93/1351 2265/94/1351
f 2265/94/1352 2266/93/1352 2268/95/1352 2267/96/1352
f 2267/96/1353 2268/95/1353 2270/97/1353 2269/98/1353
f 2269/98/1354 2270/97/1354 2272/99/1354 2271/100/1354
f 2271/100/1355 2272/99/1355 2274/101/1355 2273/102/1355
f 2273/102/1356 2274/101/1356 2276/103/1356 2275/104/1356
f 2275/104/1357 2276/103/1357 2278/105/1357 2277/106/1357
f 2277/106/1358 2278/105/1358 2280/107/1358 2279/108/1358
f 2279/108/1359 2280/107/1359 2282/109/1359 2281/110/1359
f 2281/110/1360 2282/109/1360 2284/111/1360 2283/112/1360
f 2283/112/1361 2284/111/1361 2286/113/1361 2285/114/1361
f 2285/114/1362 2286/113/1362 2288/115/1362 2287/116/1362
f 2287/116/1363 2288/115/1363 2290/117/1363 2289/118/1363
f 2289/118/1364 2290/117/1364 2292/119/1364 2291/120/1364
f 2234/121/1365 2232/122/1365 2294/123/1365 2292/124/1365 2290/125/1365 2288/126/1365 2286/127/1365 2284/128/1365 2282/129/1365 2280/130/1365 2278/131/1365 2276/132/1365 2274/133/1365 2272/134/1365 2270/135/1365 2268/136/1365 2266/137/1365 2264/138/1365 2262/139/1365 2260/140/1365 2258/141/1365 2256/142/1365 2254/143/1365 2252/144/1365 2250/145/1365 2248/146/1365 2246/147/1365 2244/148/1365 2242/149/1365 2240/150/1365 2238/151/1365 2236/152/1365
f 2291/120/1366 2292/119/1366 2294/153/1366 2293/154/1366
f 2293/154/1367 2294/153/1367 2232/155/1367 2231/156/1367
f 2231/157/1368 2233/158/1368 2235/159/1368 2237/160/1368 2239/161/1368 2241/162/1368 2243/163/1368 2245/164/1368 2247/165/1368 2249/166/1368 2251/167/1368 2253/168/1368 2255/169/1368 2257/170/1368 2259/171/1368 2261/172/1368 2263/173/1368 2265/174/1368 2267/175/1368 2269/176/1368 2271/177/1368 2273/178/1368 2275/179/1368 2277/180/1368 2279/181/1368 2281/182/1368 2283/183/1368 2285/184/1368 2287/185/1368 2289/186/1368 2291/187/1368 2293/188/1368
f 2295/59/663 2296/60/663 2298/61/663 2297/62/663
f 2297/62/664 2298/61/664 2300/63/664 2299/64/664
f 2299/64/1369 2300/63/1369 2302/65/1369 2301/66/1369
f 2301/66/1370 2302/65/1370 2304/67/1370 2303/68/1370
f 2303/68/1371 2304/67/1371 2306/69/1371 2305/70/1371
f 2305/70/1372 2306/69/1372 2308/71/1372 2307/72/1372
f 2307/72/1373 2308/71/1373 2310/73/1373 2309/74/1373
f 2309/74/1374 2310/73/1374 2312/75/1374 2311/76/1374
f 2311/76/1375 2312/75/1375 2314/77/1375 2313/78/1375
f 2313/78/1376 2314/77/1376 2316/79/1376 2315/80/1376
f 2315/80/1377 2316/79/1377 2318/81/1377 2317/82/1377
f 2317/82/1378 2318/81/1378 2320/83/1378 2319/84/1378
f 2319/84/1379 2320/83/1379 2322/85/1379 2321/86/1379
f 2321/86/1380 2322/85/1380 2324/87/1380 2323/88/1380
f 2323/88/677 2324/87/677 2326/89/677 2325/90/677
f 2325/90/678 2326/89/678 2328/91/678 2327/92/678
f 2327/92/679 2328/91/679 2330/93/679 2329/94/679
f 2329/94/680 2330/93/680 2332/95/680 2331/96/680
f 2331/96/1381 2332/95/1381 2334/97/1381 2333/98/1381
f 2333/98/1382 2334/97/1382 2336/99/1382 2335/100/1382
f 2335/100/1383 2336/99/1383 2338/101/1383 2337/102/1383
f 2337/102/1384 2338/101/1384 2340/103/1384 2339/104/1384
f 2339/104/1385 2340/103/1385 2342/105/1385 2341/106/1385
f 2341/106/1386 2342/105/1386 2344/107/1386 2343/108/1386
f 2343/108/1387 2344/107/1387 2346/109/1387 2345/110/1387
f 2345/110/1388 2346/109/1388 2348/111/1388 2347/112/1388
f 2347/112/1389 2348/111/1389 2350/113/1389 2349/114/1389
f 2349/114/1390 2350/113/1390 2352/115/1390 2351/116/1390
f 2351/116/1391 2352/115/1391 2354/117/1391 2353/118/1391
f 2353/118/1392 2354/117/1392 2356/119/1392 2355/120/1392
f 2298/121/1393 2296/122/1393 2358/123/1393 2356/124/1393 2354/125/1393 2352/126/1393 2350/127/1393 2348/128/1393 2346/129/1393 2344/130/1393 2342/131/1393 2340/132/1393 2338/133/1393 2336/134/1393 2334/135/1393 2332/136/1393 2330/137/1393 2328/138/1393 2326/139/1393 2324/140/1393 2322/141/1393 2320/142/1393 2318/143/1393 2316/144/1393 2314/145/1393 2312/146/1393 2310/147/1393 2308/148/1393 2306/149/1393 2304/150/1393 2302/151/1393 2300/152/1393
f 2355/120/694 2356/119/694 2358/153/694 2357/154/694
f 2357/154/695 2358/153/695 2296/155/695 2295/156/695
f 2295/157/1394 2297/158/1394 2299/159/1394 2301/160/1394 2303/161/1394 2305/162/1394 2307/163/1394 2309/164/1394 2311/165/1394 2313/166/1394 2315/167/1394 2317/168/1394 2319/169/1394 2321/170/1394 2323/171/1394 2325/172/1394 2327/173/1394 2329/174/1394 2331/175/1394 2333/176/1394 2335/177/1394 2337/178/1394 2339/179/1394 2341/180/1394 2343/181/1394 2345/182/1394 2347/183/1394 2349/184/1394 2351/185/1394 2353/186/1394 2355/187/1394 2357/188/1394
o BézierCurve.001
v 1.550886 -0.086125 -23.213287
v 1.550886 -1.138134 -20.304909
v 1.550886 -1.824983 -17.356232
v 1.550886 -2.198837 -14.326952
v 1.550885 -2.311862 -11.176769
v 1.550885 -2.216224 -7.865383
v 1.550885 -1.964089 -4.352492
v 1.550884 -1.607623 -0.597797
v 1.550884 -1.198990 3.439004
v 1.550884 -0.790358 7.798212
v 1.550883 -0.433892 12.520127
v 1.550883 -0.181757 17.645052
v 1.550883 -0.086118 23.213287
l 2359 2360
l 2360 2361
l 2361 2362
l 2362 2363
l 2363 2364
l 2364 2365
l 2365 2366
l 2366 2367
l 2367 2368
l 2368 2369
l 2369 2370
l 2370 2371
o Cylinder.003
v 2.888875 5.114895 -24.302265
v 2.891735 4.838873 -23.670050
v 2.810755 5.051908 -24.927464
v 2.824134 4.791529 -24.243650
v 2.685723 5.046550 -24.980646
v 2.701504 4.780321 -24.347546
v 2.588603 5.081228 -24.636442
v 2.600336 4.804119 -24.057514
v 2.576289 5.135627 -24.096479
v 2.573150 4.859302 -23.593290
v 2.655993 5.177882 -23.677063
v 2.631237 4.908545 -23.128738
v 2.781025 5.183240 -23.623882
v 2.754553 4.929626 -22.986443
v 2.852295 5.166636 -23.788698
v 2.858673 4.926407 -23.243219
v 2.891485 4.627535 -23.042442
v 2.824134 4.568260 -23.627516
v 2.701504 4.556265 -23.729370
v 2.597543 4.589707 -23.437410
v 2.573150 4.648996 -22.922661
v 2.638844 4.692277 -22.484825
v 2.754554 4.715604 -22.397543
v 2.851153 4.710635 -22.609211
v 2.891485 4.409187 -22.433119
v 2.824135 4.345073 -23.010532
v 2.701504 4.332306 -23.110203
v 2.597543 4.367961 -22.824331
v 2.573150 4.431152 -22.320375
v 2.642615 4.484863 -21.893545
v 2.760603 4.492690 -21.773825
v 2.840469 4.501608 -22.008875
v 2.891735 4.190836 -21.785927
v 2.831314 4.129694 -22.375870
v 2.701504 4.108466 -22.490101
v 2.597543 4.146286 -22.210705
v 2.573150 4.213294 -21.718218
v 2.642615 4.270236 -21.301136
v 2.760603 4.279316 -21.180151
v 2.840469 4.284652 -21.430769
v 2.891735 3.975033 -21.162212
v 2.831314 3.909161 -21.740408
v 2.701504 3.886958 -21.850323
v 2.597543 3.927038 -21.578293
v 2.573150 3.998067 -21.098993
v 2.642615 4.058438 -20.693193
v 2.760603 4.068443 -20.573786
v 2.840469 4.072179 -20.826946
v 2.891735 3.763799 -20.500893
v 2.824134 3.693172 -21.016130
v 2.701504 3.677610 -21.106150
v 2.597543 3.720706 -20.845100
v 2.572459 3.788695 -20.387810
v 2.631237 3.854904 -20.038939
v 2.760603 3.872412 -19.888393
v 2.858673 3.868546 -20.172218
v 2.891485 3.584357 -19.674149
v 2.824134 3.497426 -20.177437
v 2.701504 3.480579 -20.261967
v 2.597543 3.527397 -20.016115
v 2.573150 3.610456 -19.583893
v 2.638844 3.674392 -19.205219
v 2.669015 3.916185 -20.041544
v 2.760603 3.693646 -19.108612
v 2.797733 3.916185 -20.041544
v 2.851152 3.685327 -19.361265
v 2.891735 3.399485 -18.820282
v 2.831314 3.310110 -19.329281
v 2.701504 3.284135 -19.414629
v 2.597543 3.334451 -19.185221
v 2.573150 3.423656 -18.782154
v 2.642615 3.499494 -18.441545
v 2.669015 3.728050 -19.311434
v 2.760603 3.514506 -18.331779
v 2.797733 3.728050 -19.311434
v 2.840469 3.506574 -18.596779
v 2.891485 3.222475 -17.994658
v 2.824134 3.121069 -18.428925
v 2.701504 3.101660 -18.499628
v 2.597543 3.155629 -18.290436
v 2.573150 3.251362 -17.923889
v 2.638844 3.326098 -17.595636
v 2.760603 3.348280 -17.514832
v 2.851152 3.333990 -17.761917
v 2.891735 3.070379 -17.005756
v 2.824134 2.968534 -17.387005
v 2.701504 2.947628 -17.446993
v 2.597543 3.005772 -17.265697
v 2.572459 3.100930 -16.936049
v 2.631237 3.186685 -16.709824
v 2.669015 3.379549 -17.748217
v 2.760603 3.213713 -16.593777
v 2.797733 3.379549 -17.748217
v 2.858673 3.190160 -16.867924
v 2.891735 2.956366 -15.921911
v 2.831314 2.839595 -16.278406
v 2.701504 2.809455 -16.322456
v 2.594308 2.878310 -16.183207
v 2.573826 2.988719 -15.869783
v 2.638844 3.070794 -15.672764
v 2.669015 3.244181 -16.829165
v 2.760603 3.096178 -15.617905
v 2.797733 3.244181 -16.829165
v 2.851152 3.065183 -15.858028
v 2.891735 2.840582 -14.848925
v 2.824134 2.723126 -15.108871
v 2.701504 2.699878 -15.143740
v 2.597543 2.765195 -15.032129
v 2.572459 2.873669 -14.816130
v 2.638844 2.973368 -14.648994
v 2.669015 3.105913 -15.905272
v 2.771495 2.988823 -14.503736
v 2.797733 3.105913 -15.905272
v 2.851152 2.972217 -14.821222
v 2.891735 2.782247 -13.674479
v 2.824134 2.659154 -13.859577
v 2.701504 2.635177 -13.880079
v 2.597543 2.702866 -13.808268
v 2.572459 2.815988 -13.660103
v 2.577997 2.930846 -15.002447
v 2.638844 2.919231 -13.553854
v 2.711921 3.024654 -14.876783
v 2.760603 2.946633 -13.530424
v 2.797733 3.018509 -14.885015
v 2.851152 2.914070 -13.718922
v 2.888751 2.930846 -15.002447
v 2.891735 2.756754 -12.465830
v 2.831314 2.620656 -12.594755
v 2.701504 2.589350 -12.583170
v 2.594308 2.663913 -12.573015
v 2.573826 2.790704 -12.473127
v 2.577997 2.868634 -13.869009
v 2.638844 2.882052 -12.431927
v 2.669015 2.958709 -13.806334
v 2.771495 2.911487 -12.309717
v 2.797733 2.958709 -13.806334
v 2.851152 2.862255 -12.597523
v 2.888751 2.868634 -13.869009
v 2.890190 2.732267 -11.281733
v 2.817123 2.603960 -11.277126
v 2.701504 2.587447 -11.298198
v 2.600336 2.651287 -11.277102
v 2.573150 2.763236 -11.315869
v 2.631237 2.871738 -11.333165
v 2.711921 2.902580 -12.714773
v 2.760603 2.906384 -11.309112
v 2.797733 2.896201 -12.715296
v 2.858673 2.861703 -11.471619
v 2.891735 2.776853 -10.058487
v 2.824134 2.647115 -10.042053
v 2.701504 2.622987 -10.025492
v 2.597543 2.691940 -10.062952
v 2.572459 2.809427 -10.098743
v 2.631237 2.905433 -10.184398
v 2.669015 2.914728 -11.581350
v 2.760603 2.941975 -10.176993
v 2.797733 2.914728 -11.581350
v 2.858673 2.886155 -10.311981
v 2.891485 2.824996 -8.889640
v 2.824134 2.690156 -8.791159
v 2.701504 2.666395 -8.765036
v 2.597543 2.734428 -8.831001
v 2.573150 2.854403 -8.950417
v 2.638844 2.955128 -9.018221
v 2.669015 2.932438 -10.440498
v 2.760603 2.982284 -9.048075
v 2.797733 2.932438 -10.440498
v 2.851152 2.932135 -9.146183
v 2.891735 2.885259 -7.693839
v 2.824134 2.758914 -7.585535
v 2.701504 2.735482 -7.553106
v 2.600336 2.799328 -7.607309
v 2.573150 2.905280 -7.774445
v 2.631237 3.009937 -7.914306
v 2.669015 2.962425 -9.299065
v 2.760603 3.045583 -7.931738
v 2.797733 2.962425 -9.299065
v 2.858673 2.990531 -8.023765
v 2.891485 2.973983 -6.579502
v 2.824134 2.842996 -6.410069
v 2.701504 2.819910 -6.372367
v 2.597543 2.885982 -6.474924
v 2.573150 3.002507 -6.657663
v 2.638844 3.100351 -6.779156
v 2.669015 3.035010 -8.177729
v 2.760603 3.126735 -6.822243
v 2.797733 3.035010 -8.177729
v 2.851152 3.077965 -6.890749
v 2.891485 3.059368 -5.439258
v 2.824134 2.929521 -5.240802
v 2.701504 2.906797 -5.198318
v 2.597543 2.971841 -5.315075
v 2.573150 3.086548 -5.522680
v 2.642615 3.183727 -5.699521
v 2.669015 3.107358 -7.054219
v 2.760603 3.209612 -5.714630
v 2.797733 3.107358 -7.054219
v 2.840469 3.163350 -5.801137
v 2.891735 3.151686 -4.289383
v 2.824134 3.028260 -4.105327
v 2.701504 3.005753 -4.060246
v 2.597543 3.070001 -4.186878
v 2.572459 3.180804 -4.374312
v 2.631237 3.268971 -4.580182
v 2.754553 3.300092 -4.667814
v 2.858673 3.245572 -4.668312
v 2.891485 3.260929 -3.219572
v 2.824134 3.133845 -2.992412
v 2.701503 3.111506 -2.945428
v 2.597542 3.175278 -3.077489
v 2.573150 3.287803 -3.311235
v 2.642614 3.383166 -3.509741
v 2.765244 3.405505 -3.556725
v 2.851151 3.359094 -3.572445
v 2.891485 3.366034 -2.118234
v 2.824134 3.239469 -1.879579
v 2.701503 3.217307 -1.830708
v 2.597542 3.280582 -1.968157
v 2.573149 3.392228 -2.211409
v 2.642614 3.486845 -2.417970
v 2.765244 3.509007 -2.466840
v 2.851151 3.461534 -2.476361
v 2.891485 3.473801 -1.022982
v 2.824134 3.347950 -0.777911
v 2.701503 3.325863 -0.728268
v 2.597542 3.388799 -0.869277
v 2.573149 3.499892 -1.118335
v 2.642614 3.594065 -1.329549
v 2.765244 3.616153 -1.379192
v 2.851151 3.569279 -1.385670
v 2.891485 3.583667 0.067421
v 2.824134 3.457988 0.313330
v 2.701503 3.435905 0.363022
v 2.597542 3.498786 0.221446
v 2.573149 3.609797 -0.028464
v 2.642614 3.703907 -0.240316
v 2.765244 3.725991 -0.290008
v 2.851151 3.679416 -0.296171
v 2.891484 3.693933 1.156916
v 2.824133 3.568233 1.402408
v 2.701502 3.546144 1.452032
v 2.597542 3.609044 1.310651
v 2.573149 3.720088 1.061082
v 2.642614 3.814227 0.849522
v 2.765244 3.836317 0.799898
v 2.851151 3.789780 0.793505
v 2.891484 3.804090 2.246656
v 2.824133 3.678329 2.491593
v 2.701502 3.656228 2.541094
v 2.597541 3.719155 2.399995
v 2.573149 3.830250 2.150949
v 2.642613 3.924434 1.939845
v 2.765244 3.946536 1.890343
v 2.851151 3.899972 1.883889
v 2.891483 3.912076 3.341302
v 2.824132 3.785579 3.582936
v 2.701502 3.763373 3.631349
v 2.597541 3.826487 3.492191
v 2.573149 3.937949 3.246979
v 2.642613 4.032466 3.039354
v 2.765244 4.054672 2.990942
v 2.851151 4.007080 2.986918
v 2.891483 4.015286 4.446668
v 2.824131 3.888388 4.679700
v 2.701502 3.866050 4.726697
v 2.597541 3.929543 4.591563
v 2.573148 4.041672 4.353457
v 2.642613 4.136755 4.151859
v 2.765243 4.159092 4.104863
v 2.851151 4.112281 4.096193
v 2.891483 4.118494 5.552015
v 2.824131 3.991218 5.776420
v 2.701502 3.968752 5.821991
v 2.597541 4.032613 5.690905
v 2.573148 4.145390 5.459947
v 2.642613 4.241022 5.264412
v 2.765243 4.263487 5.218838
v 2.851151 4.217469 5.205574
v 2.891483 4.220977 6.658742
v 2.824131 4.093178 6.874483
v 2.701502 4.070581 6.918538
v 2.597541 4.134810 6.791660
v 2.573148 4.248239 6.568171
v 2.642613 4.344424 6.378988
v 2.765243 4.367021 6.334933
v 2.851151 4.321378 6.317994
v 2.891483 4.316294 7.779449
v 2.824131 4.186751 7.985689
v 2.701502 4.163969 8.027483
v 2.597541 4.228661 7.906175
v 2.573148 4.342931 7.692831
v 2.642613 4.439841 7.512424
v 2.765243 4.462624 7.470632
v 2.851151 4.414306 7.456095
v 2.891483 4.401673 8.919462
v 2.824131 4.271632 9.110588
v 2.701502 4.248656 9.149855
v 2.597541 4.313912 9.035719
v 2.573148 4.429175 8.835041
v 2.642613 4.526926 8.665377
v 2.765243 4.549902 8.626110
v 2.851151 4.503038 8.603951
v 2.891483 4.487043 10.059416
v 2.824131 4.356577 10.235369
v 2.701502 4.333418 10.272087
v 2.597541 4.399205 10.165184
v 2.573148 4.515401 9.977285
v 2.642612 4.613939 9.818457
v 2.765243 4.637098 9.781738
v 2.851151 4.591725 9.752113
v 2.891730 4.567546 11.228634
v 2.824131 4.441588 11.360052
v 2.706143 4.418677 11.425014
v 2.608917 4.473641 11.310221
v 2.573148 4.586192 11.141665
v 2.635432 4.692548 10.961103
v 2.765242 4.724211 10.937494
v 2.858670 4.669465 10.895802
v 2.891730 4.654418 12.367184
v 2.835508 4.524682 12.486946
v 2.712193 4.488818 12.509232
v 2.597540 4.556965 12.440662
v 2.573148 4.674952 12.280586
v 2.642612 4.775012 12.145498
v 2.765242 4.798533 12.114531
v 2.851150 4.749824 12.079929
v 2.891482 4.704897 13.533682
v 2.824131 4.571205 13.660151
v 2.701500 4.547499 13.687670
v 2.597540 4.614843 13.606131
v 2.573147 4.733788 13.463297
v 2.642611 4.834657 13.342840
v 2.765241 4.858363 13.315321
v 2.851150 4.811495 13.272066
v 2.891482 4.762073 14.713690
v 2.824131 4.628265 14.819860
v 2.701500 4.604395 14.843895
v 2.597540 4.672226 14.772255
v 2.573147 4.792025 14.646906
v 2.642611 4.893613 14.541273
v 2.765241 4.917484 14.517241
v 2.851150 4.872796 14.465158
v 2.891730 4.813655 15.919882
v 2.824131 4.685442 15.979460
v 2.706142 4.661063 16.031246
v 2.608917 4.718471 15.947474
v 2.573147 4.834365 15.843510
v 2.635432 4.944459 15.724768
v 2.765241 4.976451 15.719301
v 2.858669 4.923321 15.647818
v 2.891482 4.867020 17.080477
v 2.827902 4.735431 17.175119
v 2.712193 4.706944 17.139894
v 2.597540 4.775963 17.112343
v 2.573147 4.897150 17.022856
v 2.642611 4.999908 16.947676
v 2.765241 5.024045 16.930847
v 2.851150 4.978250 16.866440
v 2.891730 4.902204 18.300123
v 2.835508 4.770247 18.321751
v 2.712193 4.734119 18.316635
v 2.597540 4.803629 18.299814
v 2.573147 4.925368 18.229723
v 2.642611 5.028591 18.171024
v 2.765241 5.052831 18.158102
v 2.851150 5.005994 18.088108
v 2.891482 4.915159 19.489977
v 2.824131 4.779197 19.512699
v 2.701500 4.754879 19.521652
v 2.597540 4.824067 19.492512
v 2.573147 4.946233 19.442350
v 2.642611 5.049812 19.400545
v 2.765241 5.074131 19.391590
v 2.851150 5.029963 19.313322
v 2.891482 4.934941 20.697744
v 2.824131 4.799613 20.698011
v 2.706141 4.774316 20.733788
v 2.608917 4.833229 20.687023
v 2.573685 4.956569 20.634733
v 2.642611 5.070868 20.630148
v 2.765241 5.095235 20.625172
v 2.851149 5.053796 20.539057
v 2.891730 4.948066 21.926878
v 2.824130 4.820176 21.883327
v 2.706141 4.794028 21.915146
v 2.608916 4.853851 21.877842
v 2.573146 4.971732 21.867659
v 2.635431 5.084652 21.838512
v 2.765241 5.116144 21.858747
v 2.858669 5.067552 21.745914
v 2.888871 4.963475 23.281906
v 2.810752 4.818705 23.281906
v 2.685719 4.806390 23.281906
v 2.588600 4.886094 23.281906
v 2.576285 5.011127 23.281906
v 2.655989 5.108246 23.281906
v 2.781022 5.120560 23.281906
v 2.852291 5.082396 23.281906
vn 0.9722 -0.2125 -0.0986
vn 0.2883 -0.8869 -0.3610
vn -0.8304 -0.5152 -0.2121
vn -0.9966 -0.0759 -0.0309
vn -0.9528 0.2792 0.1196
vn -0.3747 0.8542 0.3605
vn 0.7295 0.6267 0.2740
vn 0.9890 0.1381 0.0528
vn 0.0223 -0.9931 0.1152
vn -0.0000 0.9950 -0.1002
vn 0.9585 -0.2703 -0.0906
vn 0.9669 -0.2400 -0.0870
vn 0.3508 -0.8804 -0.3190
vn 0.3511 -0.8803 -0.3191
vn -0.7677 -0.6024 -0.2184
vn -0.7772 -0.5936 -0.2088
vn -0.9923 -0.1154 -0.0444
vn -0.9934 -0.1098 -0.0344
vn -0.9545 0.2845 0.0892
vn -0.9470 0.3011 0.1123
vn -0.4722 0.8339 0.2857
vn -0.4082 0.8580 0.3118
vn 0.6570 0.7086 0.2575
vn 0.6113 0.7469 0.2615
vn 0.9866 0.1506 0.0630
vn 0.0215 -0.9925 0.1201
vn 0.9889 0.1407 0.0478
vn 0.9664 -0.2420 -0.0867
vn 0.9673 -0.2386 -0.0863
vn 0.3507 -0.8806 -0.3186
vn 0.3506 -0.8807 -0.3185
vn -0.7827 -0.5852 -0.2117
vn -0.7828 -0.5852 -0.2117
vn -0.9945 -0.0988 -0.0357
vn -0.9449 0.3078 0.1113
vn -0.9439 0.3097 0.1146
vn -0.4040 0.8624 0.3051
vn -0.3773 0.8709 0.3149
vn 0.6108 0.7474 0.2612
vn 0.6710 0.6964 0.2544
vn 0.9809 0.1776 0.0793
vn 0.9842 0.1666 0.0597
vn 0.0200 -0.9915 0.1288
vn 0.9645 -0.2501 -0.0847
vn 0.9764 -0.2008 -0.0792
vn 0.3409 -0.8890 -0.3056
vn 0.4123 -0.8569 -0.3093
vn -0.7824 -0.5858 -0.2115
vn -0.7821 -0.5860 -0.2117
vn -0.9945 -0.0989 -0.0357
vn -0.9945 -0.0989 -0.0358
vn -0.9424 0.3145 0.1138
vn -0.9423 0.3146 0.1140
vn -0.3778 0.8705 0.3154
vn -0.3866 0.8679 0.3119
vn 0.6650 0.7029 0.2526
vn 0.7208 0.6489 0.2435
vn 0.9721 0.2194 0.0824
vn 0.9747 0.2118 0.0711
vn 0.0169 -0.9903 0.1378
vn 0.9722 -0.2214 -0.0766
vn 0.9724 -0.2204 -0.0765
vn 0.4050 -0.8638 -0.2998
vn 0.4017 -0.8654 -0.2996
vn -0.7742 -0.5981 -0.2071
vn -0.7737 -0.5986 -0.2075
vn -0.9942 -0.1020 -0.0354
vn -0.9941 -0.1021 -0.0355
vn -0.9396 0.3233 0.1124
vn -0.9395 0.3235 0.1127
vn -0.3794 0.8737 0.3044
vn -0.3813 0.8731 0.3036
vn 0.6954 0.6788 0.2360
vn 0.7099 0.6643 0.2338
vn 0.9695 0.2311 0.0813
vn 0.9701 0.2295 0.0794
vn 0.0180 -0.9886 0.1498
vn 0.9694 -0.2338 -0.0747
vn 0.9480 -0.3073 -0.0823
vn 0.3738 -0.8899 -0.2617
vn 0.3056 -0.9166 -0.2578
vn -0.7337 -0.6541 -0.1840
vn -0.7335 -0.6542 -0.1841
vn -0.9925 -0.1176 -0.0331
vn -0.9920 -0.1206 -0.0365
vn -0.9270 0.3601 0.1051
vn -0.9336 0.3465 0.0915
vn -0.3517 0.8956 0.2725
vn -0.4105 0.8767 0.2508
vn 0.6372 0.7410 0.2119
vn 0.6413 0.7375 0.2116
vn 0.9792 0.1997 0.0349
vn 0.9670 0.2427 0.0775
vn 0.0285 -0.9852 0.1692
vn 0.9348 -0.3472 -0.0751
vn 0.9472 -0.3121 -0.0728
vn 0.2789 -0.9352 -0.2183
vn -0.6979 -0.6975 -0.1628
vn -0.6983 -0.6971 -0.1625
vn -0.9893 -0.1421 -0.0331
vn -0.9901 -0.1371 -0.0295
vn -0.9228 0.3759 0.0841
vn -0.9159 0.3906 0.0929
vn -0.8427 0.5246 0.1213
vn -0.0050 0.9607 0.2776
vn -0.3146 0.9252 0.2121
vn -0.2218 0.9504 0.2179
vn 0.8049 0.5692 0.1678
vn 0.5855 0.7896 0.1838
vn 0.9754 0.2127 0.0571
vn 0.0270 -0.9814 0.1900
vn 0.9821 0.1839 0.0402
vn -0.0357 0.9806 -0.1929
vn 0.9435 -0.3237 -0.0704
vn 0.9613 -0.2673 -0.0672
vn 0.2735 -0.9388 -0.2096
vn 0.3248 -0.9213 -0.2136
vn -0.6973 -0.6983 -0.1619
vn -0.6965 -0.6990 -0.1623
vn -0.9908 -0.1318 -0.0306
vn -0.9908 -0.1320 -0.0308
vn -0.9142 0.3947 0.0920
vn -0.9109 0.4013 0.0964
vn -0.6812 0.7129 0.1666
vn -0.1840 0.9520 0.2446
vn -0.3160 0.9245 0.2132
vn 0.3087 0.9268 0.2137
vn 0.7096 0.6824 0.1756
vn 0.6652 0.7249 0.1788
vn 0.9541 0.2883 0.0807
vn 0.9713 0.2327 0.0501
vn 0.0239 -0.9750 0.2207
vn -0.0343 0.9757 -0.2166
vn 0.9546 -0.2913 -0.0622
vn 0.9366 -0.3444 -0.0648
vn 0.3128 -0.9300 -0.1928
vn 0.2588 -0.9473 -0.1889
vn -0.6715 -0.7267 -0.1449
vn -0.6704 -0.7277 -0.1454
vn -0.9894 -0.1422 -0.0284
vn -0.9894 -0.1425 -0.0286
vn -0.8975 0.4323 0.0868
vn -0.9009 0.4260 0.0833
vn -0.2963 0.9359 0.1905
vn -0.2968 0.9358 0.1904
vn 0.6045 0.7806 0.1588
vn 0.5647 0.8096 0.1601
vn 0.9643 0.2616 0.0417
vn 0.9474 0.3129 0.0674
vn 0.0347 -0.9665 0.2544
vn 0.9270 -0.3706 -0.0572
vn 0.9175 -0.3934 -0.0576
vn 0.2335 -0.9621 -0.1408
vn 0.2329 -0.9622 -0.1408
vn -0.6271 -0.7708 -0.1128
vn -0.6274 -0.7705 -0.1127
vn -0.9866 -0.1612 -0.0236
vn -0.9854 -0.1685 -0.0263
vn -0.8819 0.4661 0.0704
vn -0.8926 0.4466 0.0626
vn -0.7102 0.6963 0.1035
vn -0.1179 0.9771 0.1772
vn -0.3188 0.9378 0.1370
vn 0.0751 0.9867 0.1442
vn 0.6623 0.7383 0.1274
vn 0.5544 0.8224 0.1277
vn 0.9717 0.2343 0.0295
vn 0.9636 0.2642 0.0404
vn 0.0458 -0.9466 0.3192
vn -0.0448 0.9551 -0.2929
vn 0.9019 -0.4295 -0.0452
vn 0.9377 -0.3444 -0.0461
vn 0.2209 -0.9686 -0.1141
vn 0.2623 -0.9578 -0.1177
vn -0.6090 -0.7873 -0.0967
vn -0.6212 -0.7781 -0.0935
vn -0.9839 -0.1770 -0.0238
vn -0.9895 -0.1441 -0.0139
vn -0.8810 0.4703 0.0506
vn -0.8517 0.5201 0.0644
vn -0.7501 0.6566 0.0789
vn -0.0488 0.9880 0.1469
vn -0.2524 0.9607 0.1157
vn -0.0565 0.9912 0.1194
vn 0.6971 0.7088 0.1080
vn 0.5614 0.8208 0.1058
vn 0.9447 0.3246 0.0472
vn 0.0469 -0.9207 0.3874
vn 0.9707 0.2390 0.0251
vn -0.0599 0.9270 -0.3702
vn 0.9312 -0.3624 -0.0391
vn 0.8999 -0.4344 -0.0377
vn 0.2554 -0.9622 -0.0943
vn 0.2103 -0.9734 -0.0905
vn -0.6050 -0.7928 -0.0737
vn -0.5887 -0.8047 -0.0774
vn -0.9860 -0.1658 -0.0163
vn -0.8447 0.5323 0.0570
vn -0.8662 0.4974 0.0473
vn -0.3940 0.9150 0.0871
vn -0.2036 0.9741 0.0979
vn -0.2180 0.9713 0.0957
vn 0.4086 0.9089 0.0836
vn 0.5591 0.8253 0.0794
vn 0.4910 0.8677 0.0778
vn 0.9568 0.2895 0.0260
vn 0.9430 0.3307 0.0357
vn 0.0603 -0.8784 0.4741
vn -0.0643 0.8874 -0.4565
vn 0.8875 -0.4602 -0.0229
vn 0.8906 -0.4541 -0.0233
vn 0.1998 -0.9786 -0.0501
vn 0.1997 -0.9786 -0.0501
vn -0.5636 -0.8249 -0.0422
vn -0.5653 -0.8238 -0.0420
vn -0.9786 -0.2055 -0.0105
vn -0.9790 -0.2038 -0.0102
vn -0.9934 0.1149 0.0057
vn -0.7585 0.6495 0.0524
vn -0.8527 0.5217 0.0258
vn -0.4799 0.8762 0.0433
vn -0.0866 0.9944 0.0608
vn -0.2944 -0.9546 -0.0447
vn 0.0766 0.9956 0.0549
vn 0.6129 0.7880 0.0586
vn 0.4244 0.9042 0.0477
vn 0.9541 0.2990 0.0158
vn 0.8499 0.5239 0.0567
vn 0.0935 -0.7059 0.7022
vn 0.9993 0.0361 0.0018
vn -0.0922 0.6703 -0.7364
vn 0.8827 -0.4699 -0.0099
vn 0.9198 -0.3921 -0.0172
vn 0.1968 -0.9800 -0.0309
vn 0.2314 -0.9722 -0.0344
vn -0.5595 -0.8283 -0.0293
vn -0.5726 -0.8194 -0.0273
vn -0.9787 -0.2052 -0.0090
vn -0.9875 -0.1578 -0.0022
vn -0.9929 0.1191 0.0037
vn -0.7406 0.6710 0.0353
vn -0.8186 0.5741 0.0190
vn -0.7177 0.6960 0.0231
vn -0.0339 0.9979 0.0549
vn -0.2429 0.9696 0.0301
vn -0.1038 0.9942 0.0295
vn 0.6058 0.7948 0.0357
vn 0.6171 0.7861 0.0363
vn 0.9257 0.3779 0.0175
vn 0.8337 0.5507 0.0421
vn 0.0842 -0.5134 0.8540
vn 0.9993 0.0362 0.0008
vn -0.0993 0.4274 -0.8986
vn 0.9164 -0.4001 -0.0071
vn 0.8690 -0.4948 0.0031
vn 0.2336 -0.9723 -0.0098
vn 0.1416 -0.9899 -0.0015
vn -0.5711 -0.8209 -0.0012
vn -0.5345 -0.8451 -0.0057
vn -0.9807 -0.1955 -0.0011
vn -0.8174 0.5759 0.0132
vn -0.8817 0.4718 -0.0017
vn -0.2437 0.9698 0.0074
vn -0.2366 0.9716 0.0056
vn 0.1690 -0.9856 -0.0032
vn 0.0741 0.9972 -0.0053
vn 0.5242 0.8515 0.0077
vn 0.4114 0.9114 -0.0023
vn 0.9737 0.2277 -0.0064
vn 0.9296 0.3686 0.0088
vn 0.1145 0.2534 0.9606
vn -0.1456 -0.1077 -0.9835
vn 0.8784 -0.4777 0.0140
vn 0.1353 -0.9902 0.0338
vn 0.1965 -0.9801 0.0274
vn -0.5300 -0.8477 0.0237
vn -0.5591 -0.8287 0.0265
vn -0.9722 -0.2341 0.0056
vn -0.9784 -0.2067 0.0073
vn -0.8827 0.4696 -0.0183
vn -0.8587 0.5123 -0.0150
vn -0.7993 0.6007 -0.0176
vn 0.0659 0.9978 0.0084
vn -0.2701 0.9624 -0.0303
vn -0.4141 0.9098 -0.0286
vn 0.6537 0.7567 0.0026
vn 0.4752 0.8797 -0.0185
vn 0.9608 0.2771 -0.0058
vn 0.0962 0.5396 0.8364
vn 0.9746 0.2236 -0.0094
vn -0.1185 -0.5084 -0.8529
vn 0.8877 -0.4601 0.0191
vn 0.8989 -0.4380 0.0151
vn 0.1973 -0.9798 0.0337
vn 0.1970 -0.9798 0.0337
vn -0.5596 -0.8283 0.0285
vn -0.5600 -0.8280 0.0286
vn -0.9784 -0.2067 0.0071
vn -0.9815 -0.1915 0.0081
vn -0.8603 0.5094 -0.0194
vn -0.8428 0.5379 -0.0174
vn -0.6927 0.7207 -0.0262
vn -0.0548 0.9984 -0.0171
vn -0.2257 0.9736 -0.0348
vn 0.0035 0.9994 -0.0357
vn 0.6201 0.7844 -0.0115
vn 0.4574 0.8887 -0.0321
vn 0.9414 0.3371 -0.0072
vn 0.0721 0.7103 0.7002
vn 0.9638 0.2665 -0.0108
vn -0.0976 -0.7004 -0.7071
vn 0.9006 -0.4340 0.0217
vn 0.8905 -0.4542 0.0259
vn 0.2014 -0.9779 0.0558
vn 0.2016 -0.9779 0.0557
vn -0.5676 -0.8220 0.0469
vn -0.5504 -0.8336 0.0455
vn -0.9822 -0.1876 0.0122
vn -0.9723 -0.2335 0.0101
vn -0.8444 0.5352 -0.0232
vn -0.8898 0.4554 -0.0287
vn -0.6006 0.7984 -0.0438
vn -0.1134 0.9928 -0.0372
vn -0.2721 0.9607 -0.0545
vn 0.1496 0.9872 -0.0560
vn 0.5663 0.8235 -0.0347
vn 0.4533 0.8900 -0.0493
vn 0.9695 0.2443 -0.0192
vn 0.9479 0.3180 -0.0162
vn 0.0551 0.8184 0.5720
vn -0.0734 -0.8058 -0.5876
vn 0.8936 -0.4474 0.0358
vn 0.9044 -0.4256 0.0304
vn 0.2050 -0.9763 0.0698
vn 0.2052 -0.9762 0.0698
vn -0.5553 -0.8295 0.0593
vn -0.5775 -0.8141 0.0609
vn -0.9739 -0.2264 0.0149
vn -0.9833 -0.1811 0.0158
vn -0.8948 0.4449 -0.0387
vn -0.8499 0.5257 -0.0362
vn -0.7579 0.6507 -0.0468
vn 0.0095 0.9989 -0.0465
vn -0.2351 0.9694 -0.0709
vn -0.1954 0.9781 -0.0715
vn 0.6440 0.7643 -0.0341
vn 0.4337 0.8986 -0.0665
vn 0.9491 0.3144 -0.0180
vn 0.0499 0.8451 0.5322
vn 0.9695 0.2442 -0.0192
vn -0.0585 -0.8696 -0.4903
vn 0.9050 -0.4242 0.0318
vn 0.9060 -0.4222 0.0312
vn 0.2059 -0.9759 0.0722
vn -0.5771 -0.8145 0.0603
vn -0.5772 -0.8144 0.0603
vn -0.9828 -0.1843 0.0136
vn -0.8512 0.5234 -0.0388
vn -0.8446 0.5340 -0.0383
vn -0.6710 0.7394 -0.0548
vn -0.0653 0.9962 -0.0574
vn -0.2226 0.9722 -0.0727
vn 0.0542 0.9957 -0.0745
vn 0.5850 0.8097 -0.0456
vn 0.4460 0.8926 -0.0656
vn 0.9243 0.3811 -0.0208
vn 0.9530 0.3020 -0.0226
vn 0.0421 0.8840 0.4656
vn -0.0526 -0.8879 -0.4570
vn 0.9072 -0.4194 0.0335
vn 0.8992 -0.4359 0.0379
vn 0.2098 -0.9741 0.0847
vn 0.2099 -0.9740 0.0847
vn -0.5846 -0.8083 0.0703
vn -0.5850 -0.8080 0.0703
vn -0.9834 -0.1807 0.0157
vn -0.9805 -0.1958 0.0155
vn -0.8487 0.5270 -0.0438
vn -0.8768 0.4786 -0.0454
vn -0.2230 0.9718 -0.0763
vn -0.2995 0.9504 -0.0839
vn 0.4378 0.8959 -0.0749
vn 0.4624 0.8838 -0.0716
vn 0.9757 0.2168 -0.0314
vn 0.9335 0.3574 -0.0289
vn 0.0436 0.9067 0.4196
vn 0.9024 -0.4287 0.0440
vn 0.9102 -0.4124 0.0391
vn 0.2125 -0.9728 0.0923
vn 0.2126 -0.9728 0.0923
vn -0.5898 -0.8040 0.0763
vn -0.5900 -0.8038 0.0763
vn -0.9813 -0.1914 0.0182
vn -0.9843 -0.1754 0.0183
vn -0.8785 0.4753 -0.0473
vn -0.8512 0.5228 -0.0467
vn -0.3082 0.9463 -0.0977
vn -0.2119 0.9731 -0.0903
vn 0.4617 0.8826 -0.0882
vn 0.4609 0.8830 -0.0883
vn 0.9529 0.3024 -0.0248
vn 0.0256 0.9093 0.4154
vn 0.9698 0.2425 -0.0245
vn 0.9103 -0.4121 0.0393
vn 0.9108 -0.4111 0.0390
vn -0.5901 -0.8037 0.0763
vn -0.9839 -0.1781 0.0169
vn -0.8533 0.5190 -0.0493
vn -0.8534 0.5189 -0.0493
vn -0.2126 0.9728 -0.0924
vn 0.4617 0.8831 -0.0839
vn 0.4751 0.8761 -0.0819
vn 0.9540 0.2984 -0.0279
vn 0.9559 0.2924 -0.0279
vn 0.0248 0.9163 0.3997
vn 0.9116 -0.4092 0.0403
vn 0.9115 -0.4093 0.0403
vn 0.2138 -0.9722 0.0957
vn 0.2139 -0.9722 0.0957
vn -0.5924 -0.8018 0.0789
vn -0.5924 -0.8017 0.0790
vn -0.9841 -0.1770 0.0174
vn -0.8548 0.5165 -0.0509
vn -0.8548 0.5164 -0.0509
vn -0.2139 0.9722 -0.0958
vn 0.4745 0.8760 -0.0863
vn 0.4721 0.8773 -0.0867
vn 0.9555 0.2935 -0.0290
vn 0.9552 0.2947 -0.0290
vn 0.0226 0.9202 0.3908
vn 0.9120 -0.4080 0.0411
vn 0.9120 -0.4082 0.0412
vn 0.2147 -0.9718 0.0980
vn -0.5940 -0.8004 0.0807
vn -0.9842 -0.1763 0.0178
vn -0.8557 0.5148 -0.0519
vn -0.2147 0.9718 -0.0980
vn 0.4719 0.8772 -0.0885
vn 0.4698 0.8783 -0.0888
vn 0.9563 0.2911 -0.0294
vn 0.9560 0.2920 -0.0294
vn 0.0220 0.9207 0.3896
vn 0.9121 -0.4080 0.0413
vn 0.9120 -0.4080 0.0413
vn 0.2148 -0.9717 0.0984
vn -0.5943 -0.8002 0.0810
vn -0.9842 -0.1761 0.0178
vn -0.8559 0.5145 -0.0521
vn -0.2148 0.9717 -0.0984
vn 0.4698 0.8783 -0.0889
vn 0.4693 0.8785 -0.0890
vn 0.9563 0.2908 -0.0294
vn 0.9563 0.2910 -0.0294
vn 0.0220 0.9205 0.3902
vn 0.9120 -0.4081 0.0413
vn 0.2148 -0.9717 0.0982
vn -0.5942 -0.8002 0.0809
vn -0.5942 -0.8003 0.0809
vn -0.9842 -0.1762 0.0178
vn -0.8558 0.5146 -0.0520
vn -0.2148 0.9717 -0.0982
vn 0.4693 0.8786 -0.0888
vn 0.4695 0.8785 -0.0888
vn 0.9563 0.2909 -0.0294
vn 0.0220 0.9201 0.3910
vn 0.9114 -0.4095 0.0404
vn 0.9118 -0.4087 0.0402
vn 0.2138 -0.9722 0.0955
vn -0.5923 -0.8019 0.0788
vn -0.9840 -0.1771 0.0174
vn -0.8547 0.5166 -0.0508
vn -0.2138 0.9722 -0.0955
vn 0.4697 0.8786 -0.0863
vn 0.4798 0.8733 -0.0848
vn 0.9543 0.2974 -0.0289
vn 0.9557 0.2928 -0.0289
vn 0.0207 0.9174 0.3974
vn 0.9106 -0.4115 0.0384
vn 0.9103 -0.4122 0.0386
vn 0.2122 -0.9730 0.0912
vn -0.5893 -0.8044 0.0754
vn -0.9838 -0.1785 0.0167
vn -0.8529 0.5198 -0.0487
vn -0.2122 0.9730 -0.0912
vn 0.4800 0.8734 -0.0819
vn 0.4703 0.8786 -0.0833
vn 0.9549 0.2957 -0.0280
vn 0.9535 0.3002 -0.0280
vn 0.0212 0.9123 0.4090
vn 0.9102 -0.4124 0.0385
vn 0.9098 -0.4132 0.0387
vn -0.5892 -0.8044 0.0754
vn -0.8528 0.5199 -0.0487
vn -0.2121 0.9730 -0.0912
vn 0.4704 0.8786 -0.0823
vn 0.4604 0.8837 -0.0838
vn 0.9559 0.2925 -0.0277
vn 0.9545 0.2968 -0.0277
vn 0.0217 0.9068 0.4210
vn 0.9096 -0.4138 0.0383
vn 0.9093 -0.4143 0.0385
vn 0.2119 -0.9731 0.0904
vn 0.2118 -0.9731 0.0904
vn -0.5887 -0.8049 0.0747
vn -0.5886 -0.8050 0.0747
vn -0.9837 -0.1788 0.0166
vn -0.8525 0.5205 -0.0483
vn -0.8524 0.5206 -0.0483
vn -0.2118 0.9731 -0.0903
vn -0.2117 0.9731 -0.0903
vn 0.4607 0.8837 -0.0820
vn 0.4548 0.8867 -0.0828
vn 0.9561 0.2916 -0.0272
vn 0.9554 0.2940 -0.0272
vn 0.0221 0.9006 0.4341
vn 0.9076 -0.4183 0.0356
vn 0.9085 -0.4165 0.0351
vn 0.2090 -0.9745 0.0821
vn -0.5833 -0.8094 0.0682
vn -0.5832 -0.8094 0.0682
vn -0.9833 -0.1814 0.0153
vn -0.8492 0.5262 -0.0443
vn -0.2090 0.9745 -0.0820
vn 0.4564 0.8867 -0.0746
vn 0.4798 0.8745 -0.0714
vn 0.9510 0.3083 -0.0252
vn 0.9544 0.2975 -0.0253
vn 0.0216 0.8914 0.4528
vn 0.9065 -0.4211 0.0315
vn 0.9059 -0.4223 0.0319
vn 0.2064 -0.9757 0.0736
vn -0.5780 -0.8137 0.0614
vn -0.5781 -0.8136 0.0614
vn -0.9828 -0.1839 0.0139
vn -0.9829 -0.1838 0.0139
vn -0.8460 0.5317 -0.0401
vn -0.8461 0.5316 -0.0401
vn -0.2064 0.9757 -0.0737
vn 0.4806 0.8744 -0.0660
vn 0.4641 0.8831 -0.0683
vn 0.9520 0.3053 -0.0236
vn 0.9494 0.3133 -0.0235
vn 0.0226 0.8785 0.4772
vn 0.9058 -0.4226 0.0316
vn 0.9051 -0.4240 0.0320
vn 0.2064 -0.9757 0.0737
vn 0.2063 -0.9757 0.0737
vn -0.5782 -0.8136 0.0615
vn -0.5781 -0.8137 0.0614
vn -0.9829 -0.1839 0.0139
vn -0.2064 0.9757 -0.0736
vn -0.2063 0.9757 -0.0736
vn 0.4645 0.8830 -0.0666
vn 0.4472 0.8918 -0.0689
vn 0.9538 0.2996 -0.0231
vn 0.9514 0.3070 -0.0230
vn 0.0236 0.8636 0.5036
vn 0.9037 -0.4271 0.0292
vn 0.8948 -0.4451 0.0336
vn 0.2276 -0.9712 0.0709
vn -0.5788 -0.8131 0.0625
vn -0.5438 -0.8371 0.0598
vn -0.9847 -0.1728 0.0210
vn -0.9600 -0.2796 0.0170
vn -0.8410 0.5400 -0.0328
vn -0.8885 0.4574 -0.0371
vn -0.2049 0.9764 -0.0685
vn -0.2488 0.9658 -0.0728
vn 0.4477 0.8916 -0.0672
vn 0.4837 0.8730 -0.0625
vn 0.9704 0.2405 -0.0227
vn 0.9522 0.3047 -0.0212
vn 0.0119 0.8617 0.5073
vn 0.8949 -0.4449 0.0339
vn 0.9236 -0.3828 0.0189
vn 0.2268 -0.9715 0.0693
vn 0.2888 -0.9555 0.0602
vn -0.5417 -0.8386 0.0573
vn -0.5350 -0.8430 0.0567
vn -0.9578 -0.2871 0.0115
vn -0.9829 -0.1838 0.0143
vn -0.8877 0.4591 -0.0358
vn -0.8410 0.5400 -0.0325
vn -0.2477 0.9666 -0.0658
vn -0.2030 0.9772 -0.0617
vn 0.4864 0.8720 -0.0551
vn 0.4751 0.8781 -0.0566
vn 0.9380 0.3462 -0.0175
vn -0.0004 0.8159 0.5782
vn 0.9677 0.2513 -0.0192
vn 0.9230 -0.3844 0.0168
vn 0.9024 -0.4302 0.0258
vn 0.2858 -0.9574 0.0407
vn 0.2005 -0.9784 0.0505
vn -0.5271 -0.8490 0.0375
vn -0.5656 -0.8236 0.0409
vn -0.9817 -0.1901 0.0094
vn -0.9817 -0.1900 0.0095
vn -0.8379 0.5451 -0.0271
vn -0.8381 0.5448 -0.0271
vn -0.2000 0.9786 -0.0487
vn -0.2001 0.9786 -0.0488
vn 0.4794 0.8765 -0.0437
vn 0.4605 0.8865 -0.0459
vn 0.9479 0.3182 -0.0165
vn 0.9356 0.3526 -0.0151
vn 0.0266 0.7908 0.6115
vn 0.9007 -0.4339 0.0210
vn 0.8998 -0.4359 0.0214
vn 0.2000 -0.9786 0.0482
vn 0.1999 -0.9786 0.0482
vn -0.5654 -0.8238 0.0405
vn -0.8380 0.5450 -0.0268
vn -0.8380 0.5451 -0.0268
vn -0.2000 0.9786 -0.0481
vn -0.1999 0.9786 -0.0481
vn 0.4615 0.8861 -0.0436
vn 0.4388 0.8974 -0.0461
vn 0.9505 0.3104 -0.0159
vn 0.9472 0.3203 -0.0155
vn 0.0284 0.7506 0.6601
vn 0.8989 -0.4377 0.0185
vn 0.8886 -0.4580 0.0226
vn 0.1999 -0.9786 0.0483
vn 0.2213 -0.9741 0.0456
vn -0.5659 -0.8234 0.0415
vn -0.5324 -0.8456 0.0384
vn -0.9830 -0.1827 0.0167
vn -0.9580 -0.2866 0.0101
vn -0.8346 0.5504 -0.0195
vn -0.8817 0.4712 -0.0256
vn -0.1990 0.9790 -0.0433
vn -0.2409 0.9694 -0.0476
vn 0.4399 0.8970 -0.0440
vn 0.4702 0.8816 -0.0407
vn 0.9681 0.2501 -0.0168
vn 0.9490 0.3150 -0.0137
vn 0.0136 0.7350 0.6780
vn 0.8884 -0.4585 0.0213
vn 0.9045 -0.4263 0.0150
vn 0.2190 -0.9749 0.0401
vn 0.2277 -0.9730 0.0390
vn -0.5321 -0.8458 0.0379
vn -0.5219 -0.8522 0.0370
vn -0.9568 -0.2908 0.0050
vn -0.9817 -0.1901 0.0101
vn -0.8815 0.4716 -0.0251
vn -0.8350 0.5498 -0.0200
vn -0.2408 0.9696 -0.0426
vn -0.1981 0.9794 -0.0385
vn 0.4739 0.8799 -0.0346
vn 0.4480 0.8932 -0.0375
vn 0.9454 0.3258 -0.0089
vn 0.0022 0.6373 0.7706
vn 0.9651 0.2616 -0.0118
vn 0.9037 -0.4279 0.0122
vn 0.9203 -0.3912 0.0058
vn 0.2309 -0.9726 0.0280
vn 0.2802 -0.9597 0.0222
vn -0.5191 -0.8545 0.0197
vn -0.5205 -0.8537 0.0199
vn -0.9810 -0.1941 0.0045
vn -0.9810 -0.1939 0.0045
vn -0.8328 0.5535 -0.0129
vn -0.8330 0.5532 -0.0130
vn -0.1961 0.9803 -0.0230
vn -0.1962 0.9803 -0.0230
vn 0.4581 0.8887 -0.0208
vn 0.4659 0.8846 -0.0201
vn 0.9367 0.3500 -0.0079
vn 0.9458 0.3246 -0.0096
vn -0.0017 0.5306 0.8476
vn 0.9202 -0.3914 0.0045
vn 0.8968 -0.4423 0.0119
vn 0.2808 -0.9597 0.0099
vn 0.1958 -0.9805 0.0186
vn -0.5195 -0.8544 0.0101
vn -0.5567 -0.8306 0.0142
vn -0.9809 -0.1946 0.0033
vn -0.9809 -0.1945 0.0033
vn -0.8321 0.5545 -0.0095
vn -0.8323 0.5543 -0.0096
vn -0.1956 0.9805 -0.0169
vn -0.1957 0.9805 -0.0169
vn 0.4690 0.8831 -0.0152
vn 0.4445 0.8956 -0.0175
vn 0.9465 0.3228 -0.0063
vn 0.9339 0.3576 -0.0037
vn 0.0368 0.4449 0.8948
vn 0.8965 -0.4429 0.0073
vn 0.8952 -0.4455 0.0077
vn 0.1957 -0.9805 0.0169
vn 0.2139 -0.9767 0.0148
vn -0.5570 -0.8304 0.0154
vn -0.5222 -0.8527 0.0115
vn -0.9814 -0.1915 0.0108
vn -0.9619 -0.2736 0.0028
vn -0.8314 0.5557 -0.0044
vn -0.8565 0.5161 -0.0088
vn -0.1957 0.9805 -0.0168
vn -0.1955 0.9806 -0.0168
vn 0.4461 0.8948 -0.0153
vn 0.4200 0.9074 -0.0176
vn 0.9494 0.3140 -0.0061
vn 0.9460 0.3242 -0.0053
vn 0.0097 0.3566 0.9342
vn 0.8952 -0.4455 0.0046
vn 0.8829 -0.4695 0.0081
vn 0.2145 -0.9766 0.0169
vn 0.2205 -0.9752 0.0163
vn -0.5232 -0.8521 0.0142
vn -0.5281 -0.8491 0.0147
vn -0.9621 -0.2728 0.0047
vn -0.9570 -0.2901 0.0031
vn -0.8564 0.5162 -0.0067
vn -0.8767 0.4808 -0.0107
vn -0.1954 0.9807 -0.0123
vn -0.2333 0.9723 -0.0165
vn 0.4219 0.9065 -0.0154
vn 0.4490 0.8934 -0.0130
vn 0.9671 0.2541 -0.0089
vn 0.9484 0.3171 -0.0036
vn 0.0178 0.2564 0.9664
vn 0.8831 -0.4692 0.0072
vn 0.8800 -0.4749 0.0079
vn 0.2166 -0.9763 0.0010
vn 0.0980 -0.9951 0.0105
vn -0.5240 -0.8517 -0.0001
vn -0.6344 -0.7730 0.0086
vn -0.9567 -0.2909 -0.0072
vn -0.9952 -0.0980 0.0049
vn -0.8768 0.4807 -0.0114
vn -0.7730 0.6344 0.0006
vn -0.2339 0.9722 -0.0126
vn -0.0980 0.9952 -0.0020
vn 0.4540 0.8910 -0.0078
vn 0.4721 0.8815 -0.0066
vn 0.9558 0.2940 0.0011
vn -0.0000 -0.0000 1.0000
vn 0.9642 0.2653 -0.0010
vt 0.906250 0.500000
vt 0.906250 1.000000
vt 0.875000 1.000000
vt 0.875000 0.500000
vt 0.781250 0.500000
vt 0.781250 1.000000
vt 0.750000 1.000000
vt 0.750000 0.500000
vt 0.656250 0.500000
vt 0.656250 1.000000
vt 0.625000 1.000000
vt 0.625000 0.500000
vt 0.531250 0.500000
vt 0.531250 1.000000
vt 0.500000 1.000000
vt 0.500000 0.500000
vt 0.406250 0.500000
vt 0.406250 1.000000
vt 0.375000 1.000000
vt 0.375000 0.500000
vt 0.281250 0.500000
vt 0.281250 1.000000
vt 0.250000 1.000000
vt 0.250000 0.500000
vt 0.156250 0.500000
vt 0.156250 1.000000
vt 0.125000 1.000000
vt 0.125000 0.500000
vt 0.093750 1.000000
vt 0.093750 0.500000
vt 0.250000 0.471906
vt 0.080294 0.419706
vt 0.025832 0.318001
vt 0.043406 0.139573
vt 0.181999 0.025832
vt 0.360427 0.043406
vt 0.474168 0.181999
vt 0.456594 0.360427
vt 0.750000 0.471906
vt 0.956595 0.360427
vt 0.974168 0.181999
vt 0.860427 0.043406
vt 0.681999 0.025832
vt 0.543406 0.139573
vt 0.525832 0.318001
vt 0.580294 0.419706
vt 0.937500 0.500000
vt 0.921875 1.000000
vt 0.890625 0.500000
vt 0.812500 0.500000
vt 0.796875 1.000000
vt 0.765625 0.500000
vt 0.687500 0.500000
vt 0.671875 1.000000
vt 0.640625 0.500000
vt 0.593750 0.500000
vt 0.578125 1.000000
vt 0.562500 0.500000
vt 0.515625 0.500000
vt 0.468750 0.500000
vt 0.453125 1.000000
vt 0.437500 0.500000
vt 0.390625 0.500000
vt 0.343750 0.500000
vt 0.328125 1.000000
vt 0.312500 0.500000
vt 0.265625 0.500000
vt 0.187500 0.500000
vt 0.171875 1.000000
vt 0.140625 0.500000
vt 0.109375 0.500000
vt 0.062500 0.500000
vt 0.046875 1.000000
vt 0.031250 0.500000
vt 0.546875 1.000000
vt 0.421875 1.000000
vt 0.078125 1.000000
vt 0.296875 1.000000
vt 0.218750 0.500000
vt 0.203125 1.000000
vt 0.968750 0.500000
vt 0.953125 1.000000
vt 0.772961 0.483127
vt 0.931082 0.398610
vt 0.983127 0.227039
vt 0.898610 0.068918
vt 0.750000 0.013074
vt 0.601390 0.068918
vt 0.528269 0.158156
vt 0.513074 0.250000
vt 0.528269 0.341844
vt 0.601390 0.431082
vt 0.750000 0.480848
vt 0.727039 0.016873
vt 0.582468 0.082468
vt 0.582468 0.417532
vt 0.727039 0.483127
vt 0.913234 0.413234
vt 0.878252 0.058057
vt 0.703778 0.017627
vt 0.234375 1.000000
vt 0.658156 0.028269
vt 0.519164 0.219385
vt 0.658156 0.471731
vt 0.795036 0.476412
vt 0.946997 0.381629
vt 0.917532 0.082468
vt 0.772961 0.016873
vt 0.718750 0.500000
vt 0.703125 1.000000
vt 0.843750 0.500000
vt 0.828125 1.000000
s 0
usemtl 
f 2372/189/1395 2373/190/1395 2375/191/1395 2374/192/1395
f 2374/193/1396 2375/194/1396 2377/195/1396 2376/196/1396
f 2376/197/1397 2377/198/1397 2379/199/1397 2378/200/1397
f 2378/201/1398 2379/202/1398 2381/203/1398 2380/204/1398
f 2380/205/1399 2381/206/1399 2383/207/1399 2382/208/1399
f 2382/209/1400 2383/210/1400 2385/211/1400 2384/212/1400
f 2384/213/1401 2385/214/1401 2387/215/1401 2386/216/1401
f 2386/216/1402 2387/215/1402 2373/217/1402 2372/218/1402
f 2373/219/1403 2387/220/1403 2385/221/1403 2383/222/1403 2381/223/1403 2379/224/1403 2377/225/1403 2375/226/1403
f 2372/227/1404 2374/228/1404 2376/229/1404 2378/230/1404 2380/231/1404 2382/232/1404 2384/233/1404 2386/234/1404
f 2373/235/1405 2388/236/1405 2375/189/1405
f 2375/237/1406 2388/190/1406 2389/191/1406
f 2375/238/1407 2389/239/1407 2377/193/1407
f 2377/240/1408 2389/194/1408 2390/195/1408
f 2377/241/1409 2390/242/1409 2379/197/1409
f 2379/243/1410 2390/198/1410 2391/199/1410
f 2379/244/1411 2391/245/1411 2381/246/1411
f 2381/247/1412 2391/202/1412 2392/203/1412
f 2381/248/1413 2392/249/1413 2383/250/1413
f 2383/251/1414 2392/206/1414 2393/207/1414
f 2383/252/1415 2393/253/1415 2385/254/1415
f 2385/255/1416 2393/210/1416 2394/211/1416
f 2385/256/1417 2394/257/1417 2387/213/1417
f 2387/258/1418 2394/214/1418 2395/215/1418
f 2387/259/1419 2395/215/1419 2388/217/1419
f 2388/219/1420 2395/220/1420 2394/221/1420 2393/222/1420 2392/223/1420 2391/224/1420 2390/225/1420 2389/226/1420
f 2387/260/1421 2388/261/1421 2373/262/1421
f 2388/235/1422 2396/236/1422 2389/189/1422
f 2389/237/1423 2396/190/1423 2397/191/1423
f 2389/238/1424 2397/239/1424 2390/193/1424
f 2390/240/1425 2397/194/1425 2398/195/1425
f 2390/241/1426 2398/242/1426 2391/197/1426
f 2391/243/1427 2398/198/1427 2399/199/1427
f 2391/246/1428 2399/263/1428 2392/201/1428
f 2392/247/1428 2399/202/1428 2400/203/1428
f 2392/250/1429 2400/264/1429 2393/205/1429
f 2393/251/1430 2400/206/1430 2401/207/1430
f 2393/252/1431 2401/253/1431 2394/254/1431
f 2394/255/1432 2401/210/1432 2402/211/1432
f 2394/256/1433 2402/257/1433 2395/213/1433
f 2395/258/1434 2402/214/1434 2403/215/1434
f 2395/259/1435 2403/215/1435 2396/217/1435
f 2395/218/1436 2396/265/1436 2388/260/1436
f 2396/219/1437 2403/220/1437 2402/221/1437 2401/222/1437 2400/223/1437 2399/224/1437 2398/225/1437 2397/226/1437
f 2396/235/1438 2404/236/1438 2397/189/1438
f 2397/237/1439 2404/190/1439 2405/191/1439
f 2397/238/1440 2405/239/1440 2398/193/1440
f 2398/240/1441 2405/194/1441 2406/195/1441
f 2398/241/1442 2406/242/1442 2399/197/1442
f 2399/243/1443 2406/198/1443 2407/199/1443
f 2399/246/1444 2407/263/1444 2400/201/1444
f 2400/247/1445 2407/202/1445 2408/203/1445
f 2400/250/1446 2408/264/1446 2401/205/1446
f 2401/251/1447 2408/206/1447 2409/207/1447
f 2401/254/1448 2409/266/1448 2402/209/1448
f 2402/255/1449 2409/210/1449 2410/211/1449
f 2402/267/1450 2410/268/1450 2403/256/1450
f 2403/258/1451 2410/214/1451 2411/215/1451
f 2403/259/1452 2411/215/1452 2404/217/1452
f 2403/218/1453 2404/265/1453 2396/260/1453
f 2404/219/1454 2411/220/1454 2410/221/1454 2409/222/1454 2408/223/1454 2407/224/1454 2406/225/1454 2405/226/1454
f 2404/269/1455 2412/270/1455 2405/235/1455
f 2405/237/1456 2412/190/1456 2413/191/1456
f 2405/238/1457 2413/239/1457 2406/193/1457
f 2406/240/1458 2413/194/1458 2414/195/1458
f 2406/241/1459 2414/242/1459 2407/197/1459
f 2407/243/1460 2414/198/1460 2415/199/1460
f 2407/246/1461 2415/263/1461 2408/201/1461
f 2408/247/1462 2415/202/1462 2416/203/1462
f 2408/250/1463 2416/264/1463 2409/205/1463
f 2409/251/1464 2416/206/1464 2417/207/1464
f 2409/254/1465 2417/266/1465 2410/209/1465
f 2410/255/1466 2417/210/1466 2418/211/1466
f 2410/267/1467 2418/268/1467 2411/256/1467
f 2411/258/1468 2418/214/1468 2419/215/1468
f 2411/259/1469 2419/215/1469 2412/217/1469
f 2411/218/1470 2412/265/1470 2404/260/1470
f 2412/219/1471 2419/220/1471 2418/221/1471 2417/222/1471 2416/223/1471 2415/224/1471 2414/225/1471 2413/226/1471
f 2412/269/1472 2420/270/1472 2413/235/1472
f 2413/237/1473 2420/190/1473 2421/191/1473
f 2413/238/1474 2421/239/1474 2414/193/1474
f 2414/240/1475 2421/194/1475 2422/195/1475
f 2414/241/1476 2422/242/1476 2415/197/1476
f 2415/243/1477 2422/198/1477 2423/199/1477
f 2415/246/1478 2423/263/1478 2416/201/1478
f 2416/247/1479 2423/202/1479 2424/203/1479
f 2416/250/1480 2424/264/1480 2417/205/1480
f 2417/251/1481 2424/206/1481 2425/207/1481
f 2417/254/1482 2425/266/1482 2418/209/1482
f 2418/255/1483 2425/210/1483 2426/211/1483
f 2418/267/1484 2426/268/1484 2419/256/1484
f 2419/258/1485 2426/214/1485 2427/215/1485
f 2419/259/1486 2427/215/1486 2420/217/1486
f 2419/218/1487 2420/265/1487 2412/260/1487
f 2420/219/1488 2427/220/1488 2426/221/1488 2425/222/1488 2424/223/1488 2423/224/1488 2422/225/1488 2421/226/1488
f 2420/235/1489 2428/236/1489 2421/189/1489
f 2421/237/1490 2428/190/1490 2429/191/1490
f 2421/238/1491 2429/239/1491 2422/193/1491
f 2422/240/1491 2429/194/1491 2430/195/1491
f 2422/241/1492 2430/242/1492 2423/197/1492
f 2423/243/1493 2430/198/1493 2431/199/1493
f 2423/246/1494 2431/263/1494 2424/201/1494
f 2424/247/1495 2431/202/1495 2432/203/1495
f 2424/248/1496 2432/249/1496 2425/250/1496
f 2425/251/1497 2432/206/1497 2433/207/1497
f 2425/252/1498 2433/253/1498 2434/254/1498
f 2434/254/1499 2433/266/1499 2426/209/1499
f 2426/255/1500 2433/210/1500 2435/211/1500
f 2426/267/1501 2435/268/1501 2436/256/1501
f 2436/256/1502 2435/257/1502 2427/213/1502
f 2427/258/1503 2435/214/1503 2437/215/1503
f 2427/259/1504 2437/215/1504 2428/217/1504
f 2428/219/1505 2437/220/1505 2435/221/1505 2433/222/1505 2432/223/1505 2431/224/1505 2430/225/1505 2429/226/1505
f 2427/260/1506 2428/261/1506 2420/262/1506
f 2420/271/1507 2421/272/1507 2422/273/1507 2423/274/1507 2424/275/1507 2425/276/1507 2434/277/1507 2426/278/1507 2436/279/1507 2427/280/1507
f 2428/235/1508 2438/236/1508 2429/189/1508
f 2429/237/1509 2438/190/1509 2439/191/1509
f 2429/238/1510 2439/239/1510 2430/193/1510
f 2430/240/1511 2439/194/1511 2440/195/1511
f 2430/241/1512 2440/242/1512 2431/197/1512
f 2431/243/1513 2440/198/1513 2441/199/1513
f 2431/246/1514 2441/263/1514 2432/201/1514
f 2432/247/1515 2441/202/1515 2442/203/1515
f 2432/250/1516 2442/264/1516 2433/205/1516
f 2433/251/1517 2442/206/1517 2443/207/1517
f 2433/252/1518 2443/253/1518 2444/254/1518
f 2444/254/1519 2443/266/1519 2435/209/1519
f 2435/255/1520 2443/210/1520 2445/211/1520
f 2435/267/1521 2445/268/1521 2446/256/1521
f 2446/256/1522 2445/257/1522 2437/213/1522
f 2437/258/1523 2445/214/1523 2447/215/1523
f 2437/259/1524 2447/215/1524 2438/217/1524
f 2437/218/1525 2438/265/1525 2428/260/1525
f 2438/219/1526 2447/220/1526 2445/221/1526 2443/222/1526 2442/223/1526 2441/224/1526 2440/225/1526 2439/226/1526
f 2428/281/1527 2429/272/1527 2430/273/1527 2431/274/1527 2432/282/1527 2433/283/1527 2444/277/1527 2435/278/1527 2446/279/1527 2437/284/1527
f 2438/269/1528 2448/270/1528 2439/235/1528
f 2439/237/1529 2448/190/1529 2449/191/1529
f 2439/238/1530 2449/239/1530 2440/193/1530
f 2440/240/1531 2449/194/1531 2450/195/1531
f 2440/241/1532 2450/242/1532 2441/197/1532
f 2441/243/1533 2450/198/1533 2451/199/1533
f 2441/246/1534 2451/263/1534 2442/201/1534
f 2442/247/1535 2451/202/1535 2452/203/1535
f 2442/250/1536 2452/264/1536 2443/205/1536
f 2443/251/1537 2452/206/1537 2453/207/1537
f 2443/254/1538 2453/266/1538 2445/209/1538
f 2445/255/1539 2453/210/1539 2454/211/1539
f 2445/267/1540 2454/268/1540 2447/256/1540
f 2447/258/1541 2454/214/1541 2455/215/1541
f 2447/259/1542 2455/215/1542 2448/217/1542
f 2447/218/1543 2448/265/1543 2438/260/1543
f 2448/219/1544 2455/220/1544 2454/221/1544 2453/222/1544 2452/223/1544 2451/224/1544 2450/225/1544 2449/226/1544
f 2448/235/1545 2456/236/1545 2449/189/1545
f 2449/237/1546 2456/190/1546 2457/191/1546
f 2449/238/1547 2457/239/1547 2450/193/1547
f 2450/240/1548 2457/194/1548 2458/195/1548
f 2450/241/1549 2458/242/1549 2451/197/1549
f 2451/243/1550 2458/198/1550 2459/199/1550
f 2451/246/1551 2459/263/1551 2452/201/1551
f 2452/247/1552 2459/202/1552 2460/203/1552
f 2452/250/1553 2460/264/1553 2453/205/1553
f 2453/251/1554 2460/206/1554 2461/207/1554
f 2453/252/1555 2461/253/1555 2462/254/1555
f 2462/254/1556 2461/266/1556 2454/209/1556
f 2454/255/1557 2461/210/1557 2463/211/1557
f 2454/267/1558 2463/268/1558 2464/256/1558
f 2464/256/1559 2463/257/1559 2455/213/1559
f 2455/258/1560 2463/214/1560 2465/215/1560
f 2455/259/1561 2465/215/1561 2456/217/1561
f 2455/218/1562 2456/265/1562 2448/260/1562
f 2456/219/1563 2465/220/1563 2463/221/1563 2461/222/1563 2460/223/1563 2459/224/1563 2458/225/1563 2457/226/1563
f 2448/281/1564 2449/272/1564 2450/273/1564 2451/274/1564 2452/282/1564 2453/283/1564 2462/277/1564 2454/278/1564 2464/279/1564 2455/284/1564
f 2456/235/1565 2466/236/1565 2457/189/1565
f 2457/237/1566 2466/190/1566 2467/191/1566
f 2457/238/1567 2467/239/1567 2458/193/1567
f 2458/240/1568 2467/194/1568 2468/195/1568
f 2458/241/1569 2468/242/1569 2459/197/1569
f 2459/243/1570 2468/198/1570 2469/199/1570
f 2459/246/1571 2469/263/1571 2460/201/1571
f 2460/247/1572 2469/202/1572 2470/203/1572
f 2460/248/1573 2470/249/1573 2461/250/1573
f 2461/251/1574 2470/206/1574 2471/207/1574
f 2461/252/1575 2471/253/1575 2472/254/1575
f 2472/254/1576 2471/266/1576 2463/209/1576
f 2463/255/1577 2471/210/1577 2473/211/1577
f 2463/267/1578 2473/268/1578 2474/256/1578
f 2474/256/1579 2473/257/1579 2465/213/1579
f 2465/258/1580 2473/214/1580 2475/215/1580
f 2465/259/1581 2475/215/1581 2466/217/1581
f 2466/219/1582 2475/220/1582 2473/221/1582 2471/222/1582 2470/223/1582 2469/224/1582 2468/225/1582 2467/226/1582
f 2465/260/1583 2466/261/1583 2456/262/1583
f 2456/271/1584 2457/272/1584 2458/273/1584 2459/274/1584 2460/275/1584 2461/276/1584 2472/277/1584 2463/278/1584 2474/279/1584 2465/280/1584
f 2466/269/1585 2476/270/1585 2467/235/1585
f 2467/237/1586 2476/190/1586 2477/191/1586
f 2467/238/1587 2477/239/1587 2468/193/1587
f 2468/240/1588 2477/194/1588 2478/195/1588
f 2468/241/1589 2478/242/1589 2469/197/1589
f 2469/243/1590 2478/198/1590 2479/199/1590
f 2469/201/1591 2479/202/1591 2480/203/1591 2470/204/1591
f 2470/250/1592 2480/264/1592 2471/205/1592
f 2471/251/1593 2480/206/1593 2481/207/1593
f 2471/252/1594 2481/253/1594 2482/254/1594
f 2482/254/1595 2481/266/1595 2473/209/1595
f 2473/255/1596 2481/210/1596 2483/211/1596
f 2473/267/1597 2483/268/1597 2484/256/1597
f 2484/256/1598 2483/257/1598 2475/213/1598
f 2475/258/1599 2483/214/1599 2485/215/1599
f 2475/259/1600 2485/215/1600 2476/217/1600
f 2475/218/1601 2476/265/1601 2466/260/1601
f 2476/219/1602 2485/220/1602 2483/221/1602 2481/222/1602 2480/223/1602 2479/224/1602 2478/225/1602 2477/226/1602
f 2466/285/1603 2467/286/1603 2468/273/1603 2469/287/1603 2470/288/1603 2471/283/1603 2482/277/1603 2473/278/1603 2484/279/1603 2475/284/1603
f 2476/235/1604 2486/236/1604 2477/189/1604
f 2477/237/1605 2486/190/1605 2487/191/1605
f 2477/238/1606 2487/239/1606 2478/193/1606
f 2478/240/1607 2487/194/1607 2488/195/1607
f 2478/241/1608 2488/242/1608 2479/197/1608
f 2479/243/1609 2488/198/1609 2489/199/1609
f 2479/246/1610 2489/263/1610 2480/201/1610
f 2480/247/1611 2489/202/1611 2490/203/1611
f 2480/248/1612 2490/249/1612 2491/250/1612
f 2491/250/1613 2490/264/1613 2481/205/1613
f 2481/251/1614 2490/206/1614 2492/207/1614
f 2481/252/1615 2492/253/1615 2493/254/1615
f 2493/209/1616 2492/210/1616 2494/211/1616 2483/212/1616
f 2483/212/1617 2494/289/1617 2493/267/1617
f 2493/267/1618 2494/268/1618 2495/256/1618
f 2495/256/1619 2494/257/1619 2485/213/1619
f 2485/258/1620 2494/214/1620 2496/215/1620
f 2485/259/1621 2496/215/1621 2486/217/1621
f 2485/218/1622 2486/265/1622 2497/260/1622
f 2486/219/1623 2496/220/1623 2494/221/1623 2492/222/1623 2490/223/1623 2489/224/1623 2488/225/1623 2487/226/1623
f 2497/260/1624 2486/261/1624 2476/262/1624
f 2476/271/1625 2477/272/1625 2478/273/1625 2479/274/1625 2480/275/1625 2491/290/1625 2481/283/1625 2493/291/1625 2495/279/1625 2485/284/1625 2497/292/1625
f 2486/235/1626 2498/236/1626 2487/189/1626
f 2487/237/1627 2498/190/1627 2499/191/1627
f 2487/238/1628 2499/239/1628 2488/193/1628
f 2488/240/1629 2499/194/1629 2500/195/1629
f 2488/241/1630 2500/242/1630 2489/197/1630
f 2489/243/1631 2500/198/1631 2501/199/1631
f 2489/246/1632 2501/263/1632 2490/201/1632
f 2490/247/1633 2501/202/1633 2502/203/1633
f 2490/248/1634 2502/249/1634 2503/250/1634
f 2503/250/1635 2502/264/1635 2492/205/1635
f 2492/251/1636 2502/206/1636 2504/207/1636
f 2492/252/1637 2504/253/1637 2505/254/1637
f 2505/254/1638 2504/266/1638 2494/209/1638
f 2494/255/1639 2504/210/1639 2506/211/1639
f 2494/267/1640 2506/268/1640 2507/256/1640
f 2507/256/1641 2506/257/1641 2496/213/1641
f 2496/258/1642 2506/214/1642 2508/215/1642
f 2496/259/1643 2508/215/1643 2498/217/1643
f 2496/218/1644 2498/265/1644 2509/260/1644
f 2498/219/1645 2508/220/1645 2506/221/1645 2504/222/1645 2502/223/1645 2501/224/1645 2500/225/1645 2499/226/1645
f 2509/260/1646 2498/261/1646 2486/262/1646
f 2486/271/1647 2487/272/1647 2488/273/1647 2489/274/1647 2490/275/1647 2503/290/1647 2492/283/1647 2505/277/1647 2494/278/1647 2507/279/1647 2496/284/1647 2509/292/1647
f 2498/269/1648 2510/270/1648 2499/235/1648
f 2499/237/1649 2510/190/1649 2511/191/1649
f 2499/238/1650 2511/239/1650 2500/193/1650
f 2500/240/1651 2511/194/1651 2512/195/1651
f 2500/241/1652 2512/242/1652 2501/197/1652
f 2501/243/1653 2512/198/1653 2513/199/1653
f 2501/201/1654 2513/202/1654 2514/203/1654 2502/204/1654
f 2502/250/1655 2514/264/1655 2504/205/1655
f 2504/251/1656 2514/206/1656 2515/207/1656
f 2504/252/1657 2515/253/1657 2516/254/1657
f 2516/209/1658 2515/210/1658 2517/211/1658 2506/212/1658
f 2506/212/1659 2517/289/1659 2516/267/1659
f 2516/267/1660 2517/268/1660 2518/256/1660
f 2518/256/1661 2517/257/1661 2508/213/1661
f 2508/258/1662 2517/214/1662 2519/215/1662
f 2508/259/1663 2519/215/1663 2510/217/1663
f 2508/218/1664 2510/265/1664 2498/260/1664
f 2510/219/1665 2519/220/1665 2517/221/1665 2515/222/1665 2514/223/1665 2513/224/1665 2512/225/1665 2511/226/1665
f 2498/285/1666 2499/286/1666 2500/273/1666 2501/287/1666 2502/288/1666 2504/283/1666 2516/291/1666 2518/279/1666 2508/284/1666
f 2510/189/1667 2520/190/1667 2521/191/1667 2511/192/1667
f 2511/238/1668 2521/239/1668 2512/193/1668
f 2512/240/1669 2521/194/1669 2522/195/1669
f 2512/241/1670 2522/242/1670 2513/197/1670
f 2513/243/1671 2522/198/1671 2523/199/1671
f 2513/244/1672 2523/245/1672 2514/246/1672
f 2514/247/1673 2523/202/1673 2524/203/1673
f 2514/248/1674 2524/249/1674 2515/250/1674
f 2515/251/1675 2524/206/1675 2525/207/1675
f 2515/252/1676 2525/253/1676 2526/254/1676
f 2526/254/1677 2525/266/1677 2517/209/1677
f 2517/255/1678 2525/210/1678 2527/211/1678
f 2517/267/1679 2527/268/1679 2528/256/1679
f 2528/256/1680 2527/257/1680 2519/213/1680
f 2519/258/1681 2527/214/1681 2529/215/1681
f 2519/259/1682 2529/215/1682 2520/217/1682
f 2520/219/1683 2529/220/1683 2527/221/1683 2525/222/1683 2524/223/1683 2523/224/1683 2522/225/1683 2521/226/1683
f 2519/260/1684 2520/261/1684 2510/262/1684
f 2510/293/1685 2511/294/1685 2512/273/1685 2513/295/1685 2514/296/1685 2515/276/1685 2526/277/1685 2517/278/1685 2528/279/1685 2519/280/1685
f 2520/235/1686 2530/236/1686 2521/189/1686
f 2521/237/1687 2530/190/1687 2531/191/1687
f 2521/238/1688 2531/239/1688 2522/193/1688
f 2522/240/1689 2531/194/1689 2532/195/1689
f 2522/241/1690 2532/242/1690 2523/197/1690
f 2523/243/1691 2532/198/1691 2533/199/1691
f 2523/246/1692 2533/263/1692 2524/201/1692
f 2524/247/1693 2533/202/1693 2534/203/1693
f 2524/248/1694 2534/249/1694 2525/250/1694
f 2525/251/1695 2534/206/1695 2535/207/1695
f 2525/252/1696 2535/253/1696 2536/254/1696
f 2536/254/1697 2535/266/1697 2527/209/1697
f 2527/255/1698 2535/210/1698 2537/211/1698
f 2527/267/1699 2537/268/1699 2538/256/1699
f 2538/256/1700 2537/257/1700 2529/213/1700
f 2529/258/1701 2537/214/1701 2539/215/1701
f 2529/259/1702 2539/215/1702 2530/217/1702
f 2530/219/1703 2539/220/1703 2537/221/1703 2535/222/1703 2534/223/1703 2533/224/1703 2532/225/1703 2531/226/1703
f 2529/260/1704 2530/261/1704 2520/262/1704
f 2520/271/1705 2521/272/1705 2522/273/1705 2523/274/1705 2524/275/1705 2525/276/1705 2536/277/1705 2527/278/1705 2538/279/1705 2529/280/1705
f 2530/235/1706 2540/236/1706 2531/189/1706
f 2531/237/1707 2540/190/1707 2541/191/1707
f 2531/238/1708 2541/239/1708 2532/193/1708
f 2532/240/1709 2541/194/1709 2542/195/1709
f 2532/241/1710 2542/242/1710 2533/197/1710
f 2533/243/1711 2542/198/1711 2543/199/1711
f 2533/246/1712 2543/263/1712 2534/201/1712
f 2534/247/1713 2543/202/1713 2544/203/1713
f 2534/250/1714 2544/264/1714 2535/205/1714
f 2535/251/1715 2544/206/1715 2545/207/1715
f 2535/252/1716 2545/253/1716 2546/254/1716
f 2546/254/1717 2545/266/1717 2537/209/1717
f 2537/255/1718 2545/210/1718 2547/211/1718
f 2537/267/1719 2547/268/1719 2548/256/1719
f 2548/256/1720 2547/257/1720 2539/213/1720
f 2539/258/1721 2547/214/1721 2549/215/1721
f 2539/259/1722 2549/215/1722 2540/217/1722
f 2539/218/1723 2540/265/1723 2530/260/1723
f 2540/219/1724 2549/220/1724 2547/221/1724 2545/222/1724 2544/223/1724 2543/224/1724 2542/225/1724 2541/226/1724
f 2530/281/1725 2531/272/1725 2532/273/1725 2533/274/1725 2534/282/1725 2535/283/1725 2546/277/1725 2537/278/1725 2548/279/1725 2539/284/1725
f 2540/235/1726 2550/236/1726 2541/189/1726
f 2541/237/1727 2550/190/1727 2551/191/1727
f 2541/238/1728 2551/239/1728 2542/193/1728
f 2542/240/1729 2551/194/1729 2552/195/1729
f 2542/241/1730 2552/242/1730 2543/197/1730
f 2543/243/1731 2552/198/1731 2553/199/1731
f 2543/244/1732 2553/245/1732 2544/246/1732
f 2544/247/1733 2553/202/1733 2554/203/1733
f 2544/248/1734 2554/249/1734 2545/250/1734
f 2545/251/1735 2554/206/1735 2555/207/1735
f 2545/252/1736 2555/253/1736 2556/254/1736
f 2556/254/1737 2555/266/1737 2547/209/1737
f 2547/255/1738 2555/210/1738 2557/211/1738
f 2547/267/1739 2557/268/1739 2558/256/1739
f 2558/256/1740 2557/257/1740 2549/213/1740
f 2549/258/1741 2557/214/1741 2559/215/1741
f 2549/259/1742 2559/215/1742 2550/217/1742
f 2550/219/1743 2559/220/1743 2557/221/1743 2555/222/1743 2554/223/1743 2553/224/1743 2552/225/1743 2551/226/1743
f 2549/260/1744 2550/261/1744 2540/262/1744
f 2540/271/1745 2541/272/1745 2542/273/1745 2543/295/1745 2544/296/1745 2545/276/1745 2556/277/1745 2547/278/1745 2558/279/1745 2549/280/1745
f 2550/235/1746 2560/236/1746 2551/189/1746
f 2551/237/1747 2560/190/1747 2561/191/1747
f 2551/238/1748 2561/239/1748 2552/193/1748
f 2552/240/1748 2561/194/1748 2562/195/1748
f 2552/241/1749 2562/242/1749 2553/197/1749
f 2553/243/1750 2562/198/1750 2563/199/1750
f 2553/246/1751 2563/263/1751 2554/201/1751
f 2554/247/1751 2563/202/1751 2564/203/1751
f 2554/250/1752 2564/264/1752 2555/205/1752
f 2555/251/1753 2564/206/1753 2565/207/1753
f 2555/252/1754 2565/253/1754 2566/254/1754
f 2566/254/1755 2565/266/1755 2557/209/1755
f 2557/255/1756 2565/210/1756 2567/211/1756
f 2557/267/1757 2567/268/1757 2568/256/1757
f 2568/256/1758 2567/257/1758 2559/213/1758
f 2559/258/1759 2567/214/1759 2569/215/1759
f 2559/259/1760 2569/215/1760 2560/217/1760
f 2559/218/1761 2560/265/1761 2550/260/1761
f 2560/219/1762 2569/220/1762 2567/221/1762 2565/222/1762 2564/223/1762 2563/224/1762 2562/225/1762 2561/226/1762
f 2550/281/1763 2551/272/1763 2552/273/1763 2553/274/1763 2554/282/1763 2555/283/1763 2566/277/1763 2557/278/1763 2568/279/1763 2559/284/1763
f 2560/235/1764 2570/236/1764 2561/189/1764
f 2561/237/1765 2570/190/1765 2571/191/1765
f 2561/238/1766 2571/239/1766 2562/193/1766
f 2562/240/1767 2571/194/1767 2572/195/1767
f 2562/241/1768 2572/242/1768 2563/197/1768
f 2563/243/1769 2572/198/1769 2573/199/1769
f 2563/246/1770 2573/263/1770 2564/201/1770
f 2564/247/1771 2573/202/1771 2574/203/1771
f 2564/250/1772 2574/264/1772 2565/205/1772
f 2565/251/1773 2574/206/1773 2575/207/1773
f 2565/254/1774 2575/266/1774 2567/209/1774
f 2567/255/1775 2575/210/1775 2576/211/1775
f 2567/267/1776 2576/268/1776 2569/256/1776
f 2569/258/1777 2576/214/1777 2577/215/1777
f 2569/259/1778 2577/215/1778 2570/217/1778
f 2569/218/1779 2570/265/1779 2560/260/1779
f 2570/219/1780 2577/220/1780 2576/221/1780 2575/222/1780 2574/223/1780 2573/224/1780 2572/225/1780 2571/226/1780
f 2570/235/1781 2578/236/1781 2571/189/1781
f 2571/237/1782 2578/190/1782 2579/191/1782
f 2571/238/1783 2579/239/1783 2572/193/1783
f 2572/240/1784 2579/194/1784 2580/195/1784
f 2572/241/1785 2580/242/1785 2573/197/1785
f 2573/243/1786 2580/198/1786 2581/199/1786
f 2573/246/1787 2581/263/1787 2574/201/1787
f 2574/247/1788 2581/202/1788 2582/203/1788
f 2574/248/1789 2582/249/1789 2575/250/1789
f 2575/251/1790 2582/206/1790 2583/207/1790
f 2575/252/1791 2583/253/1791 2576/254/1791
f 2576/255/1792 2583/210/1792 2584/211/1792
f 2576/256/1793 2584/257/1793 2577/213/1793
f 2577/258/1794 2584/214/1794 2585/215/1794
f 2577/259/1795 2585/215/1795 2578/217/1795
f 2578/219/1796 2585/220/1796 2584/221/1796 2583/222/1796 2582/223/1796 2581/224/1796 2580/225/1796 2579/226/1796
f 2577/260/1797 2578/261/1797 2570/262/1797
f 2578/235/1798 2586/236/1798 2579/189/1798
f 2579/237/1799 2586/190/1799 2587/191/1799
f 2579/238/1784 2587/239/1784 2580/193/1784
f 2580/240/1784 2587/194/1784 2588/195/1784
f 2580/241/1786 2588/242/1786 2581/197/1786
f 2581/243/1800 2588/198/1800 2589/199/1800
f 2581/246/1801 2589/263/1801 2582/201/1801
f 2582/247/1801 2589/202/1801 2590/203/1801
f 2582/250/1802 2590/264/1802 2583/205/1802
f 2583/251/1803 2590/206/1803 2591/207/1803
f 2583/254/1804 2591/266/1804 2584/209/1804
f 2584/255/1804 2591/210/1804 2592/211/1804
f 2584/256/1805 2592/257/1805 2585/213/1805
f 2585/258/1806 2592/214/1806 2593/215/1806
f 2585/259/1807 2593/215/1807 2586/217/1807
f 2585/218/1808 2586/265/1808 2578/260/1808
f 2586/219/1809 2593/220/1809 2592/221/1809 2591/222/1809 2590/223/1809 2589/224/1809 2588/225/1809 2587/226/1809
f 2586/235/1810 2594/236/1810 2587/189/1810
f 2587/237/1811 2594/190/1811 2595/191/1811
f 2587/238/1812 2595/239/1812 2588/193/1812
f 2588/240/1813 2595/194/1813 2596/195/1813
f 2588/241/1814 2596/242/1814 2589/197/1814
f 2589/243/1815 2596/198/1815 2597/199/1815
f 2589/246/1816 2597/263/1816 2590/201/1816
f 2590/247/1816 2597/202/1816 2598/203/1816
f 2590/250/1817 2598/264/1817 2591/205/1817
f 2591/251/1818 2598/206/1818 2599/207/1818
f 2591/254/1819 2599/266/1819 2592/209/1819
f 2592/255/1819 2599/210/1819 2600/211/1819
f 2592/256/1820 2600/257/1820 2593/213/1820
f 2593/258/1821 2600/214/1821 2601/215/1821
f 2593/259/1822 2601/215/1822 2594/217/1822
f 2593/218/1823 2594/265/1823 2586/260/1823
f 2594/219/1824 2601/220/1824 2600/221/1824 2599/222/1824 2598/223/1824 2597/224/1824 2596/225/1824 2595/226/1824
f 2594/235/1825 2602/236/1825 2595/189/1825
f 2595/237/1826 2602/190/1826 2603/191/1826
f 2595/238/1827 2603/239/1827 2596/193/1827
f 2596/240/1827 2603/194/1827 2604/195/1827
f 2596/241/1828 2604/242/1828 2597/197/1828
f 2597/243/1828 2604/198/1828 2605/199/1828
f 2597/246/1829 2605/263/1829 2598/201/1829
f 2598/247/1829 2605/202/1829 2606/203/1829
f 2598/250/1830 2606/264/1830 2599/205/1830
f 2599/251/1830 2606/206/1830 2607/207/1830
f 2599/254/1831 2607/266/1831 2600/209/1831
f 2600/255/1831 2607/210/1831 2608/211/1831
f 2600/256/1832 2608/257/1832 2601/213/1832
f 2601/258/1833 2608/214/1833 2609/215/1833
f 2601/259/1834 2609/215/1834 2602/217/1834
f 2601/218/1835 2602/265/1835 2594/260/1835
f 2602/219/1836 2609/220/1836 2608/221/1836 2607/222/1836 2606/223/1836 2605/224/1836 2604/225/1836 2603/226/1836
f 2602/235/1837 2610/236/1837 2603/189/1837
f 2603/237/1838 2610/190/1838 2611/191/1838
f 2603/238/1839 2611/239/1839 2604/193/1839
f 2604/240/1839 2611/194/1839 2612/195/1839
f 2604/241/1840 2612/242/1840 2605/197/1840
f 2605/243/1840 2612/198/1840 2613/199/1840
f 2605/246/1841 2613/263/1841 2606/201/1841
f 2606/247/1841 2613/202/1841 2614/203/1841
f 2606/250/1842 2614/264/1842 2607/205/1842
f 2607/251/1842 2614/206/1842 2615/207/1842
f 2607/254/1843 2615/266/1843 2608/209/1843
f 2608/255/1843 2615/210/1843 2616/211/1843
f 2608/256/1844 2616/257/1844 2609/213/1844
f 2609/258/1845 2616/214/1845 2617/215/1845
f 2609/259/1846 2617/215/1846 2610/217/1846
f 2609/218/1847 2610/265/1847 2602/260/1847
f 2610/219/1848 2617/220/1848 2616/221/1848 2615/222/1848 2614/223/1848 2613/224/1848 2612/225/1848 2611/226/1848
f 2610/235/1849 2618/236/1849 2611/189/1849
f 2611/237/1849 2618/190/1849 2619/191/1849
f 2611/238/1850 2619/239/1850 2612/193/1850
f 2612/240/1850 2619/194/1850 2620/195/1850
f 2612/241/1851 2620/242/1851 2613/197/1851
f 2613/243/1852 2620/198/1852 2621/199/1852
f 2613/246/1853 2621/263/1853 2614/201/1853
f 2614/247/1853 2621/202/1853 2622/203/1853
f 2614/250/1854 2622/264/1854 2615/205/1854
f 2615/251/1854 2622/206/1854 2623/207/1854
f 2615/254/1855 2623/266/1855 2616/209/1855
f 2616/255/1855 2623/210/1855 2624/211/1855
f 2616/256/1856 2624/257/1856 2617/213/1856
f 2617/258/1857 2624/214/1857 2625/215/1857
f 2617/259/1847 2625/215/1847 2618/217/1847
f 2617/218/1858 2618/265/1858 2610/260/1858
f 2618/219/1859 2625/220/1859 2624/221/1859 2623/222/1859 2622/223/1859 2621/224/1859 2620/225/1859 2619/226/1859
f 2618/235/1860 2626/236/1860 2619/189/1860
f 2619/237/1861 2626/190/1861 2627/191/1861
f 2619/238/1862 2627/239/1862 2620/193/1862
f 2620/240/1862 2627/194/1862 2628/195/1862
f 2620/241/1863 2628/242/1863 2621/197/1863
f 2621/243/1863 2628/198/1863 2629/199/1863
f 2621/246/1864 2629/263/1864 2622/201/1864
f 2622/247/1864 2629/202/1864 2630/203/1864
f 2622/250/1865 2630/264/1865 2623/205/1865
f 2623/251/1865 2630/206/1865 2631/207/1865
f 2623/254/1866 2631/266/1866 2624/209/1866
f 2624/255/1866 2631/210/1866 2632/211/1866
f 2624/256/1867 2632/257/1867 2625/213/1867
f 2625/258/1868 2632/214/1868 2633/215/1868
f 2625/259/1869 2633/215/1869 2626/217/1869
f 2625/218/1870 2626/265/1870 2618/260/1870
f 2626/219/1871 2633/220/1871 2632/221/1871 2631/222/1871 2630/223/1871 2629/224/1871 2628/225/1871 2627/226/1871
f 2626/235/1872 2634/236/1872 2627/189/1872
f 2627/237/1873 2634/190/1873 2635/191/1873
f 2627/238/1874 2635/239/1874 2628/193/1874
f 2628/240/1874 2635/194/1874 2636/195/1874
f 2628/241/1875 2636/242/1875 2629/197/1875
f 2629/243/1875 2636/198/1875 2637/199/1875
f 2629/246/1876 2637/263/1876 2630/201/1876
f 2630/247/1876 2637/202/1876 2638/203/1876
f 2630/250/1877 2638/264/1877 2631/205/1877
f 2631/251/1877 2638/206/1877 2639/207/1877
f 2631/254/1878 2639/266/1878 2632/209/1878
f 2632/255/1878 2639/210/1878 2640/211/1878
f 2632/256/1879 2640/257/1879 2633/213/1879
f 2633/258/1880 2640/214/1880 2641/215/1880
f 2633/259/1881 2641/215/1881 2634/217/1881
f 2633/218/1882 2634/265/1882 2626/260/1882
f 2634/219/1883 2641/220/1883 2640/221/1883 2639/222/1883 2638/223/1883 2637/224/1883 2636/225/1883 2635/226/1883
f 2634/235/1884 2642/236/1884 2635/189/1884
f 2635/237/1885 2642/190/1885 2643/191/1885
f 2635/238/1874 2643/239/1874 2636/193/1874
f 2636/240/1874 2643/194/1874 2644/195/1874
f 2636/241/1875 2644/242/1875 2637/197/1875
f 2637/243/1886 2644/198/1886 2645/199/1886
f 2637/246/1876 2645/263/1876 2638/201/1876
f 2638/247/1876 2645/202/1876 2646/203/1876
f 2638/250/1877 2646/264/1877 2639/205/1877
f 2639/251/1887 2646/206/1887 2647/207/1887
f 2639/254/1878 2647/266/1878 2640/209/1878
f 2640/255/1888 2647/210/1888 2648/211/1888
f 2640/256/1889 2648/257/1889 2641/213/1889
f 2641/258/1890 2648/214/1890 2649/215/1890
f 2641/259/1891 2649/215/1891 2642/217/1891
f 2641/218/1892 2642/265/1892 2634/260/1892
f 2642/219/1893 2649/220/1893 2648/221/1893 2647/222/1893 2646/223/1893 2645/224/1893 2644/225/1893 2643/226/1893
f 2642/235/1894 2650/236/1894 2643/189/1894
f 2643/237/1895 2650/190/1895 2651/191/1895
f 2643/238/1896 2651/239/1896 2644/193/1896
f 2644/240/1897 2651/194/1897 2652/195/1897
f 2644/241/1898 2652/242/1898 2645/197/1898
f 2645/243/1899 2652/198/1899 2653/199/1899
f 2645/246/1900 2653/263/1900 2646/201/1900
f 2646/247/1900 2653/202/1900 2654/203/1900
f 2646/250/1901 2654/264/1901 2647/205/1901
f 2647/251/1902 2654/206/1902 2655/207/1902
f 2647/254/1903 2655/266/1903 2648/209/1903
f 2648/255/1904 2655/210/1904 2656/211/1904
f 2648/256/1905 2656/257/1905 2649/213/1905
f 2649/258/1906 2656/214/1906 2657/215/1906
f 2649/259/1907 2657/215/1907 2650/217/1907
f 2649/218/1908 2650/265/1908 2642/260/1908
f 2650/219/1909 2657/220/1909 2656/221/1909 2655/222/1909 2654/223/1909 2653/224/1909 2652/225/1909 2651/226/1909
f 2650/235/1910 2658/236/1910 2651/189/1910
f 2651/237/1911 2658/190/1911 2659/191/1911
f 2651/238/1912 2659/239/1912 2652/193/1912
f 2652/240/1912 2659/194/1912 2660/195/1912
f 2652/241/1913 2660/242/1913 2653/197/1913
f 2653/243/1914 2660/198/1914 2661/199/1914
f 2653/246/1915 2661/263/1915 2654/201/1915
f 2654/247/1915 2661/202/1915 2662/203/1915
f 2654/250/1916 2662/264/1916 2655/205/1916
f 2655/251/1916 2662/206/1916 2663/207/1916
f 2655/254/1917 2663/266/1917 2656/209/1917
f 2656/255/1917 2663/210/1917 2664/211/1917
f 2656/256/1918 2664/257/1918 2657/213/1918
f 2657/258/1919 2664/214/1919 2665/215/1919
f 2657/259/1920 2665/215/1920 2658/217/1920
f 2657/218/1921 2658/265/1921 2650/260/1921
f 2658/219/1922 2665/220/1922 2664/221/1922 2663/222/1922 2662/223/1922 2661/224/1922 2660/225/1922 2659/226/1922
f 2658/235/1923 2666/236/1923 2659/189/1923
f 2659/237/1924 2666/190/1924 2667/191/1924
f 2659/238/1925 2667/239/1925 2660/193/1925
f 2660/240/1925 2667/194/1925 2668/195/1925
f 2660/241/1926 2668/242/1926 2661/197/1926
f 2661/243/1927 2668/198/1927 2669/199/1927
f 2661/246/1928 2669/263/1928 2662/201/1928
f 2662/247/1929 2669/202/1929 2670/203/1929
f 2662/250/1930 2670/264/1930 2663/205/1930
f 2663/251/1931 2670/206/1931 2671/207/1931
f 2663/254/1932 2671/266/1932 2664/209/1932
f 2664/255/1932 2671/210/1932 2672/211/1932
f 2664/256/1933 2672/257/1933 2665/213/1933
f 2665/258/1934 2672/214/1934 2673/215/1934
f 2665/259/1935 2673/215/1935 2666/217/1935
f 2665/218/1936 2666/265/1936 2658/260/1936
f 2666/219/1937 2673/220/1937 2672/221/1937 2671/222/1937 2670/223/1937 2669/224/1937 2668/225/1937 2667/226/1937
f 2666/235/1938 2674/236/1938 2667/189/1938
f 2667/237/1939 2674/190/1939 2675/191/1939
f 2667/238/1940 2675/239/1940 2668/193/1940
f 2668/240/1941 2675/194/1941 2676/195/1941
f 2668/241/1942 2676/242/1942 2669/197/1942
f 2669/243/1943 2676/198/1943 2677/199/1943
f 2669/246/1929 2677/263/1929 2670/201/1929
f 2670/247/1944 2677/202/1944 2678/203/1944
f 2670/250/1931 2678/264/1931 2671/205/1931
f 2671/251/1930 2678/206/1930 2679/207/1930
f 2671/254/1945 2679/266/1945 2672/209/1945
f 2672/255/1946 2679/210/1946 2680/211/1946
f 2672/256/1947 2680/257/1947 2673/213/1947
f 2673/258/1948 2680/214/1948 2681/215/1948
f 2673/259/1949 2681/215/1949 2674/217/1949
f 2673/218/1950 2674/265/1950 2666/260/1950
f 2674/219/1951 2681/220/1951 2680/221/1951 2679/222/1951 2678/223/1951 2677/224/1951 2676/225/1951 2675/226/1951
f 2674/235/1952 2682/236/1952 2675/189/1952
f 2675/237/1953 2682/190/1953 2683/191/1953
f 2675/238/1941 2683/239/1941 2676/193/1941
f 2676/240/1954 2683/194/1954 2684/195/1954
f 2676/241/1955 2684/242/1955 2677/197/1955
f 2677/243/1956 2684/198/1956 2685/199/1956
f 2677/246/1957 2685/263/1957 2678/201/1957
f 2678/247/1958 2685/202/1958 2686/203/1958
f 2678/250/1959 2686/264/1959 2679/205/1959
f 2679/251/1960 2686/206/1960 2687/207/1960
f 2679/254/1961 2687/266/1961 2680/209/1961
f 2680/255/1962 2687/210/1962 2688/211/1962
f 2680/256/1963 2688/257/1963 2681/213/1963
f 2681/258/1964 2688/214/1964 2689/215/1964
f 2681/259/1965 2689/215/1965 2682/217/1965
f 2681/218/1966 2682/265/1966 2674/260/1966
f 2682/219/1967 2689/220/1967 2688/221/1967 2687/222/1967 2686/223/1967 2685/224/1967 2684/225/1967 2683/226/1967
f 2682/235/1968 2690/236/1968 2683/189/1968
f 2683/237/1969 2690/190/1969 2691/191/1969
f 2683/238/1970 2691/239/1970 2684/193/1970
f 2684/240/1971 2691/194/1971 2692/195/1971
f 2684/297/1972 2692/298/1972 2685/241/1972
f 2685/243/1973 2692/198/1973 2693/199/1973
f 2685/244/1974 2693/245/1974 2686/246/1974
f 2686/247/1975 2693/202/1975 2694/203/1975
f 2686/248/1976 2694/249/1976 2687/250/1976
f 2687/251/1977 2694/206/1977 2695/207/1977
f 2687/254/1978 2695/266/1978 2688/209/1978
f 2688/255/1979 2695/210/1979 2696/211/1979
f 2688/256/1980 2696/257/1980 2689/213/1980
f 2689/258/1981 2696/214/1981 2697/215/1981
f 2689/259/1982 2697/215/1982 2690/217/1982
f 2690/219/1983 2697/220/1983 2696/221/1983 2695/222/1983 2694/223/1983 2693/224/1983 2692/225/1983 2691/226/1983
f 2689/260/1984 2690/261/1984 2682/262/1984
f 2690/269/1985 2698/270/1985 2691/235/1985
f 2691/237/1986 2698/190/1986 2699/191/1986
f 2691/299/1987 2699/300/1987 2692/238/1987
f 2692/240/1988 2699/194/1988 2700/195/1988
f 2692/241/1989 2700/242/1989 2693/197/1989
f 2693/243/1990 2700/198/1990 2701/199/1990
f 2693/246/1991 2701/263/1991 2694/201/1991
f 2694/247/1992 2701/202/1992 2702/203/1992
f 2694/250/1993 2702/264/1993 2695/205/1993
f 2695/251/1994 2702/206/1994 2703/207/1994
f 2695/254/1995 2703/266/1995 2696/209/1995
f 2696/255/1996 2703/210/1996 2704/211/1996
f 2696/256/1997 2704/257/1997 2697/213/1997
f 2697/258/1998 2704/214/1998 2705/215/1998
f 2697/259/1999 2705/215/1999 2698/217/1999
f 2697/218/2000 2698/265/2000 2690/260/2000
f 2698/219/2001 2705/220/2001 2704/221/2001 2703/222/2001 2702/223/2001 2701/224/2001 2700/225/2001 2699/226/2001
f 2698/235/2002 2706/236/2002 2699/189/2002
f 2699/237/2003 2706/190/2003 2707/191/2003
f 2699/238/2004 2707/239/2004 2700/193/2004
f 2700/240/2005 2707/194/2005 2708/195/2005
f 2700/241/2006 2708/242/2006 2701/197/2006
f 2701/243/2006 2708/198/2006 2709/199/2006
f 2701/246/1991 2709/263/1991 2702/201/1991
f 2702/247/1991 2709/202/1991 2710/203/1991
f 2702/250/2007 2710/264/2007 2703/205/2007
f 2703/251/2008 2710/206/2008 2711/207/2008
f 2703/254/2009 2711/266/2009 2704/209/2009
f 2704/255/2010 2711/210/2010 2712/211/2010
f 2704/256/2011 2712/257/2011 2705/213/2011
f 2705/258/2012 2712/214/2012 2713/215/2012
f 2705/259/2013 2713/215/2013 2706/217/2013
f 2705/218/2014 2706/265/2014 2698/260/2014
f 2706/219/2015 2713/220/2015 2712/221/2015 2711/222/2015 2710/223/2015 2709/224/2015 2708/225/2015 2707/226/2015
f 2706/235/2016 2714/236/2016 2707/189/2016
f 2707/237/2017 2714/190/2017 2715/191/2017
f 2707/238/2018 2715/239/2018 2708/193/2018
f 2708/240/2019 2715/194/2019 2716/195/2019
f 2708/241/2020 2716/242/2020 2709/197/2020
f 2709/243/2021 2716/198/2021 2717/199/2021
f 2709/246/2022 2717/263/2022 2710/201/2022
f 2710/247/2023 2717/202/2023 2718/203/2023
f 2710/250/2024 2718/264/2024 2711/205/2024
f 2711/251/2025 2718/206/2025 2719/207/2025
f 2711/254/2026 2719/266/2026 2712/209/2026
f 2712/255/2027 2719/210/2027 2720/211/2027
f 2712/256/2028 2720/257/2028 2713/213/2028
f 2713/258/2029 2720/214/2029 2721/215/2029
f 2713/259/2030 2721/215/2030 2714/217/2030
f 2713/218/2031 2714/265/2031 2706/260/2031
f 2714/219/2032 2721/220/2032 2720/221/2032 2719/222/2032 2718/223/2032 2717/224/2032 2716/225/2032 2715/226/2032
f 2714/235/2033 2722/236/2033 2715/189/2033
f 2715/237/2034 2722/190/2034 2723/191/2034
f 2715/238/2035 2723/239/2035 2716/193/2035
f 2716/240/2036 2723/194/2036 2724/195/2036
f 2716/297/2037 2724/298/2037 2717/241/2037
f 2717/243/2038 2724/198/2038 2725/199/2038
f 2717/244/2039 2725/245/2039 2718/246/2039
f 2718/247/2040 2725/202/2040 2726/203/2040
f 2718/248/2041 2726/249/2041 2719/250/2041
f 2719/251/2042 2726/206/2042 2727/207/2042
f 2719/254/2043 2727/266/2043 2720/209/2043
f 2720/255/2044 2727/210/2044 2728/211/2044
f 2720/256/2045 2728/257/2045 2721/213/2045
f 2721/258/2046 2728/214/2046 2729/215/2046
f 2721/259/2047 2729/215/2047 2722/217/2047
f 2722/219/2048 2729/220/2048 2728/221/2048 2727/222/2048 2726/223/2048 2725/224/2048 2724/225/2048 2723/226/2048
f 2721/260/2049 2722/261/2049 2714/262/2049
f 2722/235/2050 2730/236/2050 2723/189/2050
f 2723/237/2051 2730/190/2051 2731/191/2051
f 2723/299/2052 2731/300/2052 2724/238/2052
f 2724/240/2053 2731/194/2053 2732/195/2053
f 2724/241/2054 2732/242/2054 2725/197/2054
f 2725/243/2055 2732/198/2055 2733/199/2055
f 2725/246/2056 2733/263/2056 2726/201/2056
f 2726/247/2057 2733/202/2057 2734/203/2057
f 2726/250/2058 2734/264/2058 2727/205/2058
f 2727/251/2059 2734/206/2059 2735/207/2059
f 2727/254/2060 2735/266/2060 2728/209/2060
f 2728/255/2061 2735/210/2061 2736/211/2061
f 2728/256/2062 2736/257/2062 2729/213/2062
f 2729/258/2063 2736/214/2063 2737/215/2063
f 2729/259/2064 2737/215/2064 2730/217/2064
f 2729/218/2065 2730/265/2065 2722/260/2065
f 2730/219/2066 2737/220/2066 2736/221/2066 2735/222/2066 2734/223/2066 2733/224/2066 2732/225/2066 2731/226/2066
f 2730/269/2067 2738/270/2067 2731/235/2067
f 2731/237/2068 2738/190/2068 2739/191/2068
f 2731/299/2069 2739/300/2069 2732/238/2069
f 2732/240/2070 2739/194/2070 2740/195/2070
f 2732/241/2071 2740/242/2071 2733/197/2071
f 2733/243/2072 2740/198/2072 2741/199/2072
f 2733/246/2073 2741/263/2073 2734/201/2073
f 2734/247/2074 2741/202/2074 2742/203/2074
f 2734/250/2075 2742/264/2075 2735/205/2075
f 2735/251/2076 2742/206/2076 2743/207/2076
f 2735/254/2077 2743/266/2077 2736/209/2077
f 2736/255/2078 2743/210/2078 2744/211/2078
f 2736/256/2079 2744/257/2079 2737/213/2079
f 2737/258/2080 2744/214/2080 2745/215/2080
f 2737/259/2081 2745/215/2081 2738/217/2081
f 2737/218/2082 2738/265/2082 2730/260/2082
f 2738/219/2083 2745/220/2083 2744/221/2083 2743/222/2083 2742/223/2083 2741/224/2083 2740/225/2083 2739/226/2083
f 2738/235/2084 2746/236/2084 2739/189/2084
f 2739/237/2085 2746/190/2085 2747/191/2085
f 2739/238/2086 2747/239/2086 2740/193/2086
f 2740/240/2087 2747/194/2087 2748/195/2087
f 2740/241/2088 2748/242/2088 2741/197/2088
f 2741/243/2089 2748/198/2089 2749/199/2089
f 2741/246/2090 2749/263/2090 2742/201/2090
f 2742/247/2091 2749/202/2091 2750/203/2091
f 2742/250/2092 2750/264/2092 2743/205/2092
f 2743/251/2093 2750/206/2093 2751/207/2093
f 2743/254/2094 2751/266/2094 2744/209/2094
f 2744/255/2095 2751/210/2095 2752/211/2095
f 2744/256/2096 2752/257/2096 2745/213/2096
f 2745/258/2097 2752/214/2097 2753/215/2097
f 2745/259/2098 2753/215/2098 2746/217/2098
f 2745/218/2099 2746/265/2099 2738/260/2099
f 2746/219/2100 2753/220/2100 2752/221/2100 2751/222/2100 2750/223/2100 2749/224/2100 2748/225/2100 2747/226/2100
f 2746/235/2101 2754/236/2101 2747/189/2101
f 2747/237/2102 2754/190/2102 2755/191/2102
f 2747/238/2103 2755/239/2103 2748/193/2103
f 2748/240/2104 2755/194/2104 2756/195/2104
f 2748/297/2105 2756/298/2105 2749/241/2105
f 2749/243/2106 2756/198/2106 2757/199/2106
f 2749/244/2107 2757/245/2107 2750/246/2107
f 2750/247/2108 2757/202/2108 2758/203/2108
f 2750/250/2109 2758/264/2109 2751/205/2109
f 2751/251/2110 2758/206/2110 2759/207/2110
f 2751/254/2111 2759/266/2111 2752/209/2111
f 2752/255/2112 2759/210/2112 2760/211/2112
f 2752/256/2113 2760/257/2113 2753/213/2113
f 2753/258/2114 2760/214/2114 2761/215/2114
f 2753/259/2115 2761/215/2115 2754/217/2115
f 2753/218/2116 2754/265/2116 2746/260/2116
f 2754/219/2117 2761/220/2117 2760/221/2117 2759/222/2117 2758/223/2117 2757/224/2117 2756/225/2117 2755/226/2117
f 2754/235/2118 2762/236/2118 2755/189/2118
f 2755/237/2119 2762/190/2119 2763/191/2119
f 2755/238/2120 2763/239/2120 2756/193/2120
f 2756/240/2121 2763/194/2121 2764/195/2121
f 2756/297/2122 2764/298/2122 2757/241/2122
f 2757/243/2123 2764/198/2123 2765/199/2123
f 2757/244/2124 2765/245/2124 2758/246/2124
f 2758/247/2125 2765/202/2125 2766/203/2125
f 2758/248/2126 2766/249/2126 2759/250/2126
f 2759/251/2127 2766/206/2127 2767/207/2127
f 2759/254/2128 2767/266/2128 2760/209/2128
f 2760/255/2129 2767/210/2129 2768/211/2129
f 2760/256/2130 2768/257/2130 2761/213/2130
f 2761/258/2131 2768/214/2131 2769/215/2131
f 2761/259/2132 2769/215/2132 2762/217/2132
f 2762/219/2133 2769/220/2133 2768/221/2133 2767/222/2133 2766/223/2133 2765/224/2133 2764/225/2133 2763/226/2133
f 2761/260/2134 2762/261/2134 2754/262/2134
o BézierCurve.003
v 2.733374 4.963469 -23.951309
v 2.733374 3.911459 -21.042931
v 2.733374 3.224611 -18.094254
v 2.733373 2.850757 -15.064974
v 2.733373 2.737732 -11.914791
v 2.733373 2.833369 -8.603405
v 2.733373 3.085505 -5.090514
v 2.733372 3.441971 -1.335819
v 2.733372 3.850603 2.700982
v 2.733372 4.259235 7.060190
v 2.733371 4.615702 11.782105
v 2.733371 4.867837 16.907030
v 2.733371 4.963475 22.475266
l 2770 2771
l 2771 2772
l 2772 2773
l 2773 2774
l 2774 2775
l 2775 2776
l 2776 2777
l 2777 2778
l 2778 2779
l 2779 2780
l 2780 2781
l 2781 2782
o Cylinder.004
v -3.119193 5.096461 -24.259544
v -3.116333 4.851310 -23.704241
v -3.197311 4.993536 -24.899078
v -3.183933 4.767229 -24.289164
v -3.322344 4.984781 -24.953480
v -3.306563 4.749544 -24.396093
v -3.419463 5.041447 -24.601381
v -3.410524 4.799487 -24.090574
v -3.431777 5.130339 -24.049040
v -3.435609 4.879421 -23.564726
v -3.352074 5.199385 -23.620010
v -3.372632 4.960949 -23.135357
v -3.227041 5.208140 -23.565607
v -3.242822 4.980443 -22.987907
v -3.155772 5.181007 -23.734203
v -3.149395 4.963412 -23.252039
v -3.116582 4.665660 -23.144394
v -3.183933 4.570622 -23.746334
v -3.306563 4.552485 -23.852106
v -3.410524 4.603725 -23.549818
v -3.434916 4.694327 -23.016544
v -3.365452 4.771218 -22.564672
v -3.242822 4.789355 -22.458899
v -3.156914 4.774277 -22.678102
v -3.116582 4.472095 -22.604958
v -3.183933 4.374074 -23.203131
v -3.306563 4.355494 -23.307688
v -3.410524 4.408002 -23.008810
v -3.434916 4.500841 -22.481583
v -3.365452 4.579626 -22.034843
v -3.242822 4.598206 -21.930288
v -3.156914 4.580823 -22.156246
v -3.116582 4.278546 -22.065533
v -3.183933 4.177586 -22.659573
v -3.306563 4.158574 -22.762846
v -3.410524 4.212322 -22.467558
v -3.434916 4.307344 -21.946682
v -3.365452 4.387977 -21.505344
v -3.242822 4.406989 -21.402069
v -3.156915 4.387283 -21.634567
v -3.116333 4.087338 -21.489183
v -3.176754 3.989858 -22.095329
v -3.306563 3.961733 -22.217607
v -3.410524 4.016687 -21.926075
v -3.434916 4.113834 -21.411852
v -3.365452 4.196268 -20.976156
v -3.242822 4.215700 -20.874218
v -3.156915 4.193655 -21.113043
v -3.116582 3.898434 -20.951084
v -3.183933 3.792670 -21.526865
v -3.306563 3.772694 -21.626909
v -3.410524 3.829042 -21.340111
v -3.434916 3.928708 -20.834478
v -3.365452 4.013307 -20.406200
v -3.242822 4.033282 -20.306158
v -3.156915 4.013103 -20.529837
v -3.116582 3.728392 -20.291018
v -3.183933 3.619277 -20.852316
v -3.306563 3.598636 -20.949785
v -3.410524 3.656785 -20.669710
v -3.434916 3.759663 -20.176157
v -3.365452 3.847004 -19.758242
v -3.242822 3.867646 -19.660772
v -3.156915 3.847055 -19.877436
v -3.116582 3.566781 -19.587980
v -3.183933 3.452872 -20.138367
v -3.306563 3.431566 -20.232956
v -3.410524 3.491641 -19.960913
v -3.434917 3.597904 -19.481594
v -3.365452 3.688108 -19.075783
v -3.242822 3.709414 -18.981194
v -3.156915 3.684488 -19.207649
v -3.116333 3.408841 -18.848099
v -3.176754 3.295450 -19.408619
v -3.306563 3.264777 -19.514858
v -3.410524 3.326663 -19.251364
v -3.434917 3.436112 -18.787191
v -3.365453 3.529009 -18.394251
v -3.247464 3.549023 -18.278330
v -3.167599 3.530181 -18.525253
v -3.116582 3.250588 -18.154882
v -3.183933 3.128722 -18.672552
v -3.306563 3.106119 -18.760273
v -3.410524 3.169850 -18.506758
v -3.434917 3.282582 -18.060511
v -3.365453 3.378279 -17.682936
v -3.247464 3.398712 -17.571297
v -3.167598 3.380311 -17.810736
v -3.116333 3.111772 -17.337078
v -3.183933 2.994991 -17.814827
v -3.306563 2.971584 -17.897114
v -3.410524 3.037473 -17.657377
v -3.435609 3.146001 -17.235052
v -3.376830 3.242038 -16.917629
v -3.247464 3.273296 -16.777098
v -3.149395 3.241395 -17.052206
v -3.116582 3.010601 -16.420324
v -3.183933 2.879250 -16.878624
v -3.306564 2.855092 -16.954672
v -3.410524 2.923229 -16.732294
v -3.434917 3.043748 -16.341755
v -3.365453 3.146049 -16.011827
v -3.339052 3.298629 -16.941572
v -3.247464 3.168811 -15.909401
v -3.210334 3.298629 -16.941572
v -3.167599 3.144346 -16.146278
v -3.116334 2.907324 -15.475592
v -3.176754 2.772248 -15.936367
v -3.306564 2.739539 -16.009317
v -3.413760 2.816048 -15.807138
v -3.434242 2.942712 -15.394440
v -3.365453 3.038428 -15.145649
v -3.247464 3.063629 -15.044535
v -3.167599 3.028889 -15.300291
v -3.117877 2.806442 -14.558456
v -3.190945 2.674339 -14.901663
v -3.306564 2.658124 -14.962437
v -3.407732 2.722933 -14.773487
v -3.434917 2.839671 -14.501459
v -3.376830 2.952105 -14.222364
v -3.247464 2.986761 -14.109953
v -3.149395 2.947867 -14.359493
v -3.116582 2.782950 -13.423172
v -3.183934 2.640975 -13.751076
v -3.306564 2.615231 -13.802248
v -3.410525 2.688231 -13.647524
v -3.434917 2.817214 -13.377537
v -3.369224 2.922793 -13.128202
v -3.339053 3.007389 -14.304041
v -3.247464 2.952215 -13.069721
v -3.210334 3.007389 -14.304041
v -3.156915 2.910649 -13.286449
v -3.116334 2.757055 -12.283777
v -3.176754 2.612283 -12.595226
v -3.306564 2.578785 -12.631089
v -3.413760 2.658480 -12.513890
v -3.434242 2.793467 -12.241477
v -3.365453 2.892934 -12.100130
v -3.339053 2.953428 -13.306158
v -3.247464 2.920588 -12.026011
v -3.210334 2.953428 -13.306158
v -3.167599 2.877508 -12.251272
v -3.117878 2.735982 -11.170290
v -3.190945 2.599498 -11.359828
v -3.306564 2.581444 -11.403460
v -3.407732 2.649820 -11.288362
v -3.434917 2.768302 -11.153918
v -3.376830 2.883616 -11.005615
v -3.247464 2.920960 -10.931939
v -3.149395 2.870703 -11.144071
v -3.116583 2.787427 -9.939641
v -3.183934 2.643323 -10.105663
v -3.306564 2.617704 -10.127272
v -3.410525 2.690930 -10.056704
v -3.434917 2.820106 -9.935297
v -3.369225 2.927606 -9.806223
v -3.339053 2.925534 -11.161841
v -3.247464 2.956885 -9.781527
v -3.210334 2.925534 -11.161841
v -3.156915 2.907191 -9.956410
v -3.116583 2.834331 -8.720831
v -3.183934 2.691477 -8.836209
v -3.306564 2.666234 -8.848913
v -3.410525 2.738490 -8.804889
v -3.434917 2.865919 -8.729925
v -3.369225 2.972587 -8.638727
v -3.339053 2.943256 -10.029806
v -3.247464 3.001437 -8.624208
v -3.210334 2.943256 -10.029806
v -3.156916 2.949595 -8.784460
v -3.116334 2.901650 -7.472244
v -3.183934 2.767414 -7.563504
v -3.306564 2.742562 -7.569266
v -3.410525 2.813688 -7.547013
v -3.435610 2.935090 -7.483387
v -3.376831 3.033853 -7.481313
v -3.339053 2.982891 -8.872396
v -3.253515 3.069083 -7.496442
v -3.210334 2.982891 -8.872396
v -3.149396 3.012863 -7.607418
v -3.116583 2.997540 -6.252474
v -3.183934 2.858619 -6.289857
v -3.306564 2.834211 -6.289219
v -3.410525 2.904142 -6.285178
v -3.434918 3.027447 -6.280100
v -3.365453 3.131895 -6.276960
v -3.242823 3.156303 -6.277598
v -3.156916 3.106260 -6.379292
v -3.116583 3.095384 -5.016320
v -3.183934 2.958729 -5.023486
v -3.306564 2.934707 -5.017950
v -3.410525 3.003445 -5.029700
v -3.434918 3.124678 -5.051853
v -3.365453 3.227388 -5.071434
v -3.242823 3.251410 -5.076970
v -3.156916 3.202072 -5.167612
v -3.116583 3.206710 -3.784085
v -3.183935 3.071987 -3.771322
v -3.306565 3.048232 -3.762684
v -3.410525 3.116096 -3.784844
v -3.434918 3.235826 -3.824821
v -3.365454 3.337286 -3.859196
v -3.242824 3.361041 -3.867834
v -3.156916 3.313114 -3.950489
v -3.116583 3.324197 -2.553385
v -3.183935 3.190194 -2.525543
v -3.306565 3.166683 -2.514243
v -3.410525 3.233862 -2.543989
v -3.434918 3.352378 -2.597358
v -3.365454 3.452806 -2.643085
v -3.242824 3.476316 -2.654385
v -3.156916 3.426925 -2.731663
v -3.116583 3.443928 -1.324063
v -3.183935 3.310824 -1.284840
v -3.306565 3.287472 -1.271883
v -3.410526 3.354091 -1.307578
v -3.434918 3.471657 -1.371017
v -3.365454 3.571301 -1.425038
v -3.242824 3.594653 -1.437996
v -3.156916 3.545222 -1.510134
v -3.116584 3.567017 -0.096868
v -3.183935 3.434439 -0.054094
v -3.306565 3.411112 -0.040877
v -3.410526 3.477534 -0.078607
v -3.434918 3.594797 -0.145181
v -3.365454 3.694209 -0.201601
v -3.242824 3.717536 -0.214818
v -3.156916 3.668882 -0.284601
v -3.116584 3.691153 1.129695
v -3.183935 3.558545 1.171902
v -3.306565 3.535208 1.185018
v -3.410526 3.601658 1.147573
v -3.434918 3.718969 1.081499
v -3.365454 3.818423 1.025504
v -3.242824 3.841760 1.012387
v -3.156916 3.793158 0.942392
v -3.116584 3.814798 2.356534
v -3.183935 3.681967 2.397271
v -3.306565 3.658594 2.410013
v -3.410526 3.725115 2.373298
v -3.434918 3.842564 2.308632
v -3.365454 3.942140 2.253897
v -3.242824 3.965514 2.241155
v -3.156916 3.916678 2.171207
v -3.116584 3.935119 3.585293
v -3.183935 3.801360 3.619622
v -3.306565 3.777833 3.630752
v -3.410526 3.844659 3.597228
v -3.434918 3.962692 3.538689
v -3.365454 4.062790 3.489426
v -3.242824 4.086317 3.478298
v -3.156916 4.036540 3.408485
v -3.116584 4.050097 4.817035
v -3.183935 3.915765 4.840005
v -3.306565 3.892053 4.849131
v -3.410526 3.959411 4.821310
v -3.434918 4.078382 4.772835
v -3.365454 4.179274 4.732107
v -3.242824 4.202985 4.722980
v -3.156917 4.154277 4.649056
v -3.116584 4.165069 6.048736
v -3.183935 4.030207 6.060371
v -3.306565 4.006318 6.067491
v -3.410526 4.074188 6.045379
v -3.434919 4.194061 6.006984
v -3.365454 4.295717 5.974802
v -3.242824 4.319606 5.967680
v -3.156917 4.271989 5.889757
v -3.116584 4.274503 7.281799
v -3.183935 4.137879 7.280336
v -3.306566 4.113770 7.284854
v -3.410526 4.182212 7.269423
v -3.434919 4.303111 7.243081
v -3.365454 4.405647 7.221261
v -3.242824 4.429756 7.216744
v -3.156917 4.379949 7.135986
v -3.116584 4.371940 8.517885
v -3.183935 4.234050 8.499739
v -3.306566 4.209694 8.501133
v -3.410526 4.278823 8.494207
v -3.434919 4.400942 8.483025
v -3.365455 4.504515 8.474131
v -3.242824 4.528871 8.472738
v -3.156917 4.478911 8.387362
v -3.116584 4.464559 9.755068
v -3.183936 4.326093 9.718893
v -3.306566 4.301499 9.717049
v -3.410527 4.371323 9.719337
v -3.434919 4.494662 9.724413
v -3.365455 4.599266 9.729307
v -3.242825 4.623860 9.731148
v -3.156917 4.575790 9.640093
v -3.116584 4.557165 10.992149
v -3.183936 4.418236 10.938057
v -3.306566 4.393423 10.932981
v -3.407734 4.461029 10.970770
v -3.434381 4.576746 10.942986
v -3.365455 4.693906 10.984476
v -3.242825 4.718719 10.989550
v -3.156917 4.672594 10.893114
v -3.116585 4.638581 12.226274
v -3.183936 4.496995 12.152611
v -3.306566 4.471963 12.143959
v -3.410527 4.543046 12.165215
v -3.434919 4.668605 12.203922
v -3.365455 4.775089 12.237410
v -3.242825 4.800121 12.246059
v -3.156917 4.749290 12.142979
v -3.116585 4.701337 13.455542
v -3.183936 4.559046 13.361313
v -3.306566 4.533808 13.348902
v -3.410527 4.605497 13.380781
v -3.434919 4.732120 13.438284
v -3.365455 4.839503 13.487717
v -3.242825 4.864741 13.500130
v -3.156917 4.814950 13.391363
v -3.116585 4.760845 14.683832
v -3.183936 4.618450 14.569061
v -3.306566 4.593030 14.552877
v -3.410527 4.665260 14.595518
v -3.434919 4.792830 14.672014
v -3.365455 4.901010 14.737549
v -3.242825 4.926430 14.753738
v -3.156917 4.879124 14.639887
v -3.116585 4.820338 15.911976
v -3.183936 4.677996 15.776903
v -3.306566 4.652421 15.756964
v -3.407735 4.721328 15.833557
v -3.434381 4.842177 15.877048
v -3.365455 4.962358 15.987278
v -3.242825 4.987932 16.007219
v -3.156918 4.943176 15.888723
v -3.116585 4.868739 17.130405
v -3.183936 4.724391 16.973568
v -3.306566 4.698692 16.949945
v -3.410527 4.771771 17.013866
v -3.434920 4.900820 17.127884
v -3.365455 5.010243 17.225206
v -3.242825 5.035943 17.248827
v -3.156918 4.987144 17.120384
v -3.116585 4.896126 18.330555
v -3.183936 4.751014 18.153410
v -3.306566 4.725216 18.126167
v -3.410527 4.798599 18.200443
v -3.434920 4.928176 18.332729
v -3.365455 5.038043 18.445530
v -3.242825 5.063840 18.472771
v -3.156918 5.014298 18.337753
v -3.116585 4.915701 19.523830
v -3.183936 4.771091 19.327677
v -3.306566 4.745221 19.296841
v -3.410527 4.818832 19.381371
v -3.434920 4.948804 19.531742
v -3.365456 5.059002 19.659876
v -3.242825 5.084872 19.690708
v -3.156918 5.037993 19.552486
v -3.116585 4.935265 20.716970
v -3.183937 4.791304 20.502094
v -3.306567 4.765388 20.467699
v -3.410527 4.839155 20.562395
v -3.434920 4.969391 20.730713
v -3.365456 5.079807 20.874052
v -3.242826 5.105723 20.908447
v -3.156918 5.061561 20.767454
v -3.116337 4.947812 21.918234
v -3.183937 4.811654 21.676718
v -3.306567 4.785719 21.638805
v -3.407735 4.854498 21.762028
v -3.434920 4.972825 21.904032
v -3.372635 5.092843 22.058119
v -3.242826 5.126394 22.125916
v -3.149398 5.074378 21.949886
v -3.119196 4.963475 23.233831
v -3.197315 4.809529 23.003565
v -3.322348 4.796434 22.983976
v -3.419466 4.881189 23.110750
v -3.431781 5.014147 23.309624
v -3.352077 5.117422 23.464098
v -3.227045 5.130517 23.483683
v -3.155776 5.089933 23.422981
vn 0.9789 -0.1845 -0.0883
vn 0.3247 -0.8768 -0.3548
vn -0.8640 -0.4668 -0.1885
vn -0.9978 -0.0610 -0.0251
vn -0.9566 0.2691 0.1118
vn -0.3801 0.8517 0.3607
vn 0.7902 0.5625 0.2433
vn 0.9914 0.1228 0.0459
vn 0.0158 -0.9856 0.1682
vn -0.0000 0.9873 -0.1589
vn 0.9685 -0.2364 -0.0780
vn 0.9748 -0.2097 -0.0760
vn 0.3970 -0.8630 -0.3126
vn 0.3972 -0.8629 -0.3126
vn -0.8237 -0.5331 -0.1931
vn -0.8238 -0.5330 -0.1930
vn -0.9952 -0.0924 -0.0334
vn -0.9953 -0.0922 -0.0299
vn -0.9601 0.2646 0.0906
vn -0.9578 0.2690 0.1015
vn -0.4523 0.8446 0.2865
vn -0.3967 0.8634 0.3119
vn 0.7494 0.6227 0.2249
vn 0.7052 0.6706 0.2302
vn 0.9901 0.1292 0.0555
vn 0.0124 -0.9850 0.1720
vn 0.9914 0.1243 0.0417
vn 0.9745 -0.2110 -0.0757
vn 0.9750 -0.2088 -0.0756
vn 0.3970 -0.8631 -0.3123
vn 0.3970 -0.8630 -0.3123
vn -0.8237 -0.5332 -0.1929
vn -0.8238 -0.5331 -0.1929
vn -0.9958 -0.0857 -0.0310
vn -0.9559 0.2763 0.0999
vn -0.3969 0.8632 0.3121
vn 0.7184 0.6542 0.2366
vn 0.7411 0.6295 0.2334
vn 0.9880 0.1449 0.0537
vn 0.9882 0.1444 0.0518
vn 0.0125 -0.9840 0.1780
vn 0.9748 -0.2100 -0.0753
vn 0.9752 -0.2081 -0.0752
vn 0.3968 -0.8632 -0.3120
vn 0.3966 -0.8633 -0.3120
vn -0.8236 -0.5334 -0.1928
vn -0.8236 -0.5334 -0.1929
vn -0.9559 0.2762 0.0999
vn -0.9559 0.2762 0.1000
vn -0.3971 0.8630 0.3124
vn -0.3969 0.8630 0.3124
vn 0.7355 0.6371 0.2306
vn 0.7564 0.6132 0.2275
vn 0.9874 0.1483 0.0550
vn 0.9876 0.1477 0.0530
vn 0.0127 -0.9828 0.1841
vn 0.9730 -0.2190 -0.0731
vn 0.9824 -0.1731 -0.0701
vn 0.3847 -0.8744 -0.2958
vn 0.4639 -0.8333 -0.3008
vn -0.8234 -0.5338 -0.1927
vn -0.8232 -0.5339 -0.1929
vn -0.9958 -0.0858 -0.0310
vn -0.9559 0.2763 0.1000
vn -0.9558 0.2763 0.1001
vn -0.3971 0.8629 0.3126
vn -0.3967 0.8630 0.3128
vn 0.7511 0.6207 0.2249
vn 0.7703 0.5978 0.2219
vn 0.9849 0.1625 0.0603
vn 0.9859 0.1587 0.0522
vn 0.0101 -0.9819 0.1891
vn 0.9792 -0.1916 -0.0668
vn 0.9691 -0.2367 -0.0699
vn 0.4532 -0.8439 -0.2870
vn 0.3744 -0.8831 -0.2826
vn -0.8053 -0.5647 -0.1807
vn -0.8051 -0.5648 -0.1809
vn -0.9952 -0.0927 -0.0297
vn -0.9501 0.2971 0.0953
vn -0.9500 0.2972 0.0954
vn -0.3753 0.8825 0.2833
vn -0.3750 0.8826 0.2834
vn 0.7382 0.6423 0.2063
vn 0.7051 0.6774 0.2097
vn 0.9855 0.1622 0.0502
vn 0.9842 0.1668 0.0590
vn 0.0139 -0.9800 0.1984
vn 0.9645 -0.2557 -0.0659
vn 0.9643 -0.2563 -0.0659
vn 0.3394 -0.9110 -0.2342
vn 0.3395 -0.9110 -0.2342
vn -0.7713 -0.6165 -0.1585
vn -0.7714 -0.6163 -0.1584
vn -0.9940 -0.1056 -0.0271
vn -0.9383 0.3350 0.0860
vn -0.9383 0.3349 0.0860
vn -0.3392 0.9112 0.2339
vn -0.3392 0.9112 0.2338
vn 0.6584 0.7290 0.1871
vn 0.6496 0.7368 0.1875
vn 0.9832 0.1771 0.0451
vn 0.9830 0.1776 0.0458
vn 0.0147 -0.9777 0.2093
vn 0.9604 -0.2716 -0.0624
vn 0.9616 -0.2674 -0.0623
vn 0.3256 -0.9208 -0.2146
vn 0.3255 -0.9209 -0.2146
vn -0.7564 -0.6371 -0.1485
vn -0.7565 -0.6370 -0.1484
vn -0.9935 -0.1112 -0.0259
vn -0.9328 0.3509 0.0817
vn -0.9329 0.3509 0.0817
vn -0.3255 0.9209 0.2144
vn -0.3254 0.9209 0.2144
vn 0.6272 0.7585 0.1766
vn 0.6705 0.7210 0.1750
vn 0.9810 0.1884 0.0457
vn 0.9818 0.1853 0.0426
vn 0.0151 -0.9749 0.2220
vn 0.9586 -0.2783 -0.0597
vn 0.9719 -0.2278 -0.0587
vn 0.3175 -0.9263 -0.2029
vn 0.3836 -0.8996 -0.2089
vn -0.7560 -0.6376 -0.1481
vn -0.7557 -0.6379 -0.1483
vn -0.9934 -0.1113 -0.0259
vn -0.9934 -0.1114 -0.0259
vn -0.9329 0.3508 0.0817
vn -0.9328 0.3510 0.0819
vn -0.3257 0.9207 0.2149
vn -0.3566 0.9113 0.2056
vn 0.6621 0.7296 0.1709
vn 0.6907 0.7029 0.1698
vn 0.9707 0.2308 0.0674
vn 0.9791 0.1992 0.0422
vn 0.0171 -0.9724 0.2325
vn 0.9684 -0.2432 -0.0552
vn 0.9556 -0.2893 -0.0562
vn 0.3780 -0.9037 -0.2010
vn 0.3113 -0.9300 -0.1955
vn -0.7412 -0.6570 -0.1381
vn -0.7407 -0.6574 -0.1385
vn -0.9928 -0.1169 -0.0246
vn -0.9928 -0.1170 -0.0247
vn -0.9273 0.3662 0.0774
vn -0.9272 0.3665 0.0777
vn -0.3467 0.9176 0.1944
vn -0.3438 0.9185 0.1953
vn 0.6579 0.7366 0.1566
vn 0.6436 0.7491 0.1571
vn 0.9683 0.2446 0.0513
vn 0.9657 0.2532 0.0582
vn 0.0226 -0.9680 0.2500
vn 0.9510 -0.3047 -0.0520
vn 0.9416 -0.3328 -0.0519
vn 0.2806 -0.9484 -0.1479
vn 0.2802 -0.9485 -0.1478
vn -0.7004 -0.7052 -0.1099
vn -0.9910 -0.1326 -0.0207
vn -0.9903 -0.1373 -0.0235
vn -0.9129 0.4028 0.0659
vn -0.9218 0.3837 0.0546
vn -0.3150 0.9352 0.1618
vn -0.3779 0.9145 0.1444
vn 0.5708 0.8110 0.1281
vn 0.6129 0.7797 0.1281
vn 0.9766 0.2143 0.0158
vn 0.9641 0.2620 0.0442
vn 0.0289 -0.9620 0.2717
vn 0.9278 -0.3707 -0.0407
vn 0.9406 -0.3370 -0.0417
vn 0.2623 -0.9577 -0.1184
vn 0.2621 -0.9578 -0.1184
vn -0.6738 -0.7333 -0.0906
vn -0.6741 -0.7331 -0.0905
vn -0.9879 -0.1542 -0.0190
vn -0.9889 -0.1478 -0.0162
vn -0.9136 0.4040 0.0469
vn -0.9015 0.4290 0.0568
vn -0.8154 0.5744 0.0711
vn -0.0170 0.9867 0.1614
vn -0.2832 0.9522 0.1147
vn -0.1462 0.9822 0.1183
vn 0.7763 0.6214 0.1061
vn 0.5502 0.8291 0.0999
vn 0.9621 0.2684 0.0481
vn 0.0272 -0.9531 0.3013
vn 0.9794 0.2006 0.0224
vn -0.0363 0.9544 -0.2964
vn 0.9370 -0.3472 -0.0382
vn 0.9561 -0.2903 -0.0403
vn 0.2579 -0.9598 -0.1110
vn 0.3033 -0.9459 -0.1156
vn -0.6731 -0.7341 -0.0897
vn -0.6817 -0.7265 -0.0865
vn -0.9903 -0.1376 -0.0194
vn -0.9926 -0.1208 -0.0122
vn -0.8921 0.4492 0.0485
vn -0.8772 0.4765 0.0592
vn -0.2860 0.9509 0.1181
vn -0.3009 0.9467 0.1151
vn 0.5521 0.8277 0.1007
vn 0.6538 0.7497 0.1023
vn 0.9422 0.3320 0.0453
vn 0.9541 0.2978 0.0323
vn 0.0285 -0.9438 0.3294
vn 0.9493 -0.3127 -0.0328
vn 0.9038 -0.4271 -0.0280
vn 0.2887 -0.9535 -0.0863
vn 0.1777 -0.9811 -0.0763
vn -0.6511 -0.7567 -0.0588
vn -0.6234 -0.7791 -0.0665
vn -0.9876 -0.1563 -0.0132
vn -0.8733 0.4841 0.0552
vn -0.9136 0.4058 0.0267
vn -0.2781 0.9567 0.0860
vn -0.3204 0.9441 0.0777
vn 0.5713 0.8180 0.0673
vn 0.5051 0.8607 0.0643
vn 0.9760 0.2177 -0.0001
vn 0.9396 0.3400 0.0390
vn 0.0420 -0.9220 0.3848
vn 0.9034 -0.4287 -0.0139
vn 0.1540 -0.9876 -0.0296
vn 0.2197 -0.9749 -0.0360
vn -0.5785 -0.8151 -0.0301
vn -0.6002 -0.7994 -0.0261
vn -0.9782 -0.2073 -0.0088
vn -0.9839 -0.1786 -0.0036
vn -0.8972 0.4416 0.0088
vn -0.8687 0.4949 0.0193
vn -0.8105 0.5853 0.0213
vn 0.0687 0.9949 0.0733
vn -0.2493 0.9679 0.0321
vn -0.3566 0.9337 0.0310
vn 0.7218 0.6901 0.0526
vn 0.4825 0.8752 0.0337
vn 0.9584 0.2849 0.0166
vn 0.0409 -0.9003 0.4333
vn 0.9770 0.2131 0.0033
vn -0.0535 0.9025 -0.4274
vn 0.9118 -0.4105 -0.0095
vn 0.9336 -0.3580 -0.0147
vn 0.2156 -0.9761 -0.0256
vn 0.2575 -0.9658 -0.0301
vn -0.5990 -0.8003 -0.0249
vn -0.6122 -0.7904 -0.0225
vn -0.9852 -0.1710 -0.0073
vn -0.9894 -0.1452 -0.0024
vn -0.8606 0.5091 0.0112
vn -0.8348 0.5503 0.0190
vn -0.6367 0.7707 0.0247
vn -0.1092 0.9929 0.0474
vn -0.2455 0.9689 0.0294
vn 0.1582 0.9870 0.0299
vn 0.6160 0.7868 0.0381
vn 0.5439 0.8385 0.0325
vn 0.9220 0.3865 0.0219
vn 0.9555 0.2948 0.0065
vn 0.0458 -0.8564 0.5143
vn -0.0538 0.8721 -0.4864
vn 0.9272 -0.3745 -0.0058
vn 0.8786 -0.4775 0.0052
vn 0.2517 -0.9678 -0.0071
vn 0.1535 -0.9881 0.0021
vn -0.5954 -0.8034 0.0017
vn -0.5624 -0.8269 -0.0031
vn -0.9829 -0.1842 -0.0004
vn -0.8305 0.5568 0.0124
vn -0.8903 0.4554 -0.0054
vn -0.2317 0.9728 0.0059
vn -0.2772 0.9608 -0.0003
vn 0.4741 0.8805 -0.0003
vn 0.4527 0.8917 -0.0020
vn 0.9730 0.2305 -0.0146
vn 0.9209 0.3896 0.0087
vn 0.0666 -0.7669 0.6383
vn 0.8866 -0.4624 0.0148
vn 0.1417 -0.9893 0.0338
vn 0.1997 -0.9795 0.0278
vn -0.5410 -0.8407 0.0239
vn -0.5637 -0.8256 0.0263
vn -0.9733 -0.2295 0.0055
vn -0.9812 -0.1930 0.0082
vn -0.8823 0.4702 -0.0200
vn -0.8455 0.5338 -0.0142
vn -0.7756 0.6310 -0.0182
vn 0.0509 0.9987 -0.0004
vn -0.2279 0.9732 -0.0304
vn -0.3017 0.9529 -0.0298
vn 0.6687 0.7435 0.0011
vn 0.4439 0.8957 -0.0247
vn 0.9479 0.3187 -0.0038
vn 0.0672 -0.6774 0.7325
vn 0.9732 0.2297 -0.0106
vn -0.0892 0.6771 -0.7305
vn 0.8982 -0.4393 0.0169
vn 0.8992 -0.4373 0.0166
vn 0.1981 -0.9795 0.0372
vn 0.1978 -0.9795 0.0372
vn -0.5612 -0.8271 0.0314
vn -0.5614 -0.8269 0.0314
vn -0.9813 -0.1922 0.0073
vn -0.9813 -0.1921 0.0073
vn -0.8420 0.5391 -0.0205
vn -0.8433 0.5370 -0.0207
vn -0.6264 0.7789 -0.0300
vn -0.0862 0.9960 -0.0229
vn -0.2262 0.9734 -0.0375
vn 0.1089 0.9933 -0.0382
vn 0.5769 0.8166 -0.0186
vn 0.4530 0.8909 -0.0322
vn 0.9458 0.3245 -0.0117
vn 0.9481 0.3176 -0.0122
vn 0.0780 -0.4954 0.8652
vn -0.0921 0.5362 -0.8391
vn 0.8968 -0.4419 0.0236
vn 0.8851 -0.4646 0.0277
vn 0.1955 -0.9790 0.0584
vn 0.1956 -0.9789 0.0584
vn -0.5558 -0.8298 0.0495
vn -0.5567 -0.8292 0.0496
vn -0.9808 -0.1946 0.0116
vn -0.9781 -0.2079 0.0110
vn -0.8392 0.5430 -0.0306
vn -0.8586 0.5117 -0.0327
vn -0.6201 0.7832 -0.0455
vn -0.0956 0.9947 -0.0390
vn -0.2809 0.9579 -0.0590
vn 0.1015 0.9931 -0.0590
vn 0.5680 0.8223 -0.0337
vn 0.4317 0.9006 -0.0512
vn 0.9648 0.2622 -0.0203
vn 0.9467 0.3216 -0.0175
vn 0.0981 -0.1489 0.9840
vn -0.1044 0.2673 -0.9579
vn 0.8822 -0.4695 0.0371
vn 0.8960 -0.4429 0.0317
vn 0.1950 -0.9783 0.0701
vn 0.1951 -0.9783 0.0700
vn -0.5550 -0.8298 0.0594
vn -0.5556 -0.8293 0.0595
vn -0.9776 -0.2099 0.0150
vn -0.9807 -0.1947 0.0155
vn -0.8583 0.5116 -0.0388
vn -0.8316 0.5542 -0.0373
vn -0.2824 0.9563 -0.0752
vn -0.1951 0.9784 -0.0683
vn 0.4165 0.9066 -0.0685
vn 0.4435 0.8939 -0.0653
vn 0.9445 0.3280 -0.0192
vn 0.0630 0.0505 0.9967
vn 0.9648 0.2620 -0.0204
vn 0.8955 -0.4436 0.0351
vn 0.8957 -0.4433 0.0350
vn 0.1950 -0.9778 0.0773
vn 0.1950 -0.9777 0.0773
vn -0.5552 -0.8291 0.0655
vn -0.5555 -0.8289 0.0656
vn -0.9808 -0.1946 0.0154
vn -0.9808 -0.1945 0.0154
vn -0.8313 0.5542 -0.0439
vn -0.8314 0.5539 -0.0439
vn -0.1950 0.9777 -0.0774
vn -0.1950 0.9777 -0.0775
vn 0.4380 0.8962 -0.0710
vn 0.4395 0.8954 -0.0708
vn 0.9465 0.3217 -0.0254
vn 0.9466 0.3215 -0.0254
vn 0.0573 0.2653 0.9625
vn 0.8954 -0.4434 0.0401
vn 0.8952 -0.4438 0.0401
vn 0.1953 -0.9768 0.0883
vn 0.1954 -0.9767 0.0883
vn -0.5559 -0.8279 0.0749
vn -0.5562 -0.8276 0.0749
vn -0.9808 -0.1941 0.0176
vn -0.9809 -0.1940 0.0176
vn -0.8317 0.5529 -0.0501
vn -0.8319 0.5526 -0.0501
vn -0.1953 0.9767 -0.0885
vn -0.1954 0.9767 -0.0886
vn 0.4303 0.8990 -0.0815
vn 0.4240 0.9019 -0.0823
vn 0.9487 0.3147 -0.0287
vn 0.9478 0.3176 -0.0287
vn 0.0511 0.3918 0.9186
vn 0.8953 -0.4435 0.0423
vn 0.8962 -0.4417 0.0419
vn 0.1956 -0.9763 0.0926
vn 0.1957 -0.9763 0.0926
vn -0.5566 -0.8271 0.0785
vn -0.5568 -0.8269 0.0785
vn -0.9809 -0.1937 0.0184
vn -0.9809 -0.1936 0.0184
vn -0.8322 0.5520 -0.0524
vn -0.8323 0.5518 -0.0524
vn -0.1957 0.9763 -0.0927
vn 0.4212 0.9029 -0.0858
vn 0.4391 0.8945 -0.0835
vn 0.9470 0.3199 -0.0299
vn 0.9493 0.3131 -0.0299
vn 0.0493 0.4779 0.8770
vn 0.8962 -0.4415 0.0430
vn 0.8965 -0.4410 0.0429
vn 0.1959 -0.9760 0.0949
vn -0.5571 -0.8265 0.0804
vn -0.5572 -0.8265 0.0804
vn -0.9809 -0.1934 0.0188
vn -0.8325 0.5514 -0.0536
vn -0.8326 0.5513 -0.0536
vn -0.1959 0.9760 -0.0950
vn 0.4365 0.8955 -0.0871
vn 0.4413 0.8932 -0.0865
vn 0.9469 0.3201 -0.0310
vn 0.9475 0.3182 -0.0310
vn 0.0448 0.5349 0.8437
vn 0.8966 -0.4407 0.0442
vn 0.8964 -0.4411 0.0443
vn 0.1962 -0.9757 0.0980
vn -0.5577 -0.8259 0.0829
vn -0.5578 -0.8259 0.0830
vn -0.9810 -0.1931 0.0194
vn -0.8329 0.5506 -0.0553
vn -0.1962 0.9757 -0.0980
vn 0.4390 0.8940 -0.0898
vn 0.4342 0.8963 -0.0904
vn 0.9480 0.3165 -0.0319
vn 0.9474 0.3185 -0.0319
vn 0.0412 0.5507 0.8337
vn 0.8964 -0.4410 0.0446
vn 0.8964 -0.4411 0.0446
vn 0.1962 -0.9756 0.0988
vn -0.5579 -0.8257 0.0836
vn -0.9810 -0.1930 0.0195
vn -0.8330 0.5504 -0.0557
vn -0.8330 0.5505 -0.0557
vn -0.1962 0.9756 -0.0988
vn 0.4340 0.8964 -0.0907
vn 0.4333 0.8967 -0.0908
vn 0.9482 0.3161 -0.0320
vn 0.9481 0.3164 -0.0320
vn 0.0413 0.5480 0.8355
vn 0.8964 -0.4411 0.0445
vn 0.8964 -0.4409 0.0444
vn 0.1962 -0.9756 0.0983
vn -0.5578 -0.8258 0.0832
vn -0.9810 -0.1930 0.0194
vn -0.8330 0.5506 -0.0555
vn -0.8329 0.5506 -0.0555
vn -0.1962 0.9756 -0.0983
vn 0.4337 0.8965 -0.0903
vn 0.4358 0.8955 -0.0900
vn 0.9478 0.3172 -0.0319
vn 0.9481 0.3163 -0.0319
vn 0.0407 0.5401 0.8406
vn 0.8963 -0.4412 0.0432
vn 0.8967 -0.4405 0.0430
vn 0.1959 -0.9760 0.0953
vn -0.5573 -0.8264 0.0807
vn -0.5572 -0.8264 0.0807
vn -0.9810 -0.1933 0.0189
vn -0.9809 -0.1934 0.0189
vn -0.8326 0.5512 -0.0538
vn -0.8326 0.5513 -0.0538
vn -0.1959 0.9760 -0.0953
vn 0.4376 0.8949 -0.0874
vn 0.4460 0.8908 -0.0863
vn 0.9462 0.3219 -0.0312
vn 0.9475 0.3184 -0.0312
vn 0.0381 0.5045 0.8626
vn 0.8966 -0.4409 0.0412
vn 0.8960 -0.4421 0.0414
vn 0.1956 -0.9764 0.0915
vn -0.5567 -0.8271 0.0775
vn -0.9809 -0.1937 0.0182
vn -0.8322 0.5520 -0.0517
vn -0.8322 0.5521 -0.0517
vn -0.1956 0.9764 -0.0915
vn 0.4480 0.8901 -0.0834
vn 0.4350 0.8964 -0.0851
vn 0.9476 0.3182 -0.0302
vn 0.9458 0.3235 -0.0302
vn 0.0392 0.4432 0.8956
vn 0.8960 -0.4422 0.0413
vn 0.8953 -0.4435 0.0416
vn 0.1956 -0.9764 0.0916
vn 0.1955 -0.9764 0.0916
vn -0.5567 -0.8271 0.0776
vn -0.5565 -0.8272 0.0776
vn -0.9809 -0.1938 0.0182
vn -0.8321 0.5522 -0.0517
vn -0.1955 0.9764 -0.0915
vn 0.4358 0.8961 -0.0840
vn 0.4225 0.9023 -0.0856
vn 0.9490 0.3137 -0.0298
vn 0.9474 0.3188 -0.0298
vn 0.0402 0.3762 0.9257
vn 0.8953 -0.4437 0.0394
vn 0.8961 -0.4422 0.0390
vn 0.1953 -0.9769 0.0862
vn 0.1952 -0.9770 0.0862
vn -0.5561 -0.8279 0.0731
vn -0.5559 -0.8280 0.0731
vn -0.9808 -0.1941 0.0171
vn -0.9808 -0.1942 0.0171
vn -0.8318 0.5529 -0.0488
vn -0.8317 0.5531 -0.0488
vn -0.1953 0.9769 -0.0862
vn -0.1952 0.9770 -0.0862
vn 0.4272 0.9007 -0.0794
vn 0.4447 0.8923 -0.0773
vn 0.9459 0.3231 -0.0280
vn 0.9483 0.3160 -0.0280
vn 0.0393 0.2887 0.9566
vn 0.8962 -0.4422 0.0349
vn 0.8962 -0.4423 0.0349
vn 0.1951 -0.9778 0.0771
vn -0.5555 -0.8290 0.0654
vn -0.5555 -0.8289 0.0654
vn -0.9808 -0.1945 0.0153
vn -0.8314 0.5539 -0.0437
vn -0.1951 0.9778 -0.0772
vn -0.1951 0.9777 -0.0772
vn 0.4501 0.8902 -0.0703
vn 0.4482 0.8911 -0.0705
vn 0.9453 0.3251 -0.0257
vn 0.9450 0.3259 -0.0257
vn 0.0389 0.1703 0.9846
vn 0.8963 -0.4422 0.0331
vn 0.8953 -0.4442 0.0335
vn 0.1951 -0.9780 0.0738
vn 0.1950 -0.9780 0.0738
vn -0.5555 -0.8291 0.0626
vn -0.5555 -0.8292 0.0626
vn -0.9808 -0.1946 0.0147
vn -0.8314 0.5540 -0.0418
vn -0.8314 0.5541 -0.0418
vn -0.1951 0.9780 -0.0738
vn -0.1950 0.9780 -0.0738
vn 0.4509 0.8901 -0.0672
vn 0.4299 0.9002 -0.0696
vn 0.9477 0.3182 -0.0246
vn 0.9449 0.3265 -0.0244
vn 0.0389 0.0384 0.9985
vn 0.8953 -0.4442 0.0333
vn 0.8941 -0.4466 0.0338
vn 0.1950 -0.9780 0.0739
vn 0.1948 -0.9780 0.0739
vn -0.5555 -0.8291 0.0627
vn -0.5386 -0.8403 0.0614
vn -0.9807 -0.1946 0.0161
vn -0.9752 -0.2209 0.0153
vn -0.8317 0.5540 -0.0370
vn -0.8552 0.5169 -0.0390
vn -0.1950 0.9780 -0.0737
vn -0.1948 0.9781 -0.0737
vn 0.4315 0.8996 -0.0678
vn 0.4095 0.9096 -0.0703
vn 0.9500 0.3113 -0.0241
vn 0.9475 0.3189 -0.0239
vn 0.0392 -0.0639 0.9972
vn 0.8949 -0.4453 0.0294
vn 0.8968 -0.4415 0.0286
vn 0.1954 -0.9787 0.0635
vn 0.1953 -0.9787 0.0635
vn -0.5407 -0.8395 0.0544
vn -0.5558 -0.8295 0.0557
vn -0.9751 -0.2214 0.0129
vn -0.9808 -0.1948 0.0138
vn -0.8553 0.5167 -0.0380
vn -0.8318 0.5539 -0.0359
vn -0.1954 0.9787 -0.0634
vn -0.1953 0.9787 -0.0634
vn 0.4203 0.9055 -0.0587
vn 0.4593 0.8866 -0.0544
vn 0.9442 0.3288 -0.0202
vn 0.9492 0.3139 -0.0207
vn 0.0365 -0.2254 0.9736
vn 0.8982 -0.4389 0.0224
vn 0.8978 -0.4399 0.0226
vn 0.1963 -0.9792 0.0503
vn 0.1964 -0.9792 0.0503
vn -0.5580 -0.8288 0.0425
vn -0.5583 -0.8285 0.0426
vn -0.9810 -0.1937 0.0099
vn -0.9810 -0.1935 0.0100
vn -0.8331 0.5524 -0.0284
vn -0.8333 0.5521 -0.0284
vn -0.1963 0.9792 -0.0504
vn -0.1964 0.9792 -0.0505
vn 0.4677 0.8827 -0.0455
vn 0.4559 0.8888 -0.0467
vn 0.9453 0.3259 -0.0171
vn 0.9435 0.3310 -0.0169
vn 0.0342 -0.3544 0.9345
vn 0.8981 -0.4392 0.0213
vn 0.8969 -0.4417 0.0217
vn 0.1967 -0.9793 0.0482
vn 0.1966 -0.9793 0.0482
vn -0.5587 -0.8284 0.0407
vn -0.5588 -0.8283 0.0408
vn -0.9811 -0.1933 0.0095
vn -0.8336 0.5517 -0.0271
vn -0.8336 0.5517 -0.0272
vn -0.1967 0.9793 -0.0482
vn -0.1966 0.9793 -0.0482
vn 0.4590 0.8874 -0.0437
vn 0.4341 0.8997 -0.0462
vn 0.9482 0.3173 -0.0163
vn 0.9450 0.3266 -0.0158
vn 0.0320 -0.4653 0.8846
vn 0.8970 -0.4415 0.0214
vn 0.8955 -0.4445 0.0219
vn 0.1966 -0.9793 0.0483
vn 0.1964 -0.9793 0.0483
vn -0.5588 -0.8283 0.0409
vn -0.5420 -0.8394 0.0392
vn -0.9809 -0.1942 0.0110
vn -0.9758 -0.2185 0.0094
vn -0.8351 0.5496 -0.0221
vn -0.8570 0.5147 -0.0253
vn -0.1967 0.9793 -0.0481
vn -0.1964 0.9793 -0.0481
vn 0.4364 0.8987 -0.0441
vn 0.4101 0.9108 -0.0467
vn 0.9509 0.3092 -0.0159
vn 0.9481 0.3176 -0.0154
vn 0.0308 -0.5407 0.8406
vn 0.8973 -0.4412 0.0175
vn 0.8989 -0.4379 0.0170
vn 0.1981 -0.9794 0.0380
vn 0.1980 -0.9795 0.0380
vn -0.5457 -0.8373 0.0325
vn -0.5607 -0.8273 0.0340
vn -0.9760 -0.2177 0.0070
vn -0.9811 -0.1931 0.0086
vn -0.8573 0.5142 -0.0245
vn -0.8354 0.5492 -0.0212
vn -0.1981 0.9794 -0.0379
vn -0.1980 0.9795 -0.0379
vn 0.4234 0.9053 -0.0350
vn 0.4574 0.8887 -0.0317
vn 0.9468 0.3215 -0.0115
vn 0.9507 0.3098 -0.0123
vn 0.0283 -0.6296 0.7764
vn 0.9020 -0.4316 0.0098
vn 0.9024 -0.4307 0.0097
vn 0.2010 -0.9793 0.0221
vn 0.2011 -0.9793 0.0221
vn -0.5673 -0.8233 0.0186
vn -0.5677 -0.8230 0.0186
vn -0.9819 -0.1894 0.0043
vn -0.9819 -0.1892 0.0043
vn -0.8392 0.5437 -0.0123
vn -0.8394 0.5434 -0.0124
vn -0.2009 0.9793 -0.0223
vn -0.2011 0.9793 -0.0223
vn 0.4709 0.8819 -0.0201
vn 0.4762 0.8791 -0.0196
vn 0.9462 0.3234 -0.0072
vn 0.9468 0.3219 -0.0073
vn 0.0261 -0.6882 0.7250
vn 0.9037 -0.4280 0.0070
vn 0.9026 -0.4304 0.0074
vn 0.2023 -0.9792 0.0167
vn 0.2024 -0.9792 0.0167
vn -0.5699 -0.8216 0.0140
vn -0.5702 -0.8214 0.0141
vn -0.9821 -0.1882 0.0032
vn -0.9822 -0.1881 0.0032
vn -0.8408 0.5412 -0.0093
vn -0.8410 0.5410 -0.0093
vn -0.2022 0.9792 -0.0169
vn -0.2023 0.9792 -0.0169
vn 0.4816 0.8763 -0.0151
vn 0.4573 0.8891 -0.0173
vn 0.9492 0.3145 -0.0061
vn 0.9463 0.3233 -0.0053
vn 0.0242 -0.7354 0.6772
vn 0.9028 -0.4300 0.0071
vn 0.9014 -0.4329 0.0075
vn 0.2023 -0.9792 0.0169
vn 0.2022 -0.9792 0.0169
vn -0.5701 -0.8214 0.0141
vn -0.5700 -0.8215 0.0141
vn -0.9821 -0.1881 0.0032
vn -0.8410 0.5409 -0.0093
vn -0.8409 0.5411 -0.0093
vn -0.2023 0.9792 -0.0168
vn -0.2022 0.9792 -0.0168
vn 0.4600 0.8878 -0.0152
vn 0.4343 0.9006 -0.0175
vn 0.9519 0.3064 -0.0059
vn 0.9493 0.3143 -0.0052
vn 0.0226 -0.7737 0.6332
vn 0.9033 -0.4290 0.0043
vn 0.8900 -0.4559 0.0079
vn 0.2022 -0.9792 0.0170
vn 0.2018 -0.9793 0.0170
vn -0.5699 -0.8216 0.0143
vn -0.5522 -0.8336 0.0119
vn -0.9818 -0.1900 0.0047
vn -0.9744 -0.2247 0.0007
vn -0.8455 0.5340 -0.0016
vn -0.8820 0.4712 -0.0105
vn -0.2035 0.9790 -0.0120
vn -0.2421 0.9701 -0.0165
vn 0.4372 0.8992 -0.0153
vn 0.4682 0.8835 -0.0126
vn 0.9669 0.2548 -0.0089
vn 0.9522 0.3054 -0.0034
vn 0.0253 -0.7907 0.6116
vn 0.8904 -0.4551 0.0074
vn 0.8867 -0.4622 0.0082
vn 0.2068 -0.9784 0.0005
vn 0.1027 -0.9947 0.0091
vn -0.5622 -0.8270 -0.0000
vn -0.6505 -0.7594 0.0094
vn -0.9757 -0.2192 -0.0041
vn -0.9950 -0.0999 0.0052
vn -0.8812 0.4726 -0.0119
vn -0.7923 0.6101 0.0009
vn -0.2437 0.9698 -0.0134
vn -0.1039 0.9946 -0.0018
vn 0.4746 0.8802 -0.0082
vn 0.4903 0.8716 -0.0071
vn 0.9611 0.2762 0.0012
vn -0.0000 -0.8313 0.5558
vn 0.9675 0.2529 -0.0009
vt 0.906250 0.500000
vt 0.906250 1.000000
vt 0.875000 1.000000
vt 0.875000 0.500000
vt 0.781250 0.500000
vt 0.781250 1.000000
vt 0.750000 1.000000
vt 0.750000 0.500000
vt 0.656250 0.500000
vt 0.656250 1.000000
vt 0.625000 1.000000
vt 0.625000 0.500000
vt 0.531250 0.500000
vt 0.531250 1.000000
vt 0.500000 1.000000
vt 0.500000 0.500000
vt 0.406250 0.500000
vt 0.406250 1.000000
vt 0.375000 1.000000
vt 0.375000 0.500000
vt 0.281250 0.500000
vt 0.281250 1.000000
vt 0.250000 1.000000
vt 0.250000 0.500000
vt 0.156250 0.500000
vt 0.156250 1.000000
vt 0.125000 1.000000
vt 0.125000 0.500000
vt 0.093750 1.000000
vt 0.093750 0.500000
vt 0.250000 0.471906
vt 0.080294 0.419706
vt 0.025832 0.318001
vt 0.043406 0.139573
vt 0.181999 0.025832
vt 0.360427 0.043406
vt 0.474168 0.181999
vt 0.456594 0.360427
vt 0.750000 0.471906
vt 0.956595 0.360427
vt 0.974168 0.181999
vt 0.860427 0.043406
vt 0.681999 0.025832
vt 0.543406 0.139573
vt 0.525832 0.318001
vt 0.580294 0.419706
vt 0.937500 0.500000
vt 0.921875 1.000000
vt 0.890625 0.500000
vt 0.812500 0.500000
vt 0.796875 1.000000
vt 0.765625 0.500000
vt 0.687500 0.500000
vt 0.671875 1.000000
vt 0.640625 0.500000
vt 0.562500 0.500000
vt 0.546875 1.000000
vt 0.515625 0.500000
vt 0.468750 0.500000
vt 0.453125 1.000000
vt 0.437500 0.500000
vt 0.390625 0.500000
vt 0.312500 0.500000
vt 0.296875 1.000000
vt 0.265625 0.500000
vt 0.187500 0.500000
vt 0.171875 1.000000
vt 0.140625 0.500000
vt 0.109375 0.500000
vt 0.062500 0.500000
vt 0.046875 1.000000
vt 0.031250 0.500000
vt 0.421875 1.000000
vt 0.078125 1.000000
vt 0.968750 0.500000
vt 0.953125 1.000000
vt 0.218750 0.500000
vt 0.203125 1.000000
vt 0.343750 0.500000
vt 0.328125 1.000000
vt 0.772961 0.483127
vt 0.931082 0.398610
vt 0.983127 0.227039
vt 0.898610 0.068918
vt 0.750000 0.013074
vt 0.601390 0.068918
vt 0.528269 0.158156
vt 0.513074 0.250000
vt 0.528269 0.341844
vt 0.601390 0.431082
vt 0.593750 0.500000
vt 0.578125 1.000000
vt 0.795036 0.476412
vt 0.946997 0.381629
vt 0.917532 0.082468
vt 0.772961 0.016873
vt 0.750000 0.480848
vt 0.727039 0.016873
vt 0.582468 0.082468
vt 0.582468 0.417532
s 0
usemtl 
f 2783/301/2135 2784/302/2135 2786/303/2135 2785/304/2135
f 2785/305/2136 2786/306/2136 2788/307/2136 2787/308/2136
f 2787/309/2137 2788/310/2137 2790/311/2137 2789/312/2137
f 2789/313/2138 2790/314/2138 2792/315/2138 2791/316/2138
f 2791/317/2139 2792/318/2139 2794/319/2139 2793/320/2139
f 2793/321/2140 2794/322/2140 2796/323/2140 2795/324/2140
f 2795/325/2141 2796/326/2141 2798/327/2141 2797/328/2141
f 2797/328/2142 2798/327/2142 2784/329/2142 2783/330/2142
f 2784/331/2143 2798/332/2143 2796/333/2143 2794/334/2143 2792/335/2143 2790/336/2143 2788/337/2143 2786/338/2143
f 2783/339/2144 2785/340/2144 2787/341/2144 2789/342/2144 2791/343/2144 2793/344/2144 2795/345/2144 2797/346/2144
f 2784/347/2145 2799/348/2145 2786/301/2145
f 2786/349/2146 2799/302/2146 2800/303/2146
f 2786/350/2147 2800/351/2147 2788/305/2147
f 2788/352/2148 2800/306/2148 2801/307/2148
f 2788/353/2149 2801/354/2149 2790/309/2149
f 2790/355/2150 2801/310/2150 2802/311/2150
f 2790/356/2151 2802/357/2151 2792/313/2151
f 2792/358/2152 2802/314/2152 2803/315/2152
f 2792/359/2153 2803/360/2153 2794/361/2153
f 2794/362/2154 2803/318/2154 2804/319/2154
f 2794/363/2155 2804/364/2155 2796/321/2155
f 2796/365/2156 2804/322/2156 2805/323/2156
f 2796/366/2157 2805/367/2157 2798/325/2157
f 2798/368/2158 2805/326/2158 2806/327/2158
f 2798/369/2159 2806/327/2159 2799/329/2159
f 2799/331/2160 2806/332/2160 2805/333/2160 2804/334/2160 2803/335/2160 2802/336/2160 2801/337/2160 2800/338/2160
f 2798/370/2161 2799/371/2161 2784/372/2161
f 2799/347/2162 2807/348/2162 2800/301/2162
f 2800/349/2163 2807/302/2163 2808/303/2163
f 2800/350/2164 2808/351/2164 2801/305/2164
f 2801/352/2165 2808/306/2165 2809/307/2165
f 2801/353/2166 2809/354/2166 2802/309/2166
f 2802/355/2167 2809/310/2167 2810/311/2167
f 2802/356/2168 2810/357/2168 2803/313/2168
f 2803/358/2168 2810/314/2168 2811/315/2168
f 2803/361/2169 2811/373/2169 2804/317/2169
f 2804/362/2169 2811/318/2169 2812/319/2169
f 2804/363/2170 2812/364/2170 2805/321/2170
f 2805/365/2170 2812/322/2170 2813/323/2170
f 2805/366/2171 2813/367/2171 2806/325/2171
f 2806/368/2172 2813/326/2172 2814/327/2172
f 2806/369/2173 2814/327/2173 2807/329/2173
f 2806/330/2174 2807/374/2174 2799/370/2174
f 2807/331/2175 2814/332/2175 2813/333/2175 2812/334/2175 2811/335/2175 2810/336/2175 2809/337/2175 2808/338/2175
f 2807/347/2176 2815/348/2176 2808/301/2176
f 2808/349/2177 2815/302/2177 2816/303/2177
f 2808/350/2178 2816/351/2178 2809/305/2178
f 2809/352/2179 2816/306/2179 2817/307/2179
f 2809/353/2180 2817/354/2180 2810/309/2180
f 2810/355/2181 2817/310/2181 2818/311/2181
f 2810/356/2168 2818/357/2168 2811/313/2168
f 2811/358/2168 2818/314/2168 2819/315/2168
f 2811/361/2182 2819/373/2182 2812/317/2182
f 2812/362/2183 2819/318/2183 2820/319/2183
f 2812/363/2184 2820/364/2184 2813/321/2184
f 2813/365/2185 2820/322/2185 2821/323/2185
f 2813/366/2186 2821/367/2186 2814/325/2186
f 2814/368/2187 2821/326/2187 2822/327/2187
f 2814/369/2188 2822/327/2188 2815/329/2188
f 2814/330/2189 2815/374/2189 2807/370/2189
f 2815/331/2190 2822/332/2190 2821/333/2190 2820/334/2190 2819/335/2190 2818/336/2190 2817/337/2190 2816/338/2190
f 2815/347/2191 2823/348/2191 2816/301/2191
f 2816/349/2192 2823/302/2192 2824/303/2192
f 2816/350/2193 2824/351/2193 2817/305/2193
f 2817/352/2194 2824/306/2194 2825/307/2194
f 2817/353/2195 2825/354/2195 2818/309/2195
f 2818/355/2196 2825/310/2196 2826/311/2196
f 2818/356/2197 2826/357/2197 2819/313/2197
f 2819/358/2197 2826/314/2197 2827/315/2197
f 2819/361/2198 2827/373/2198 2820/317/2198
f 2820/362/2199 2827/318/2199 2828/319/2199
f 2820/363/2200 2828/364/2200 2821/321/2200
f 2821/365/2201 2828/322/2201 2829/323/2201
f 2821/366/2202 2829/367/2202 2822/325/2202
f 2822/368/2203 2829/326/2203 2830/327/2203
f 2822/369/2204 2830/327/2204 2823/329/2204
f 2822/330/2205 2823/374/2205 2815/370/2205
f 2823/331/2206 2830/332/2206 2829/333/2206 2828/334/2206 2827/335/2206 2826/336/2206 2825/337/2206 2824/338/2206
f 2823/375/2207 2831/376/2207 2824/347/2207
f 2824/349/2208 2831/302/2208 2832/303/2208
f 2824/350/2209 2832/351/2209 2825/305/2209
f 2825/352/2210 2832/306/2210 2833/307/2210
f 2825/353/2211 2833/354/2211 2826/309/2211
f 2826/355/2212 2833/310/2212 2834/311/2212
f 2826/356/2213 2834/357/2213 2827/313/2213
f 2827/358/2213 2834/314/2213 2835/315/2213
f 2827/361/2214 2835/373/2214 2828/317/2214
f 2828/362/2215 2835/318/2215 2836/319/2215
f 2828/363/2216 2836/364/2216 2829/321/2216
f 2829/365/2217 2836/322/2217 2837/323/2217
f 2829/366/2218 2837/367/2218 2830/325/2218
f 2830/368/2219 2837/326/2219 2838/327/2219
f 2830/369/2220 2838/327/2220 2831/329/2220
f 2830/330/2221 2831/374/2221 2823/370/2221
f 2831/331/2222 2838/332/2222 2837/333/2222 2836/334/2222 2835/335/2222 2834/336/2222 2833/337/2222 2832/338/2222
f 2831/347/2223 2839/348/2223 2832/301/2223
f 2832/349/2224 2839/302/2224 2840/303/2224
f 2832/350/2225 2840/351/2225 2833/305/2225
f 2833/352/2226 2840/306/2226 2841/307/2226
f 2833/353/2227 2841/354/2227 2834/309/2227
f 2834/355/2228 2841/310/2228 2842/311/2228
f 2834/356/2229 2842/357/2229 2835/313/2229
f 2835/358/2229 2842/314/2229 2843/315/2229
f 2835/361/2230 2843/373/2230 2836/317/2230
f 2836/362/2231 2843/318/2231 2844/319/2231
f 2836/363/2232 2844/364/2232 2837/321/2232
f 2837/365/2233 2844/322/2233 2845/323/2233
f 2837/366/2234 2845/367/2234 2838/325/2234
f 2838/368/2235 2845/326/2235 2846/327/2235
f 2838/369/2236 2846/327/2236 2839/329/2236
f 2838/330/2237 2839/374/2237 2831/370/2237
f 2839/331/2238 2846/332/2238 2845/333/2238 2844/334/2238 2843/335/2238 2842/336/2238 2841/337/2238 2840/338/2238
f 2839/347/2239 2847/348/2239 2840/301/2239
f 2840/349/2240 2847/302/2240 2848/303/2240
f 2840/350/2241 2848/351/2241 2841/305/2241
f 2841/352/2242 2848/306/2242 2849/307/2242
f 2841/353/2243 2849/354/2243 2842/309/2243
f 2842/355/2244 2849/310/2244 2850/311/2244
f 2842/356/2245 2850/357/2245 2843/313/2245
f 2843/358/2245 2850/314/2245 2851/315/2245
f 2843/361/2246 2851/373/2246 2844/317/2246
f 2844/362/2247 2851/318/2247 2852/319/2247
f 2844/363/2248 2852/364/2248 2845/321/2248
f 2845/365/2249 2852/322/2249 2853/323/2249
f 2845/366/2250 2853/367/2250 2846/325/2250
f 2846/368/2251 2853/326/2251 2854/327/2251
f 2846/369/2252 2854/327/2252 2847/329/2252
f 2846/330/2253 2847/374/2253 2839/370/2253
f 2847/331/2254 2854/332/2254 2853/333/2254 2852/334/2254 2851/335/2254 2850/336/2254 2849/337/2254 2848/338/2254
f 2847/347/2255 2855/348/2255 2848/301/2255
f 2848/349/2256 2855/302/2256 2856/303/2256
f 2848/350/2257 2856/351/2257 2849/305/2257
f 2849/352/2258 2856/306/2258 2857/307/2258
f 2849/353/2259 2857/354/2259 2850/309/2259
f 2850/355/2260 2857/310/2260 2858/311/2260
f 2850/356/2261 2858/357/2261 2851/313/2261
f 2851/358/2262 2858/314/2262 2859/315/2262
f 2851/361/2263 2859/373/2263 2852/317/2263
f 2852/362/2264 2859/318/2264 2860/319/2264
f 2852/363/2265 2860/364/2265 2853/321/2265
f 2853/365/2266 2860/322/2266 2861/323/2266
f 2853/366/2267 2861/367/2267 2854/325/2267
f 2854/368/2268 2861/326/2268 2862/327/2268
f 2854/369/2269 2862/327/2269 2855/329/2269
f 2854/330/2270 2855/374/2270 2847/370/2270
f 2855/331/2271 2862/332/2271 2861/333/2271 2860/334/2271 2859/335/2271 2858/336/2271 2857/337/2271 2856/338/2271
f 2855/375/2272 2863/376/2272 2856/347/2272
f 2856/349/2273 2863/302/2273 2864/303/2273
f 2856/350/2274 2864/351/2274 2857/305/2274
f 2857/352/2275 2864/306/2275 2865/307/2275
f 2857/353/2276 2865/354/2276 2858/309/2276
f 2858/355/2277 2865/310/2277 2866/311/2277
f 2858/356/2278 2866/357/2278 2859/313/2278
f 2859/358/2279 2866/314/2279 2867/315/2279
f 2859/361/2280 2867/373/2280 2860/317/2280
f 2860/362/2281 2867/318/2281 2868/319/2281
f 2860/363/2282 2868/364/2282 2861/321/2282
f 2861/365/2283 2868/322/2283 2869/323/2283
f 2861/377/2284 2869/378/2284 2862/366/2284
f 2862/368/2285 2869/326/2285 2870/327/2285
f 2862/369/2286 2870/327/2286 2863/329/2286
f 2862/330/2287 2863/374/2287 2855/370/2287
f 2863/331/2288 2870/332/2288 2869/333/2288 2868/334/2288 2867/335/2288 2866/336/2288 2865/337/2288 2864/338/2288
f 2863/347/2289 2871/348/2289 2864/301/2289
f 2864/349/2290 2871/302/2290 2872/303/2290
f 2864/350/2291 2872/351/2291 2865/305/2291
f 2865/352/2292 2872/306/2292 2873/307/2292
f 2865/353/2293 2873/354/2293 2866/309/2293
f 2866/355/2293 2873/310/2293 2874/311/2293
f 2866/356/2294 2874/357/2294 2867/313/2294
f 2867/358/2295 2874/314/2295 2875/315/2295
f 2867/361/2296 2875/373/2296 2868/317/2296
f 2868/362/2297 2875/318/2297 2876/319/2297
f 2868/363/2298 2876/364/2298 2869/321/2298
f 2869/365/2299 2876/322/2299 2877/323/2299
f 2869/377/2300 2877/378/2300 2870/366/2300
f 2870/368/2301 2877/326/2301 2878/327/2301
f 2870/369/2302 2878/327/2302 2871/329/2302
f 2870/330/2303 2871/374/2303 2863/370/2303
f 2871/331/2304 2878/332/2304 2877/333/2304 2876/334/2304 2875/335/2304 2874/336/2304 2873/337/2304 2872/338/2304
f 2871/347/2305 2879/348/2305 2872/301/2305
f 2872/349/2306 2879/302/2306 2880/303/2306
f 2872/350/2307 2880/351/2307 2873/305/2307
f 2873/352/2308 2880/306/2308 2881/307/2308
f 2873/353/2309 2881/354/2309 2874/309/2309
f 2874/355/2310 2881/310/2310 2882/311/2310
f 2874/356/2311 2882/357/2311 2875/313/2311
f 2875/358/2312 2882/314/2312 2883/315/2312
f 2875/359/2313 2883/360/2313 2876/361/2313
f 2876/362/2314 2883/318/2314 2884/319/2314
f 2876/379/2315 2884/380/2315 2885/363/2315
f 2885/363/2316 2884/364/2316 2877/321/2316
f 2877/365/2317 2884/322/2317 2886/323/2317
f 2877/377/2318 2886/378/2318 2887/366/2318
f 2887/366/2319 2886/367/2319 2878/325/2319
f 2878/368/2320 2886/326/2320 2888/327/2320
f 2878/369/2321 2888/327/2321 2879/329/2321
f 2879/331/2322 2888/332/2322 2886/333/2322 2884/334/2322 2883/335/2322 2882/336/2322 2881/337/2322 2880/338/2322
f 2878/370/2323 2879/371/2323 2871/372/2323
f 2871/381/2324 2872/382/2324 2873/383/2324 2874/384/2324 2875/385/2324 2876/386/2324 2885/387/2324 2877/388/2324 2887/389/2324 2878/390/2324
f 2879/347/2325 2889/348/2325 2880/301/2325
f 2880/349/2326 2889/302/2326 2890/303/2326
f 2880/350/2327 2890/351/2327 2881/305/2327
f 2881/352/2328 2890/306/2328 2891/307/2328
f 2881/353/2329 2891/354/2329 2882/309/2329
f 2882/355/2330 2891/310/2330 2892/311/2330
f 2882/356/2331 2892/357/2331 2883/313/2331
f 2883/358/2332 2892/314/2332 2893/315/2332
f 2883/361/2333 2893/373/2333 2884/317/2333
f 2884/362/2334 2893/318/2334 2894/319/2334
f 2884/363/2335 2894/364/2335 2886/321/2335
f 2886/365/2336 2894/322/2336 2895/323/2336
f 2886/377/2337 2895/378/2337 2888/366/2337
f 2888/368/2338 2895/326/2338 2896/327/2338
f 2888/369/2339 2896/327/2339 2889/329/2339
f 2888/330/2340 2889/374/2340 2879/370/2340
f 2889/331/2341 2896/332/2341 2895/333/2341 2894/334/2341 2893/335/2341 2892/336/2341 2891/337/2341 2890/338/2341
f 2889/375/2342 2897/376/2342 2890/347/2342
f 2890/349/2343 2897/302/2343 2898/303/2343
f 2890/350/2344 2898/351/2344 2891/305/2344
f 2891/352/2345 2898/306/2345 2899/307/2345
f 2891/353/2346 2899/354/2346 2892/309/2346
f 2892/355/2347 2899/310/2347 2900/311/2347
f 2892/313/2348 2900/314/2348 2901/315/2348 2893/316/2348
f 2893/361/2349 2901/373/2349 2894/317/2349
f 2894/362/2350 2901/318/2350 2902/319/2350
f 2894/363/2351 2902/364/2351 2895/321/2351
f 2895/365/2352 2902/322/2352 2903/323/2352
f 2895/377/2353 2903/378/2353 2896/366/2353
f 2896/368/2354 2903/326/2354 2904/327/2354
f 2896/369/2355 2904/327/2355 2897/329/2355
f 2896/330/2356 2897/374/2356 2889/370/2356
f 2897/331/2357 2904/332/2357 2903/333/2357 2902/334/2357 2901/335/2357 2900/336/2357 2899/337/2357 2898/338/2357
f 2897/301/2358 2905/302/2358 2906/303/2358 2898/304/2358
f 2898/350/2359 2906/351/2359 2899/305/2359
f 2899/352/2360 2906/306/2360 2907/307/2360
f 2899/353/2361 2907/354/2361 2900/309/2361
f 2900/355/2362 2907/310/2362 2908/311/2362
f 2900/391/2363 2908/392/2363 2901/356/2363
f 2901/358/2364 2908/314/2364 2909/315/2364
f 2901/359/2365 2909/360/2365 2902/361/2365
f 2902/362/2366 2909/318/2366 2910/319/2366
f 2902/379/2367 2910/380/2367 2911/363/2367
f 2911/363/2368 2910/364/2368 2903/321/2368
f 2903/365/2369 2910/322/2369 2912/323/2369
f 2903/377/2370 2912/378/2370 2913/366/2370
f 2913/366/2371 2912/367/2371 2904/325/2371
f 2904/368/2372 2912/326/2372 2914/327/2372
f 2904/369/2373 2914/327/2373 2905/329/2373
f 2905/331/2374 2914/332/2374 2912/333/2374 2910/334/2374 2909/335/2374 2908/336/2374 2907/337/2374 2906/338/2374
f 2904/370/2375 2905/371/2375 2897/372/2375
f 2897/393/2376 2898/394/2376 2899/383/2376 2900/395/2376 2901/396/2376 2902/386/2376 2911/387/2376 2903/388/2376 2913/389/2376 2904/390/2376
f 2905/347/2377 2915/348/2377 2906/301/2377
f 2906/349/2378 2915/302/2378 2916/303/2378
f 2906/350/2379 2916/351/2379 2907/305/2379
f 2907/352/2380 2916/306/2380 2917/307/2380
f 2907/353/2381 2917/354/2381 2908/309/2381
f 2908/355/2382 2917/310/2382 2918/311/2382
f 2908/356/2383 2918/357/2383 2909/313/2383
f 2909/358/2384 2918/314/2384 2919/315/2384
f 2909/361/2385 2919/373/2385 2910/317/2385
f 2910/362/2386 2919/318/2386 2920/319/2386
f 2910/379/2387 2920/380/2387 2921/363/2387
f 2921/363/2388 2920/364/2388 2912/321/2388
f 2912/365/2389 2920/322/2389 2922/323/2389
f 2912/377/2390 2922/378/2390 2923/366/2390
f 2923/366/2391 2922/367/2391 2914/325/2391
f 2914/368/2392 2922/326/2392 2924/327/2392
f 2914/369/2393 2924/327/2393 2915/329/2393
f 2914/330/2394 2915/374/2394 2905/370/2394
f 2915/331/2395 2924/332/2395 2922/333/2395 2920/334/2395 2919/335/2395 2918/336/2395 2917/337/2395 2916/338/2395
f 2905/397/2396 2906/382/2396 2907/383/2396 2908/384/2396 2909/398/2396 2910/399/2396 2921/387/2396 2912/388/2396 2923/389/2396 2914/400/2396
f 2915/375/2397 2925/376/2397 2916/347/2397
f 2916/349/2398 2925/302/2398 2926/303/2398
f 2916/350/2399 2926/351/2399 2917/305/2399
f 2917/352/2400 2926/306/2400 2927/307/2400
f 2917/353/2401 2927/354/2401 2918/309/2401
f 2918/355/2402 2927/310/2402 2928/311/2402
f 2918/313/2403 2928/314/2403 2929/315/2403 2919/316/2403
f 2919/361/2404 2929/373/2404 2920/317/2404
f 2920/362/2405 2929/318/2405 2930/319/2405
f 2920/363/2406 2930/364/2406 2922/321/2406
f 2922/365/2407 2930/322/2407 2931/323/2407
f 2922/377/2408 2931/378/2408 2924/366/2408
f 2924/368/2409 2931/326/2409 2932/327/2409
f 2924/369/2410 2932/327/2410 2925/329/2410
f 2924/330/2411 2925/374/2411 2915/370/2411
f 2925/331/2412 2932/332/2412 2931/333/2412 2930/334/2412 2929/335/2412 2928/336/2412 2927/337/2412 2926/338/2412
f 2925/301/2413 2933/302/2413 2934/303/2413 2926/304/2413
f 2926/350/2414 2934/351/2414 2927/305/2414
f 2927/352/2415 2934/306/2415 2935/307/2415
f 2927/353/2416 2935/354/2416 2928/309/2416
f 2928/355/2417 2935/310/2417 2936/311/2417
f 2928/391/2418 2936/392/2418 2929/356/2418
f 2929/358/2419 2936/314/2419 2937/315/2419
f 2929/359/2420 2937/360/2420 2930/361/2420
f 2930/362/2421 2937/318/2421 2938/319/2421
f 2930/379/2422 2938/380/2422 2939/363/2422
f 2939/363/2423 2938/364/2423 2931/321/2423
f 2931/365/2424 2938/322/2424 2940/323/2424
f 2931/377/2425 2940/378/2425 2941/366/2425
f 2941/366/2426 2940/367/2426 2932/325/2426
f 2932/368/2427 2940/326/2427 2942/327/2427
f 2932/369/2428 2942/327/2428 2933/329/2428
f 2933/331/2429 2942/332/2429 2940/333/2429 2938/334/2429 2937/335/2429 2936/336/2429 2935/337/2429 2934/338/2429
f 2932/370/2430 2933/371/2430 2925/372/2430
f 2925/393/2431 2926/394/2431 2927/383/2431 2928/395/2431 2929/396/2431 2930/386/2431 2939/387/2431 2931/388/2431 2941/389/2431 2932/390/2431
f 2933/347/2432 2943/348/2432 2934/301/2432
f 2934/349/2433 2943/302/2433 2944/303/2433
f 2934/350/2434 2944/351/2434 2935/305/2434
f 2935/352/2435 2944/306/2435 2945/307/2435
f 2935/353/2436 2945/354/2436 2936/309/2436
f 2936/355/2437 2945/310/2437 2946/311/2437
f 2936/356/2438 2946/357/2438 2937/313/2438
f 2937/358/2439 2946/314/2439 2947/315/2439
f 2937/361/2440 2947/373/2440 2938/317/2440
f 2938/362/2441 2947/318/2441 2948/319/2441
f 2938/379/2442 2948/380/2442 2949/363/2442
f 2949/363/2443 2948/364/2443 2940/321/2443
f 2940/365/2444 2948/322/2444 2950/323/2444
f 2940/377/2445 2950/378/2445 2951/366/2445
f 2951/366/2446 2950/367/2446 2942/325/2446
f 2942/368/2447 2950/326/2447 2952/327/2447
f 2942/369/2448 2952/327/2448 2943/329/2448
f 2942/330/2449 2943/374/2449 2933/370/2449
f 2943/331/2450 2952/332/2450 2950/333/2450 2948/334/2450 2947/335/2450 2946/336/2450 2945/337/2450 2944/338/2450
f 2933/397/2451 2934/382/2451 2935/383/2451 2936/384/2451 2937/398/2451 2938/399/2451 2949/387/2451 2940/388/2451 2951/389/2451 2942/400/2451
f 2943/347/2452 2953/348/2452 2944/301/2452
f 2944/349/2453 2953/302/2453 2954/303/2453
f 2944/350/2454 2954/351/2454 2945/305/2454
f 2945/352/2455 2954/306/2455 2955/307/2455
f 2945/353/2456 2955/354/2456 2946/309/2456
f 2946/355/2457 2955/310/2457 2956/311/2457
f 2946/356/2458 2956/357/2458 2947/313/2458
f 2947/358/2459 2956/314/2459 2957/315/2459
f 2947/361/2460 2957/373/2460 2948/317/2460
f 2948/362/2461 2957/318/2461 2958/319/2461
f 2948/379/2462 2958/380/2462 2959/363/2462
f 2959/363/2463 2958/364/2463 2950/321/2463
f 2950/365/2464 2958/322/2464 2960/323/2464
f 2950/377/2465 2960/378/2465 2961/366/2465
f 2961/366/2466 2960/367/2466 2952/325/2466
f 2952/368/2467 2960/326/2467 2962/327/2467
f 2952/369/2468 2962/327/2468 2953/329/2468
f 2952/330/2469 2953/374/2469 2943/370/2469
f 2953/331/2470 2962/332/2470 2960/333/2470 2958/334/2470 2957/335/2470 2956/336/2470 2955/337/2470 2954/338/2470
f 2943/397/2471 2944/382/2471 2945/383/2471 2946/384/2471 2947/398/2471 2948/399/2471 2959/387/2471 2950/388/2471 2961/389/2471 2952/400/2471
f 2953/347/2472 2963/348/2472 2954/301/2472
f 2954/349/2473 2963/302/2473 2964/303/2473
f 2954/350/2474 2964/351/2474 2955/305/2474
f 2955/352/2475 2964/306/2475 2965/307/2475
f 2955/353/2476 2965/354/2476 2956/309/2476
f 2956/355/2477 2965/310/2477 2966/311/2477
f 2956/356/2478 2966/357/2478 2957/313/2478
f 2957/358/2479 2966/314/2479 2967/315/2479
f 2957/359/2480 2967/360/2480 2958/361/2480
f 2958/362/2481 2967/318/2481 2968/319/2481
f 2958/379/2482 2968/380/2482 2960/363/2482
f 2960/365/2483 2968/322/2483 2969/323/2483
f 2960/366/2484 2969/367/2484 2962/325/2484
f 2962/368/2485 2969/326/2485 2970/327/2485
f 2962/369/2486 2970/327/2486 2963/329/2486
f 2963/331/2487 2970/332/2487 2969/333/2487 2968/334/2487 2967/335/2487 2966/336/2487 2965/337/2487 2964/338/2487
f 2962/370/2488 2963/371/2488 2953/372/2488
f 2963/347/2489 2971/348/2489 2964/301/2489
f 2964/349/2490 2971/302/2490 2972/303/2490
f 2964/350/2491 2972/351/2491 2965/305/2491
f 2965/352/2492 2972/306/2492 2973/307/2492
f 2965/353/2493 2973/354/2493 2966/309/2493
f 2966/355/2494 2973/310/2494 2974/311/2494
f 2966/356/2495 2974/357/2495 2967/313/2495
f 2967/358/2496 2974/314/2496 2975/315/2496
f 2967/361/2497 2975/373/2497 2968/317/2497
f 2968/362/2498 2975/318/2498 2976/319/2498
f 2968/363/2499 2976/364/2499 2969/321/2499
f 2969/365/2500 2976/322/2500 2977/323/2500
f 2969/366/2501 2977/367/2501 2970/325/2501
f 2970/368/2502 2977/326/2502 2978/327/2502
f 2970/369/2503 2978/327/2503 2971/329/2503
f 2970/330/2504 2971/374/2504 2963/370/2504
f 2971/331/2505 2978/332/2505 2977/333/2505 2976/334/2505 2975/335/2505 2974/336/2505 2973/337/2505 2972/338/2505
f 2971/347/2506 2979/348/2506 2972/301/2506
f 2972/349/2507 2979/302/2507 2980/303/2507
f 2972/350/2508 2980/351/2508 2973/305/2508
f 2973/352/2509 2980/306/2509 2981/307/2509
f 2973/353/2510 2981/354/2510 2974/309/2510
f 2974/355/2511 2981/310/2511 2982/311/2511
f 2974/356/2512 2982/357/2512 2975/313/2512
f 2975/358/2513 2982/314/2513 2983/315/2513
f 2975/361/2514 2983/373/2514 2976/317/2514
f 2976/362/2515 2983/318/2515 2984/319/2515
f 2976/363/2516 2984/364/2516 2977/321/2516
f 2977/365/2517 2984/322/2517 2985/323/2517
f 2977/366/2518 2985/367/2518 2978/325/2518
f 2978/368/2519 2985/326/2519 2986/327/2519
f 2978/369/2520 2986/327/2520 2979/329/2520
f 2978/330/2521 2979/374/2521 2971/370/2521
f 2979/331/2522 2986/332/2522 2985/333/2522 2984/334/2522 2983/335/2522 2982/336/2522 2981/337/2522 2980/338/2522
f 2979/347/2523 2987/348/2523 2980/301/2523
f 2980/349/2524 2987/302/2524 2988/303/2524
f 2980/350/2525 2988/351/2525 2981/305/2525
f 2981/352/2526 2988/306/2526 2989/307/2526
f 2981/353/2527 2989/354/2527 2982/309/2527
f 2982/355/2528 2989/310/2528 2990/311/2528
f 2982/356/2529 2990/357/2529 2983/313/2529
f 2983/358/2530 2990/314/2530 2991/315/2530
f 2983/361/2531 2991/373/2531 2984/317/2531
f 2984/362/2532 2991/318/2532 2992/319/2532
f 2984/363/2533 2992/364/2533 2985/321/2533
f 2985/365/2533 2992/322/2533 2993/323/2533
f 2985/366/2534 2993/367/2534 2986/325/2534
f 2986/368/2535 2993/326/2535 2994/327/2535
f 2986/369/2536 2994/327/2536 2987/329/2536
f 2986/330/2537 2987/374/2537 2979/370/2537
f 2987/331/2538 2994/332/2538 2993/333/2538 2992/334/2538 2991/335/2538 2990/336/2538 2989/337/2538 2988/338/2538
f 2987/347/2539 2995/348/2539 2988/301/2539
f 2988/349/2540 2995/302/2540 2996/303/2540
f 2988/350/2541 2996/351/2541 2989/305/2541
f 2989/352/2541 2996/306/2541 2997/307/2541
f 2989/353/2542 2997/354/2542 2990/309/2542
f 2990/355/2543 2997/310/2543 2998/311/2543
f 2990/356/2544 2998/357/2544 2991/313/2544
f 2991/358/2544 2998/314/2544 2999/315/2544
f 2991/361/2545 2999/373/2545 2992/317/2545
f 2992/362/2546 2999/318/2546 3000/319/2546
f 2992/363/2547 3000/364/2547 2993/321/2547
f 2993/365/2547 3000/322/2547 3001/323/2547
f 2993/366/2548 3001/367/2548 2994/325/2548
f 2994/368/2549 3001/326/2549 3002/327/2549
f 2994/369/2550 3002/327/2550 2995/329/2550
f 2994/330/2551 2995/374/2551 2987/370/2551
f 2995/331/2552 3002/332/2552 3001/333/2552 3000/334/2552 2999/335/2552 2998/336/2552 2997/337/2552 2996/338/2552
f 2995/347/2553 3003/348/2553 2996/301/2553
f 2996/349/2554 3003/302/2554 3004/303/2554
f 2996/350/2555 3004/351/2555 2997/305/2555
f 2997/352/2555 3004/306/2555 3005/307/2555
f 2997/353/2556 3005/354/2556 2998/309/2556
f 2998/355/2557 3005/310/2557 3006/311/2557
f 2998/356/2558 3006/357/2558 2999/313/2558
f 2999/358/2558 3006/314/2558 3007/315/2558
f 2999/361/2559 3007/373/2559 3000/317/2559
f 3000/362/2559 3007/318/2559 3008/319/2559
f 3000/363/2560 3008/364/2560 3001/321/2560
f 3001/365/2560 3008/322/2560 3009/323/2560
f 3001/366/2561 3009/367/2561 3002/325/2561
f 3002/368/2562 3009/326/2562 3010/327/2562
f 3002/369/2563 3010/327/2563 3003/329/2563
f 3002/330/2564 3003/374/2564 2995/370/2564
f 3003/331/2565 3010/332/2565 3009/333/2565 3008/334/2565 3007/335/2565 3006/336/2565 3005/337/2565 3004/338/2565
f 3003/347/2566 3011/348/2566 3004/301/2566
f 3004/349/2567 3011/302/2567 3012/303/2567
f 3004/350/2568 3012/351/2568 3005/305/2568
f 3005/352/2568 3012/306/2568 3013/307/2568
f 3005/353/2569 3013/354/2569 3006/309/2569
f 3006/355/2569 3013/310/2569 3014/311/2569
f 3006/356/2570 3014/357/2570 3007/313/2570
f 3007/358/2570 3014/314/2570 3015/315/2570
f 3007/361/2571 3015/373/2571 3008/317/2571
f 3008/362/2572 3015/318/2572 3016/319/2572
f 3008/363/2573 3016/364/2573 3009/321/2573
f 3009/365/2573 3016/322/2573 3017/323/2573
f 3009/366/2574 3017/367/2574 3010/325/2574
f 3010/368/2575 3017/326/2575 3018/327/2575
f 3010/369/2576 3018/327/2576 3011/329/2576
f 3010/330/2577 3011/374/2577 3003/370/2577
f 3011/331/2578 3018/332/2578 3017/333/2578 3016/334/2578 3015/335/2578 3014/336/2578 3013/337/2578 3012/338/2578
f 3011/347/2579 3019/348/2579 3012/301/2579
f 3012/349/2580 3019/302/2580 3020/303/2580
f 3012/350/2581 3020/351/2581 3013/305/2581
f 3013/352/2581 3020/306/2581 3021/307/2581
f 3013/353/2582 3021/354/2582 3014/309/2582
f 3014/355/2582 3021/310/2582 3022/311/2582
f 3014/356/2583 3022/357/2583 3015/313/2583
f 3015/358/2583 3022/314/2583 3023/315/2583
f 3015/361/2584 3023/373/2584 3016/317/2584
f 3016/362/2585 3023/318/2585 3024/319/2585
f 3016/363/2586 3024/364/2586 3017/321/2586
f 3017/365/2586 3024/322/2586 3025/323/2586
f 3017/366/2587 3025/367/2587 3018/325/2587
f 3018/368/2588 3025/326/2588 3026/327/2588
f 3018/369/2589 3026/327/2589 3019/329/2589
f 3018/330/2590 3019/374/2590 3011/370/2590
f 3019/331/2591 3026/332/2591 3025/333/2591 3024/334/2591 3023/335/2591 3022/336/2591 3021/337/2591 3020/338/2591
f 3019/347/2592 3027/348/2592 3020/301/2592
f 3020/349/2593 3027/302/2593 3028/303/2593
f 3020/350/2594 3028/351/2594 3021/305/2594
f 3021/352/2594 3028/306/2594 3029/307/2594
f 3021/353/2595 3029/354/2595 3022/309/2595
f 3022/355/2596 3029/310/2596 3030/311/2596
f 3022/356/2597 3030/357/2597 3023/313/2597
f 3023/358/2598 3030/314/2598 3031/315/2598
f 3023/361/2599 3031/373/2599 3024/317/2599
f 3024/362/2600 3031/318/2600 3032/319/2600
f 3024/363/2601 3032/364/2601 3025/321/2601
f 3025/365/2601 3032/322/2601 3033/323/2601
f 3025/366/2602 3033/367/2602 3026/325/2602
f 3026/368/2603 3033/326/2603 3034/327/2603
f 3026/369/2604 3034/327/2604 3027/329/2604
f 3026/330/2605 3027/374/2605 3019/370/2605
f 3027/331/2606 3034/332/2606 3033/333/2606 3032/334/2606 3031/335/2606 3030/336/2606 3029/337/2606 3028/338/2606
f 3027/347/2607 3035/348/2607 3028/301/2607
f 3028/349/2608 3035/302/2608 3036/303/2608
f 3028/350/2609 3036/351/2609 3029/305/2609
f 3029/352/2609 3036/306/2609 3037/307/2609
f 3029/353/2610 3037/354/2610 3030/309/2610
f 3030/355/2610 3037/310/2610 3038/311/2610
f 3030/356/2611 3038/357/2611 3031/313/2611
f 3031/358/2611 3038/314/2611 3039/315/2611
f 3031/361/2612 3039/373/2612 3032/317/2612
f 3032/362/2613 3039/318/2613 3040/319/2613
f 3032/363/2614 3040/364/2614 3033/321/2614
f 3033/365/2614 3040/322/2614 3041/323/2614
f 3033/366/2615 3041/367/2615 3034/325/2615
f 3034/368/2616 3041/326/2616 3042/327/2616
f 3034/369/2617 3042/327/2617 3035/329/2617
f 3034/330/2618 3035/374/2618 3027/370/2618
f 3035/331/2619 3042/332/2619 3041/333/2619 3040/334/2619 3039/335/2619 3038/336/2619 3037/337/2619 3036/338/2619
f 3035/347/2620 3043/348/2620 3036/301/2620
f 3036/349/2621 3043/302/2621 3044/303/2621
f 3036/350/2622 3044/351/2622 3037/305/2622
f 3037/352/2623 3044/306/2623 3045/307/2623
f 3037/353/2624 3045/354/2624 3038/309/2624
f 3038/355/2625 3045/310/2625 3046/311/2625
f 3038/356/2611 3046/357/2611 3039/313/2611
f 3039/358/2626 3046/314/2626 3047/315/2626
f 3039/361/2613 3047/373/2613 3040/317/2613
f 3040/362/2627 3047/318/2627 3048/319/2627
f 3040/363/2614 3048/364/2614 3041/321/2614
f 3041/365/2628 3048/322/2628 3049/323/2628
f 3041/366/2629 3049/367/2629 3042/325/2629
f 3042/368/2630 3049/326/2630 3050/327/2630
f 3042/369/2631 3050/327/2631 3043/329/2631
f 3042/330/2632 3043/374/2632 3035/370/2632
f 3043/331/2633 3050/332/2633 3049/333/2633 3048/334/2633 3047/335/2633 3046/336/2633 3045/337/2633 3044/338/2633
f 3043/347/2634 3051/348/2634 3044/301/2634
f 3044/349/2635 3051/302/2635 3052/303/2635
f 3044/350/2636 3052/351/2636 3045/305/2636
f 3045/352/2637 3052/306/2637 3053/307/2637
f 3045/353/2638 3053/354/2638 3046/309/2638
f 3046/355/2639 3053/310/2639 3054/311/2639
f 3046/356/2640 3054/357/2640 3047/313/2640
f 3047/358/2641 3054/314/2641 3055/315/2641
f 3047/361/2642 3055/373/2642 3048/317/2642
f 3048/362/2643 3055/318/2643 3056/319/2643
f 3048/363/2644 3056/364/2644 3049/321/2644
f 3049/365/2645 3056/322/2645 3057/323/2645
f 3049/366/2646 3057/367/2646 3050/325/2646
f 3050/368/2647 3057/326/2647 3058/327/2647
f 3050/369/2648 3058/327/2648 3051/329/2648
f 3050/330/2649 3051/374/2649 3043/370/2649
f 3051/331/2650 3058/332/2650 3057/333/2650 3056/334/2650 3055/335/2650 3054/336/2650 3053/337/2650 3052/338/2650
f 3051/347/2651 3059/348/2651 3052/301/2651
f 3052/349/2652 3059/302/2652 3060/303/2652
f 3052/350/2653 3060/351/2653 3053/305/2653
f 3053/352/2653 3060/306/2653 3061/307/2653
f 3053/353/2654 3061/354/2654 3054/309/2654
f 3054/355/2655 3061/310/2655 3062/311/2655
f 3054/356/2656 3062/357/2656 3055/313/2656
f 3055/358/2656 3062/314/2656 3063/315/2656
f 3055/361/2657 3063/373/2657 3056/317/2657
f 3056/362/2657 3063/318/2657 3064/319/2657
f 3056/363/2658 3064/364/2658 3057/321/2658
f 3057/365/2659 3064/322/2659 3065/323/2659
f 3057/366/2660 3065/367/2660 3058/325/2660
f 3058/368/2661 3065/326/2661 3066/327/2661
f 3058/369/2662 3066/327/2662 3059/329/2662
f 3058/330/2663 3059/374/2663 3051/370/2663
f 3059/331/2664 3066/332/2664 3065/333/2664 3064/334/2664 3063/335/2664 3062/336/2664 3061/337/2664 3060/338/2664
f 3059/347/2665 3067/348/2665 3060/301/2665
f 3060/349/2666 3067/302/2666 3068/303/2666
f 3060/350/2667 3068/351/2667 3061/305/2667
f 3061/352/2668 3068/306/2668 3069/307/2668
f 3061/353/2669 3069/354/2669 3062/309/2669
f 3062/355/2670 3069/310/2670 3070/311/2670
f 3062/356/2671 3070/357/2671 3063/313/2671
f 3063/358/2671 3070/314/2671 3071/315/2671
f 3063/361/2672 3071/373/2672 3064/317/2672
f 3064/362/2673 3071/318/2673 3072/319/2673
f 3064/363/2674 3072/364/2674 3065/321/2674
f 3065/365/2675 3072/322/2675 3073/323/2675
f 3065/366/2676 3073/367/2676 3066/325/2676
f 3066/368/2677 3073/326/2677 3074/327/2677
f 3066/369/2678 3074/327/2678 3067/329/2678
f 3066/330/2679 3067/374/2679 3059/370/2679
f 3067/331/2680 3074/332/2680 3073/333/2680 3072/334/2680 3071/335/2680 3070/336/2680 3069/337/2680 3068/338/2680
f 3067/347/2681 3075/348/2681 3068/301/2681
f 3068/349/2682 3075/302/2682 3076/303/2682
f 3068/350/2683 3076/351/2683 3069/305/2683
f 3069/352/2684 3076/306/2684 3077/307/2684
f 3069/353/2685 3077/354/2685 3070/309/2685
f 3070/355/2686 3077/310/2686 3078/311/2686
f 3070/356/2687 3078/357/2687 3071/313/2687
f 3071/358/2688 3078/314/2688 3079/315/2688
f 3071/361/2689 3079/373/2689 3072/317/2689
f 3072/362/2690 3079/318/2690 3080/319/2690
f 3072/363/2691 3080/364/2691 3073/321/2691
f 3073/365/2692 3080/322/2692 3081/323/2692
f 3073/366/2693 3081/367/2693 3074/325/2693
f 3074/368/2694 3081/326/2694 3082/327/2694
f 3074/369/2695 3082/327/2695 3075/329/2695
f 3074/330/2696 3075/374/2696 3067/370/2696
f 3075/331/2697 3082/332/2697 3081/333/2697 3080/334/2697 3079/335/2697 3078/336/2697 3077/337/2697 3076/338/2697
f 3075/347/2698 3083/348/2698 3076/301/2698
f 3076/349/2699 3083/302/2699 3084/303/2699
f 3076/350/2700 3084/351/2700 3077/305/2700
f 3077/352/2701 3084/306/2701 3085/307/2701
f 3077/353/2702 3085/354/2702 3078/309/2702
f 3078/355/2703 3085/310/2703 3086/311/2703
f 3078/391/2704 3086/392/2704 3079/356/2704
f 3079/358/2705 3086/314/2705 3087/315/2705
f 3079/361/2706 3087/373/2706 3080/317/2706
f 3080/362/2707 3087/318/2707 3088/319/2707
f 3080/363/2708 3088/364/2708 3081/321/2708
f 3081/365/2709 3088/322/2709 3089/323/2709
f 3081/366/2710 3089/367/2710 3082/325/2710
f 3082/368/2711 3089/326/2711 3090/327/2711
f 3082/369/2712 3090/327/2712 3083/329/2712
f 3082/330/2713 3083/374/2713 3075/370/2713
f 3083/331/2714 3090/332/2714 3089/333/2714 3088/334/2714 3087/335/2714 3086/336/2714 3085/337/2714 3084/338/2714
f 3083/347/2715 3091/348/2715 3084/301/2715
f 3084/349/2716 3091/302/2716 3092/303/2716
f 3084/350/2717 3092/351/2717 3085/305/2717
f 3085/352/2718 3092/306/2718 3093/307/2718
f 3085/353/2719 3093/354/2719 3086/309/2719
f 3086/355/2720 3093/310/2720 3094/311/2720
f 3086/356/2721 3094/357/2721 3087/313/2721
f 3087/358/2722 3094/314/2722 3095/315/2722
f 3087/361/2723 3095/373/2723 3088/317/2723
f 3088/362/2724 3095/318/2724 3096/319/2724
f 3088/363/2725 3096/364/2725 3089/321/2725
f 3089/365/2726 3096/322/2726 3097/323/2726
f 3089/366/2727 3097/367/2727 3090/325/2727
f 3090/368/2728 3097/326/2728 3098/327/2728
f 3090/369/2729 3098/327/2729 3091/329/2729
f 3090/330/2730 3091/374/2730 3083/370/2730
f 3091/331/2731 3098/332/2731 3097/333/2731 3096/334/2731 3095/335/2731 3094/336/2731 3093/337/2731 3092/338/2731
f 3091/347/2732 3099/348/2732 3092/301/2732
f 3092/349/2733 3099/302/2733 3100/303/2733
f 3092/350/2734 3100/351/2734 3093/305/2734
f 3093/352/2735 3100/306/2735 3101/307/2735
f 3093/353/2736 3101/354/2736 3094/309/2736
f 3094/355/2737 3101/310/2737 3102/311/2737
f 3094/356/2738 3102/357/2738 3095/313/2738
f 3095/358/2738 3102/314/2738 3103/315/2738
f 3095/361/2739 3103/373/2739 3096/317/2739
f 3096/362/2740 3103/318/2740 3104/319/2740
f 3096/363/2741 3104/364/2741 3097/321/2741
f 3097/365/2742 3104/322/2742 3105/323/2742
f 3097/366/2743 3105/367/2743 3098/325/2743
f 3098/368/2744 3105/326/2744 3106/327/2744
f 3098/369/2745 3106/327/2745 3099/329/2745
f 3098/330/2746 3099/374/2746 3091/370/2746
f 3099/331/2747 3106/332/2747 3105/333/2747 3104/334/2747 3103/335/2747 3102/336/2747 3101/337/2747 3100/338/2747
f 3099/347/2748 3107/348/2748 3100/301/2748
f 3100/349/2749 3107/302/2749 3108/303/2749
f 3100/350/2750 3108/351/2750 3101/305/2750
f 3101/352/2751 3108/306/2751 3109/307/2751
f 3101/353/2752 3109/354/2752 3102/309/2752
f 3102/355/2753 3109/310/2753 3110/311/2753
f 3102/356/2754 3110/357/2754 3103/313/2754
f 3103/358/2755 3110/314/2755 3111/315/2755
f 3103/361/2756 3111/373/2756 3104/317/2756
f 3104/362/2757 3111/318/2757 3112/319/2757
f 3104/363/2758 3112/364/2758 3105/321/2758
f 3105/365/2759 3112/322/2759 3113/323/2759
f 3105/366/2760 3113/367/2760 3106/325/2760
f 3106/368/2761 3113/326/2761 3114/327/2761
f 3106/369/2762 3114/327/2762 3107/329/2762
f 3106/330/2763 3107/374/2763 3099/370/2763
f 3107/331/2764 3114/332/2764 3113/333/2764 3112/334/2764 3111/335/2764 3110/336/2764 3109/337/2764 3108/338/2764
f 3107/347/2765 3115/348/2765 3108/301/2765
f 3108/349/2766 3115/302/2766 3116/303/2766
f 3108/350/2767 3116/351/2767 3109/305/2767
f 3109/352/2768 3116/306/2768 3117/307/2768
f 3109/353/2769 3117/354/2769 3110/309/2769
f 3110/355/2770 3117/310/2770 3118/311/2770
f 3110/391/2771 3118/392/2771 3111/356/2771
f 3111/358/2772 3118/314/2772 3119/315/2772
f 3111/361/2773 3119/373/2773 3112/317/2773
f 3112/362/2774 3119/318/2774 3120/319/2774
f 3112/363/2775 3120/364/2775 3113/321/2775
f 3113/365/2776 3120/322/2776 3121/323/2776
f 3113/366/2777 3121/367/2777 3114/325/2777
f 3114/368/2778 3121/326/2778 3122/327/2778
f 3114/369/2779 3122/327/2779 3115/329/2779
f 3114/330/2780 3115/374/2780 3107/370/2780
f 3115/331/2781 3122/332/2781 3121/333/2781 3120/334/2781 3119/335/2781 3118/336/2781 3117/337/2781 3116/338/2781
f 3115/347/2782 3123/348/2782 3116/301/2782
f 3116/349/2783 3123/302/2783 3124/303/2783
f 3116/350/2784 3124/351/2784 3117/305/2784
f 3117/352/2785 3124/306/2785 3125/307/2785
f 3117/353/2786 3125/354/2786 3118/309/2786
f 3118/355/2787 3125/310/2787 3126/311/2787
f 3118/356/2788 3126/357/2788 3119/313/2788
f 3119/358/2789 3126/314/2789 3127/315/2789
f 3119/361/2790 3127/373/2790 3120/317/2790
f 3120/362/2791 3127/318/2791 3128/319/2791
f 3120/363/2792 3128/364/2792 3121/321/2792
f 3121/365/2793 3128/322/2793 3129/323/2793
f 3121/366/2794 3129/367/2794 3122/325/2794
f 3122/368/2795 3129/326/2795 3130/327/2795
f 3122/369/2796 3130/327/2796 3123/329/2796
f 3122/330/2797 3123/374/2797 3115/370/2797
f 3123/331/2798 3130/332/2798 3129/333/2798 3128/334/2798 3127/335/2798 3126/336/2798 3125/337/2798 3124/338/2798
f 3123/347/2799 3131/348/2799 3124/301/2799
f 3124/349/2800 3131/302/2800 3132/303/2800
f 3124/350/2801 3132/351/2801 3125/305/2801
f 3125/352/2802 3132/306/2802 3133/307/2802
f 3125/353/2803 3133/354/2803 3126/309/2803
f 3126/355/2804 3133/310/2804 3134/311/2804
f 3126/356/2805 3134/357/2805 3127/313/2805
f 3127/358/2806 3134/314/2806 3135/315/2806
f 3127/361/2807 3135/373/2807 3128/317/2807
f 3128/362/2808 3135/318/2808 3136/319/2808
f 3128/363/2809 3136/364/2809 3129/321/2809
f 3129/365/2810 3136/322/2810 3137/323/2810
f 3129/366/2811 3137/367/2811 3130/325/2811
f 3130/368/2812 3137/326/2812 3138/327/2812
f 3130/369/2813 3138/327/2813 3131/329/2813
f 3130/330/2814 3131/374/2814 3123/370/2814
f 3131/331/2815 3138/332/2815 3137/333/2815 3136/334/2815 3135/335/2815 3134/336/2815 3133/337/2815 3132/338/2815
f 3131/347/2816 3139/348/2816 3132/301/2816
f 3132/349/2817 3139/302/2817 3140/303/2817
f 3132/350/2818 3140/351/2818 3133/305/2818
f 3133/352/2819 3140/306/2819 3141/307/2819
f 3133/353/2820 3141/354/2820 3134/309/2820
f 3134/355/2821 3141/310/2821 3142/311/2821
f 3134/356/2806 3142/357/2806 3135/313/2806
f 3135/358/2822 3142/314/2822 3143/315/2822
f 3135/361/2823 3143/373/2823 3136/317/2823
f 3136/362/2824 3143/318/2824 3144/319/2824
f 3136/363/2825 3144/364/2825 3137/321/2825
f 3137/365/2826 3144/322/2826 3145/323/2826
f 3137/366/2827 3145/367/2827 3138/325/2827
f 3138/368/2828 3145/326/2828 3146/327/2828
f 3138/369/2829 3146/327/2829 3139/329/2829
f 3138/330/2830 3139/374/2830 3131/370/2830
f 3139/331/2831 3146/332/2831 3145/333/2831 3144/334/2831 3143/335/2831 3142/336/2831 3141/337/2831 3140/338/2831
f 3139/347/2832 3147/348/2832 3140/301/2832
f 3140/349/2833 3147/302/2833 3148/303/2833
f 3140/350/2834 3148/351/2834 3141/305/2834
f 3141/352/2835 3148/306/2835 3149/307/2835
f 3141/353/2836 3149/354/2836 3142/309/2836
f 3142/355/2837 3149/310/2837 3150/311/2837
f 3142/356/2838 3150/357/2838 3143/313/2838
f 3143/358/2839 3150/314/2839 3151/315/2839
f 3143/361/2840 3151/373/2840 3144/317/2840
f 3144/362/2841 3151/318/2841 3152/319/2841
f 3144/363/2842 3152/364/2842 3145/321/2842
f 3145/365/2843 3152/322/2843 3153/323/2843
f 3145/366/2844 3153/367/2844 3146/325/2844
f 3146/368/2845 3153/326/2845 3154/327/2845
f 3146/369/2846 3154/327/2846 3147/329/2846
f 3146/330/2847 3147/374/2847 3139/370/2847
f 3147/331/2848 3154/332/2848 3153/333/2848 3152/334/2848 3151/335/2848 3150/336/2848 3149/337/2848 3148/338/2848
f 3147/347/2849 3155/348/2849 3148/301/2849
f 3148/349/2850 3155/302/2850 3156/303/2850
f 3148/350/2851 3156/351/2851 3149/305/2851
f 3149/352/2852 3156/306/2852 3157/307/2852
f 3149/353/2853 3157/354/2853 3150/309/2853
f 3150/355/2854 3157/310/2854 3158/311/2854
f 3150/391/2855 3158/392/2855 3151/356/2855
f 3151/358/2856 3158/314/2856 3159/315/2856
f 3151/359/2857 3159/360/2857 3152/361/2857
f 3152/362/2858 3159/318/2858 3160/319/2858
f 3152/363/2859 3160/364/2859 3153/321/2859
f 3153/365/2860 3160/322/2860 3161/323/2860
f 3153/366/2861 3161/367/2861 3154/325/2861
f 3154/368/2862 3161/326/2862 3162/327/2862
f 3154/369/2863 3162/327/2863 3155/329/2863
f 3155/331/2864 3162/332/2864 3161/333/2864 3160/334/2864 3159/335/2864 3158/336/2864 3157/337/2864 3156/338/2864
f 3154/370/2865 3155/371/2865 3147/372/2865
o BézierCurve.004
v -3.274693 4.963469 -23.951309
v -3.274693 3.911459 -21.042931
v -3.274693 3.224611 -18.094254
v -3.274693 2.850757 -15.064974
v -3.274693 2.737732 -11.914791
v -3.274693 2.833369 -8.603405
v -3.274694 3.085505 -5.090514
v -3.274694 3.441971 -1.335819
v -3.274694 3.850603 2.700982
v -3.274695 4.259235 7.060190
v -3.274695 4.615702 11.782105
v -3.274696 4.867837 16.907030
v -3.274696 4.963475 22.475266
l 3163 3164
l 3164 3165
l 3165 3166
l 3166 3167
l 3167 3168
l 3168 3169
l 3169 3170
l 3170 3171
l 3171 3172
l 3172 3173
l 3173 3174
l 3174 3175
o Cube
v 2.060894 -1.640207 -23.891399
v 2.060894 5.440752 -23.891399
v 2.060894 -1.640207 -25.142216
v 2.060894 5.440752 -25.142216
v 3.311710 -1.640207 -23.891399
v 3.311710 5.440752 -23.891399
v 3.311710 -1.640207 -25.142216
v 3.311710 5.440752 -25.142216
vn -1.0000 -0.0000 -0.0000
vn -0.0000 -0.0000 -1.0000
vn 1.0000 -0.0000 -0.0000
vn -0.0000 -0.0000 1.0000
vn -0.0000 -1.0000 -0.0000
vn -0.0000 1.0000 -0.0000
vt 0.375000 0.000000
vt 0.625000 0.000000
vt 0.625000 0.250000
vt 0.375000 0.250000
vt 0.625000 0.500000
vt 0.375000 0.500000
vt 0.625000 0.750000
vt 0.375000 0.750000
vt 0.625000 1.000000
vt 0.375000 1.000000
vt 0.125000 0.500000
vt 0.125000 0.750000
vt 0.875000 0.500000
vt 0.875000 0.750000
s 0
f 3176/401/2866 3177/402/2866 3179/403/2866 3178/404/2866
f 3178/404/2867 3179/403/2867 3183/405/2867 3182/406/2867
f 3182/406/2868 3183/405/2868 3181/407/2868 3180/408/2868
f 3180/408/2869 3181/407/2869 3177/409/2869 3176/410/2869
f 3178/411/2870 3182/406/2870 3180/408/2870 3176/412/2870
f 3183/405/2871 3179/413/2871 3177/414/2871 3181/407/2871
o Cube.001
v -3.938756 -1.640207 -23.891399
v -3.938756 5.440752 -23.891399
v -3.938756 -1.640207 -25.142216
v -3.938756 5.440752 -25.142216
v -2.687940 -1.640207 -23.891399
v -2.687940 5.440752 -23.891399
v -2.687940 -1.640207 -25.142216
v -2.687940 5.440752 -25.142216
vn -1.0000 -0.0000 -0.0000
vn -0.0000 -0.0000 -1.0000
vn 1.0000 -0.0000 -0.0000
vn -0.0000 -0.0000 1.0000
vn -0.0000 -1.0000 -0.0000
vn -0.0000 1.0000 -0.0000
vt 0.375000 0.000000
vt 0.625000 0.000000
vt 0.625000 0.250000
vt 0.375000 0.250000
vt 0.625000 0.500000
vt 0.375000 0.500000
vt 0.625000 0.750000
vt 0.375000 0.750000
vt 0.625000 1.000000
vt 0.375000 1.000000
vt 0.125000 0.500000
vt 0.125000 0.750000
vt 0.875000 0.500000
vt 0.875000 0.750000
s 0
f 3184/415/2872 3185/416/2872 3187/417/2872 3186/418/2872
f 3186/418/2873 3187/417/2873 3191/419/2873 3190/420/2873
f 3190/420/2874 3191/419/2874 3189/421/2874 3188/422/2874
f 3188/422/2875 3189/421/2875 3185/423/2875 3184/424/2875
f 3186/425/2876 3190/420/2876 3188/422/2876 3184/426/2876
f 3191/419/2877 3187/427/2877 3185/428/2877 3189/421/2877
