# Blender 5.0.1
# www.blender.org
mtllib UV_Bridge.mtl
o BézierCurve
v 0.000002 -0.000006 -23.213287
v 0.000002 -1.052014 -20.304909
v 0.000001 -1.738862 -17.356232
v 0.000001 -2.112716 -14.326952
v 0.000001 -2.225741 -11.176769
v 0.000001 -2.130102 -7.865383
v 0.000000 -1.877967 -4.352492
v 0.000000 -1.521501 -0.597797
v 0.000000 -1.112869 3.439004
v -0.000001 -0.704235 7.798212
v -0.000001 -0.347769 12.520127
v -0.000001 -0.095634 17.645052
v -0.000002 0.000006 23.213287
l 1 2
l 2 3
l 3 4
l 4 5
l 5 6
l 6 7
l 7 8
l 8 9
l 9 10
l 10 11
l 11 12
l 12 13
o BézierCurve.001
v 1.550886 -0.086127 -23.213287
v 1.550886 -1.138136 -20.304909
v 1.550886 -1.824984 -17.356232
v 1.550886 -2.198838 -14.326952
v 1.550885 -2.311863 -11.176769
v 1.550885 -2.216224 -7.865383
v 1.550885 -1.964089 -4.352492
v 1.550884 -1.607623 -0.597797
v 1.550884 -1.198990 3.439004
v 1.550884 -0.790357 7.798212
v 1.550883 -0.433891 12.520127
v 1.550883 -0.181756 17.645052
v 1.550883 -0.086116 23.213287
l 14 15
l 15 16
l 16 17
l 17 18
l 18 19
l 19 20
l 20 21
l 21 22
l 22 23
l 23 24
l 24 25
l 25 26
o BézierCurve.002
v -1.885375 -0.086127 -23.213287
v -1.885375 -1.138136 -20.304909
v -1.885376 -1.824984 -17.356232
v -1.885376 -2.198838 -14.326952
v -1.885376 -2.311863 -11.176769
v -1.885376 -2.216224 -7.865383
v -1.885377 -1.964089 -4.352492
v -1.885377 -1.607623 -0.597797
v -1.885377 -1.198990 3.439004
v -1.885378 -0.790357 7.798212
v -1.885378 -0.433891 12.520127
v -1.885378 -0.181756 17.645052
v -1.885379 -0.086116 23.213287
l 27 28
l 28 29
l 29 30
l 30 31
l 31 32
l 32 33
l 33 34
l 34 35
l 35 36
l 36 37
l 37 38
l 38 39
o BézierCurve.003
v 2.733374 4.963467 -23.951309
v 2.733374 3.911457 -21.042931
v 2.733374 3.224610 -18.094254
v 2.733373 2.850756 -15.064974
v 2.733373 2.737731 -11.914791
v 2.733373 2.833368 -8.603405
v 2.733373 3.085505 -5.090514
v 2.733372 3.441971 -1.335819
v 2.733372 3.850603 2.700982
v 2.733372 4.259235 7.060190
v 2.733371 4.615703 11.782105
v 2.733371 4.867838 16.907030
v 2.733371 4.963477 22.475266
l 40 41
l 41 42
l 42 43
l 43 44
l 44 45
l 45 46
l 46 47
l 47 48
l 48 49
l 49 50
l 50 51
l 51 52
o BézierCurve.004
v -3.274693 4.963467 -23.951309
v -3.274693 3.911457 -21.042931
v -3.274693 3.224610 -18.094254
v -3.274693 2.850756 -15.064974
v -3.274693 2.737731 -11.914791
v -3.274693 2.833368 -8.603405
v -3.274694 3.085505 -5.090514
v -3.274694 3.441971 -1.335819
v -3.274694 3.850603 2.700982
v -3.274695 4.259235 7.060190
v -3.274695 4.615703 11.782105
v -3.274696 4.867838 16.907030
v -3.274696 4.963477 22.475266
l 53 54
l 54 55
l 55 56
l 56 57
l 57 58
l 58 59
l 59 60
l 60 61
l 61 62
l 62 63
l 63 64
l 64 65
o Cube
v 2.060894 -1.640209 -23.891399
v 2.060894 5.440750 -23.891399
v 2.060894 -1.640209 -25.142216
v 2.060894 5.440750 -25.142216
v 3.311710 -1.640209 -23.891399
v 3.311710 5.440750 -23.891399
v 3.311710 -1.640209 -25.142216
v 3.311710 5.440750 -25.142216
vn -1.0000 -0.0000 -0.0000
vn -0.0000 -0.0000 -1.0000
vn 1.0000 -0.0000 -0.0000
vn -0.0000 -0.0000 1.0000
vn -0.0000 -1.0000 -0.0000
vn -0.0000 1.0000 -0.0000
vt 0.375000 0.000000
vt 0.625000 0.000000
vt 0.625000 0.250000
vt 0.375000 0.250000
vt 0.625000 0.500000
vt 0.375000 0.500000
vt 0.625000 0.750000
vt 0.375000 0.750000
vt 0.625000 1.000000
vt 0.375000 1.000000
vt 0.125000 0.500000
vt 0.125000 0.750000
vt 0.875000 0.500000
vt 0.875000 0.750000
s 1
f 66/1/1 67/2/1 69/3/1 68/4/1
f 68/4/2 69/3/2 73/5/2 72/6/2
f 72/6/3 73/5/3 71/7/3 70/8/3
f 70/8/4 71/7/4 67/9/4 66/10/4
f 68/11/5 72/6/5 70/8/5 66/12/5
f 73/5/6 69/13/6 67/14/6 71/7/6
o Cube.001
v -3.938756 -1.640209 -23.891399
v -3.938756 5.440750 -23.891399
v -3.938756 -1.640209 -25.142216
v -3.938756 5.440750 -25.142216
v -2.687940 -1.640209 -23.891399
v -2.687940 5.440750 -23.891399
v -2.687940 -1.640209 -25.142216
v -2.687940 5.440750 -25.142216
vn -1.0000 -0.0000 -0.0000
vn -0.0000 -0.0000 -1.0000
vn 1.0000 -0.0000 -0.0000
vn -0.0000 -0.0000 1.0000
vn -0.0000 -1.0000 -0.0000
vn -0.0000 1.0000 -0.0000
vt 0.375000 0.000000
vt 0.625000 0.000000
vt 0.625000 0.250000
vt 0.375000 0.250000
vt 0.625000 0.500000
vt 0.375000 0.500000
vt 0.625000 0.750000
vt 0.375000 0.750000
vt 0.625000 1.000000
vt 0.375000 1.000000
vt 0.125000 0.500000
vt 0.125000 0.750000
vt 0.875000 0.500000
vt 0.875000 0.750000
s 1
f 74/15/7 75/16/7 77/17/7 76/18/7
f 76/18/8 77/17/8 81/19/8 80/20/8
f 80/20/9 81/19/9 79/21/9 78/22/9
f 78/22/10 79/21/10 75/23/10 74/24/10
f 76/25/11 80/20/11 78/22/11 74/26/11
f 81/19/12 77/27/12 75/28/12 79/21/12
o Cylinder
v -1.759072 0.065300 -23.564241
v -1.762535 -0.246537 -22.826189
v -1.944882 0.002794 -24.184666
v -1.951984 -0.307713 -23.413256
v -2.037887 0.078498 -23.433235
v -2.037887 -0.229481 -22.673433
v -1.916934 0.134329 -22.879070
v -1.916934 -0.170688 -22.126600
v -1.759073 -0.554090 -21.943842
v -1.944882 -0.626467 -22.538794
v -2.037887 -0.538807 -21.818213
v -1.916934 -0.474159 -21.286795
v -1.762535 -0.861843 -21.061226
v -1.951274 -0.941696 -21.640249
v -2.033463 -0.839843 -20.905697
v -1.917246 -0.774130 -20.436525
v -1.759073 -1.163686 -20.146772
v -1.944882 -1.250195 -20.696194
v -2.037887 -1.145419 -20.030758
v -1.916934 -1.068148 -19.540012
v -1.762536 -1.436737 -19.038267
v -1.944883 -1.537200 -19.569519
v -2.033949 -1.415718 -18.926064
v -1.917246 -1.332245 -18.493711
v -1.760286 -1.697228 -17.867441
v -1.943133 -1.813276 -18.351088
v -2.027881 -1.668451 -17.742868
v -1.912604 -1.581145 -17.369135
v -1.762536 -1.940084 -16.606600
v -1.951984 -2.051444 -16.987799
v -2.037888 -1.909929 -16.513117
v -1.916934 -1.804325 -16.167122
v -1.760286 -2.106997 -15.085811
v -1.943133 -2.247594 -15.381291
v -2.027881 -2.071853 -15.008634
v -1.912605 -1.966607 -14.762965
v -1.760286 -2.255034 -13.521811
v -1.951984 -2.380148 -13.699003
v -2.040472 -2.221473 -13.483985
v -1.916221 -2.091125 -13.316567
v -1.762536 -2.290981 -11.803237
v -1.951274 -2.434722 -11.857012
v -2.033463 -2.252074 -11.792512
v -1.917246 -2.135857 -11.734963
v -1.762536 -2.297159 -10.091022
v -1.951985 -2.434139 -10.059925
v -2.040472 -2.269196 -10.104804
v -1.924877 -2.136019 -10.143924
v -1.762536 -2.229037 -8.400901
v -1.944883 -2.375816 -8.266806
v -2.033950 -2.198172 -8.428503
v -1.917246 -2.077271 -8.542210
v -1.762536 -2.146803 -6.729846
v -1.951985 -2.278845 -6.556614
v -2.037888 -2.112295 -6.780591
v -1.916935 -1.989064 -6.950974
v -1.762537 -2.018414 -5.123104
v -1.944883 -2.159167 -4.879931
v -2.033950 -1.988773 -5.173406
v -1.917247 -1.873524 -5.383303
v -1.762537 -1.893125 -3.512405
v -1.951985 -2.019910 -3.268257
v -2.037889 -1.859851 -3.580994
v -1.916935 -1.741304 -3.816464
v -1.759074 -1.739335 -1.960695
v -1.944884 -1.870635 -1.681181
v -2.037889 -1.711609 -2.019719
v -1.916935 -1.594331 -2.269382
v -1.759074 -1.587049 -0.404566
v -1.944884 -1.717352 -0.114398
v -2.037889 -1.559533 -0.465840
v -1.916935 -1.443146 -0.725020
v -1.762537 -1.436553 1.157508
v -1.951985 -1.560380 1.429514
v -2.037889 -1.403810 1.081693
v -1.916935 -1.287636 0.820311
v -1.762537 -1.280077 2.703920
v -1.951985 -1.403973 2.975337
v -2.037889 -1.247320 2.628283
v -1.916936 -1.131088 2.367487
v -1.759075 -1.121778 4.244218
v -1.944884 -1.252503 4.529927
v -2.037889 -1.094174 4.183887
v -1.916936 -0.977409 3.928691
v -1.762537 -0.980185 5.825137
v -1.951986 -1.105585 6.080029
v -2.037889 -0.946966 5.754294
v -1.916936 -0.829222 5.509676
v -1.762537 -0.835931 7.397637
v -1.951986 -0.962426 7.640470
v -2.037889 -0.802430 7.330158
v -1.916936 -0.683670 7.097134
v -1.762537 -0.692287 8.973768
v -1.951276 -0.827456 9.219314
v -2.033465 -0.655992 8.906666
v -1.917248 -0.548843 8.694121
v -1.762538 -0.581614 10.608997
v -1.951986 -0.710929 10.815469
v -2.037889 -0.547339 10.551440
v -1.916936 -0.425887 10.353017
v -1.762538 -0.465624 12.233213
v -1.951986 -0.596281 12.418497
v -2.037890 -0.430940 12.181401
v -1.916936 -0.308145 12.003081
v -1.762538 -0.357503 13.872210
v -1.951276 -0.497397 14.047165
v -2.033466 -0.319859 13.824155
v -1.917248 -0.208291 13.665733
v -1.762538 -0.286838 15.557923
v -1.951987 -0.420298 15.690899
v -2.037890 -0.251401 15.520157
v -1.916937 -0.125956 15.391255
v -1.762538 -0.211046 17.235285
v -1.951987 -0.345714 17.340410
v -2.037890 -0.175337 17.205135
v -1.916937 -0.048836 17.102764
v -1.762538 -0.149775 18.927320
v -1.951277 -0.293361 19.011251
v -2.033466 -0.111026 18.903799
v -1.917249 0.004635 18.817125
v -1.762538 -0.132206 20.645504
v -1.951987 -0.267984 20.688883
v -2.037890 -0.095949 20.631630
v -1.916937 0.031998 20.587103
v -1.762539 -0.102489 22.358105
v -1.951987 -0.239530 22.370256
v -2.037890 -0.066455 22.352736
v -1.916937 0.061791 22.337893
v -1.759076 -0.086116 24.019934
v -1.944886 -0.229780 24.019930
v -2.037890 -0.055780 24.019930
v -1.916937 0.072541 24.019930
vn 0.8326 -0.5140 -0.2061
vn -0.9708 -0.2208 -0.0937
vn -0.9066 0.3910 0.1585
vn 0.9062 0.3900 0.1635
vn -0.0028 -0.9944 0.1060
vn -0.0000 0.9950 -0.1002
vn 0.8208 -0.5383 -0.1909
vn 0.8126 -0.5454 -0.2054
vn -0.9627 -0.2557 -0.0889
vn -0.8940 0.4214 0.1523
vn 0.8858 0.4379 0.1536
vn -0.0000 -0.9927 0.1208
vn 0.8133 -0.5506 -0.1881
vn -0.9659 -0.2449 -0.0844
vn -0.8847 0.4406 0.1523
vn 0.8826 0.4430 0.1573
vn -0.0013 -0.9904 0.1379
vn 0.8099 -0.5559 -0.1869
vn -0.9534 -0.2885 -0.0878
vn -0.9738 -0.2132 -0.0794
vn -0.8857 0.4397 0.1491
vn -0.8739 0.4619 0.1518
vn 0.8736 0.4626 0.1514
vn 0.8731 0.4634 0.1513
vn 0.8695 0.4699 0.1518
vn 0.8692 0.4706 0.1520
vn -0.0000 -0.9878 0.1555
vn 0.7685 -0.6209 -0.1544
vn -0.9459 -0.3153 -0.0771
vn -0.8484 0.5135 0.1290
vn 0.8355 0.5328 0.1343
vn 0.0013 -0.9823 0.1871
vn 0.7662 -0.6267 -0.1420
vn -0.9481 -0.3112 -0.0654
vn -0.8213 0.5570 0.1232
vn -0.8354 0.5359 0.1220
vn 0.8140 0.5678 0.1223
vn 0.8225 0.5555 0.1220
vn 0.0024 -0.9732 0.2300
vn 0.7455 -0.6547 -0.1248
vn 0.6748 -0.7277 -0.1228
vn -0.9361 -0.3454 -0.0664
vn -0.9553 -0.2885 -0.0644
vn -0.8095 0.5773 0.1068
vn -0.7976 0.5936 0.1073
vn 0.8059 0.5815 0.1109
vn 0.8153 0.5683 0.1109
vn -0.0069 -0.9574 0.2886
vn 0.6860 -0.7232 -0.0804
vn 0.6415 -0.7611 -0.0965
vn -0.9200 -0.3899 -0.0393
vn -0.7624 0.6427 0.0754
vn 0.7592 0.6470 0.0711
vn -0.0002 -0.9104 0.4137
vn 0.6762 -0.7335 -0.0694
vn 0.5843 -0.8093 -0.0607
vn -0.8946 -0.4450 -0.0398
vn -0.9325 -0.3587 -0.0429
vn -0.7585 0.6492 0.0574
vn -0.7359 0.6747 0.0562
vn 0.7417 0.6681 0.0594
vn 0.7603 0.6467 0.0612
vn -0.0140 -0.7971 0.6037
vn 0.6087 -0.7933 -0.0158
vn 0.5623 -0.8266 -0.0247
vn -0.8972 -0.4415 -0.0087
vn -0.7335 0.6795 0.0153
vn -0.7118 0.7022 0.0194
vn 0.7124 0.7015 0.0203
vn 0.7338 0.6792 0.0152
vn -0.0174 -0.3763 0.9263
vn 0.5961 -0.8029 -0.0012
vn -0.8812 -0.4728 -0.0002
vn -0.9129 -0.4080 -0.0079
vn -0.7547 0.6561 0.0035
vn -0.7063 0.7079 -0.0033
vn 0.7088 0.7054 0.0035
vn 0.7075 0.7067 0.0033
vn 0.7053 0.7089 0.0028
vn 0.7041 0.7101 0.0026
vn -0.0203 0.2729 0.9618
vn 0.6404 -0.7674 0.0309
vn 0.5883 -0.8083 0.0240
vn -0.8926 -0.4504 0.0203
vn -0.7585 0.6512 -0.0246
vn -0.7294 0.6838 -0.0216
vn 0.7110 0.7026 -0.0287
vn 0.0023 0.6779 0.7351
vn 0.6218 -0.7820 0.0428
vn -0.9004 -0.4345 0.0207
vn -0.7382 0.6736 -0.0369
vn -0.7363 0.6756 -0.0373
vn 0.7175 0.6954 -0.0387
vn 0.7371 0.6749 -0.0332
vn -0.0080 0.8062 0.5917
vn 0.6588 -0.7499 0.0599
vn 0.6038 -0.7953 0.0542
vn -0.9074 -0.4189 0.0341
vn -0.7456 0.6646 -0.0492
vn 0.7385 0.6723 -0.0516
vn 0.0035 0.8696 0.4937
vn 0.6372 -0.7680 0.0645
vn -0.9065 -0.4210 0.0321
vn -0.7515 0.6574 -0.0551
vn -0.7503 0.6588 -0.0554
vn 0.7322 0.6787 -0.0574
vn 0.7498 0.6597 -0.0513
vn -0.0050 0.8916 0.4528
vn 0.6471 -0.7588 0.0738
vn 0.6164 -0.7843 0.0710
vn -0.9056 -0.4221 0.0419
vn -0.7574 0.6500 -0.0617
vn 0.7512 0.6569 -0.0646
vn -0.0000 0.9051 0.4252
vn 0.6476 -0.7584 0.0742
vn -0.8993 -0.4352 0.0426
vn -0.7591 0.6478 -0.0634
vn 0.7414 0.6679 -0.0654
vn -0.0000 0.9122 0.4097
vn 0.6366 -0.7672 0.0781
vn -0.9047 -0.4241 0.0408
vn -0.7607 0.6458 -0.0650
vn 0.7509 0.6573 -0.0639
vn -0.0039 0.9128 0.4084
vn 0.6223 -0.7788 0.0788
vn 0.6222 -0.7789 0.0788
vn -0.9118 -0.4085 0.0413
vn -0.7610 0.6454 -0.0653
vn 0.7627 0.6434 -0.0651
vn -0.0039 0.9124 0.4094
vn 0.6495 -0.7565 0.0763
vn 0.6175 -0.7832 0.0735
vn -0.9066 -0.4199 0.0432
vn -0.7595 0.6474 -0.0637
vn 0.7535 0.6540 -0.0666
vn -0.0000 0.9093 0.4161
vn 0.6320 -0.7715 0.0732
vn -0.9028 -0.4284 0.0383
vn -0.7569 0.6507 -0.0610
vn 0.7471 0.6620 -0.0599
vn -0.0036 0.9000 0.4359
vn 0.6160 -0.7844 0.0720
vn -0.9093 -0.4144 0.0380
vn -0.7557 0.6522 -0.0598
vn 0.7574 0.6502 -0.0596
vn -0.0036 0.8898 0.4563
vn 0.6393 -0.7658 0.0698
vn 0.6121 -0.7879 0.0671
vn -0.9175 -0.3961 0.0368
vn -0.7436 0.6661 -0.0581
vn 0.7450 0.6645 -0.0582
vn 0.0022 0.8833 0.4687
vn 0.6158 -0.7859 0.0554
vn -0.9045 -0.4255 0.0307
vn -0.9177 -0.3966 0.0237
vn -0.7444 0.6662 -0.0460
vn -0.7255 0.6863 -0.0507
vn 0.7269 0.6848 -0.0509
vn 0.7454 0.6651 -0.0450
vn -0.0037 0.8514 0.5245
vn 0.6039 -0.7951 0.0568
vn 0.6044 -0.7947 0.0568
vn -0.9042 -0.4259 0.0304
vn -0.7453 0.6650 -0.0475
vn 0.7471 0.6631 -0.0473
vn -0.0037 0.8218 0.5697
vn 0.6250 -0.7789 0.0514
vn 0.5987 -0.7996 0.0483
vn -0.9118 -0.4098 0.0277
vn -0.7321 0.6799 -0.0425
vn 0.7334 0.6784 -0.0427
vn 0.0035 0.7968 0.6042
vn 0.6042 -0.7960 0.0355
vn -0.8992 -0.4370 0.0201
vn -0.9140 -0.4055 0.0140
vn -0.7344 0.6780 -0.0293
vn -0.7153 0.6980 -0.0332
vn 0.7165 0.6968 -0.0334
vn 0.7357 0.6767 -0.0284
vn -0.0042 0.7136 0.7005
vn 0.5923 -0.8049 0.0364
vn 0.5925 -0.8048 0.0364
vn -0.8990 -0.4374 0.0198
vn -0.7349 0.6775 -0.0306
vn 0.7365 0.6757 -0.0305
vn -0.0044 0.6252 0.7804
vn 0.6132 -0.7894 0.0286
vn 0.5884 -0.8082 0.0251
vn -0.9068 -0.4212 0.0160
vn -0.7231 0.6903 -0.0230
vn 0.7242 0.6892 -0.0232
vn 0.0052 0.5454 0.8382
vn 0.5964 -0.8026 0.0103
vn -0.8955 -0.4450 0.0064
vn -0.9119 -0.4103 0.0012
vn -0.7280 0.6855 -0.0078
vn -0.7094 0.7047 -0.0108
vn 0.7103 0.7038 -0.0110
vn 0.7297 0.6837 -0.0070
vn -0.0053 0.3219 0.9468
vn 0.5866 -0.8097 0.0141
vn 0.5846 -0.8112 0.0137
vn -0.8958 -0.4443 0.0076
vn -0.7284 0.6851 -0.0117
vn 0.7300 0.6834 -0.0117
vn -0.0053 0.1074 0.9942
vn 0.6117 -0.7911 0.0065
vn 0.5862 -0.8102 0.0023
vn -0.8889 -0.4580 0.0047
vn -0.7277 0.6859 -0.0044
vn 0.7191 0.6949 -0.0064
vn -0.0000 -0.0000 1.0000
vt 0.812500 0.500000
vt 0.812500 1.000000
vt 0.781250 1.000000
vt 0.781250 0.500000
vt 0.593750 0.500000
vt 0.593750 1.000000
vt 0.562500 1.000000
vt 0.562500 0.500000
vt 0.375000 0.500000
vt 0.375000 1.000000
vt 0.343750 1.000000
vt 0.343750 0.500000
vt 0.218750 0.500000
vt 0.218750 1.000000
vt 0.187500 1.000000
vt 0.187500 0.500000
vt 0.250000 0.430240
vt 0.023588 0.204964
vt 0.206708 0.032358
vt 0.455015 0.165080
vt 0.750000 0.430240
vt 0.955015 0.165080
vt 0.706708 0.032358
vt 0.523588 0.204964
vt 0.796875 0.500000
vt 0.765625 1.000000
vt 0.750000 0.500000
vt 0.578125 0.500000
vt 0.546875 1.000000
vt 0.531250 0.500000
vt 0.359375 0.500000
vt 0.328125 1.000000
vt 0.312500 0.500000
vt 0.250000 0.500000
vt 0.234375 1.000000
vt 0.203125 0.500000
vt 0.843750 0.500000
vt 0.828125 1.000000
vt 0.296875 1.000000
vt 0.281250 0.500000
vt 0.406250 0.500000
vt 0.390625 1.000000
vt 0.171875 1.000000
vt 0.156250 0.500000
s 1
usemtl Material.001
f 82/29/13 83/30/13 85/31/13 84/32/13
f 84/33/14 85/34/14 87/35/14 86/36/14
f 86/37/15 87/38/15 89/39/15 88/40/15
f 88/41/16 89/42/16 83/43/16 82/44/16
f 83/45/17 89/46/17 87/47/17 85/48/17
f 82/49/18 84/50/18 86/51/18 88/52/18
f 83/53/19 90/30/19 91/31/19
f 83/32/20 91/54/20 85/55/20
f 85/33/21 91/34/21 92/35/21 87/36/21
f 87/37/22 92/38/22 93/39/22 89/40/22
f 89/41/23 93/42/23 90/43/23 83/44/23
f 90/45/24 93/46/24 92/47/24 91/48/24
f 90/29/25 94/30/25 95/31/25 91/32/25
f 91/33/26 95/34/26 96/35/26 92/36/26
f 92/37/27 96/38/27 97/39/27 93/40/27
f 93/41/28 97/42/28 94/43/28 90/44/28
f 94/45/29 97/46/29 96/47/29 95/48/29
f 94/29/30 98/30/30 99/31/30 95/32/30
f 95/56/31 99/34/31 100/35/31
f 95/36/32 100/57/32 96/58/32
f 96/59/33 100/38/33 101/39/33
f 96/40/34 101/60/34 97/61/34
f 97/62/35 101/63/36 94/41/37
f 94/64/37 101/42/36 98/43/38
f 98/45/39 101/46/39 100/47/39 99/48/39
f 98/29/40 102/30/40 103/31/40 99/32/40
f 99/33/41 103/34/41 104/35/41 100/36/41
f 100/37/42 104/38/42 105/39/42 101/40/42
f 101/41/43 105/42/43 102/43/43 98/44/43
f 102/45/44 105/46/44 104/47/44 103/48/44
f 102/29/45 106/30/45 107/31/45 103/32/45
f 103/33/46 107/34/46 108/35/46 104/36/46
f 104/59/47 108/38/47 109/39/47
f 104/40/48 109/60/48 105/61/48
f 105/62/49 109/63/49 102/41/49
f 102/64/50 109/42/50 106/43/50
f 106/45/51 109/46/51 108/47/51 107/48/51
f 106/65/52 110/66/52 107/29/52
f 107/53/53 110/30/53 111/31/53
f 107/56/54 111/34/54 112/35/54
f 107/36/55 112/57/55 108/58/55
f 108/59/56 112/38/56 113/39/56
f 108/61/57 113/67/57 109/68/57
f 109/62/58 113/63/58 106/41/58
f 106/64/59 113/42/59 110/43/59
f 110/45/60 113/46/60 112/47/60 111/48/60
f 110/53/61 114/30/61 115/31/61
f 110/32/62 115/54/62 111/55/62
f 111/33/63 115/34/63 116/35/63 112/36/63
f 112/37/64 116/38/64 117/39/64 113/40/64
f 113/41/65 117/42/65 114/43/65 110/44/65
f 114/45/66 117/46/66 116/47/66 115/48/66
f 114/65/67 118/66/67 115/29/67
f 115/53/68 118/30/68 119/31/68
f 115/56/69 119/34/69 120/35/69
f 115/36/70 120/57/70 116/58/70
f 116/59/71 120/38/71 121/39/71
f 116/61/72 121/67/72 117/68/72
f 117/62/73 121/63/73 114/41/73
f 114/64/74 121/42/74 118/43/74
f 118/45/75 121/46/75 120/47/75 119/48/75
f 118/53/76 122/30/76 123/31/76
f 118/32/77 123/54/77 119/55/77
f 119/33/78 123/34/78 124/35/78 120/36/78
f 120/69/79 124/70/79 121/37/79
f 121/59/80 124/38/80 125/39/80
f 121/64/81 125/42/81 122/43/81
f 121/44/82 122/71/82 118/72/82
f 122/45/83 125/46/83 124/47/83 123/48/83
f 122/29/84 126/30/84 127/31/84 123/32/84
f 123/56/85 127/34/85 128/35/85
f 123/36/86 128/57/86 124/58/86
f 124/59/87 128/38/87 129/39/87
f 124/40/88 129/60/88 125/61/88
f 125/62/89 129/63/90 122/41/91
f 122/64/91 129/42/90 126/43/92
f 126/45/93 129/46/93 128/47/93 127/48/93
f 126/53/94 130/30/94 131/31/94
f 126/32/95 131/54/95 127/55/95
f 127/33/96 131/34/96 132/35/96 128/36/96
f 128/69/97 132/70/97 129/37/97
f 129/59/98 132/38/98 133/39/98
f 129/41/99 133/42/99 130/43/99 126/44/99
f 130/45/100 133/46/100 132/47/100 131/48/100
f 130/29/101 134/30/101 135/31/101 131/32/101
f 131/33/102 135/34/102 136/35/102 132/36/102
f 132/59/103 136/38/103 137/39/103
f 132/40/104 137/60/104 133/61/104
f 133/62/105 137/63/105 130/41/105
f 130/64/106 137/42/106 134/43/106
f 134/45/107 137/46/107 136/47/107 135/48/107
f 134/53/108 138/30/108 139/31/108
f 134/32/109 139/54/109 135/55/109
f 135/33/110 139/34/110 140/35/110 136/36/110
f 136/37/111 140/38/111 141/39/111 137/40/111
f 137/41/112 141/42/112 138/43/112 134/44/112
f 138/45/113 141/46/113 140/47/113 139/48/113
f 138/29/114 142/30/114 143/31/114 139/32/114
f 139/33/115 143/34/115 144/35/115 140/36/115
f 140/59/116 144/38/116 145/39/116
f 140/40/117 145/60/117 141/61/117
f 141/62/118 145/63/118 138/41/118
f 138/64/119 145/42/119 142/43/119
f 142/45/120 145/46/120 144/47/120 143/48/120
f 142/53/121 146/30/121 147/31/121
f 142/32/122 147/54/122 143/55/122
f 143/33/123 147/34/123 148/35/123 144/36/123
f 144/37/124 148/38/124 149/39/124 145/40/124
f 145/41/125 149/42/125 146/43/125 142/44/125
f 146/45/126 149/46/126 148/47/126 147/48/126
f 146/29/127 150/30/127 151/31/127 147/32/127
f 147/33/128 151/34/128 152/35/128 148/36/128
f 148/37/129 152/38/129 153/39/129 149/40/129
f 149/41/130 153/42/130 150/43/130 146/44/130
f 150/45/131 153/46/131 152/47/131 151/48/131
f 150/29/132 154/30/132 155/31/132 151/32/132
f 151/33/133 155/34/133 156/35/133 152/36/133
f 152/37/134 156/38/134 157/39/134 153/40/134
f 153/41/135 157/42/135 154/43/135 150/44/135
f 154/45/136 157/46/136 156/47/136 155/48/136
f 154/53/137 158/30/137 159/31/137
f 154/32/138 159/54/138 155/55/138
f 155/33/139 159/34/139 160/35/139 156/36/139
f 156/37/140 160/38/140 161/39/140 157/40/140
f 157/41/141 161/42/141 158/43/141 154/44/141
f 158/45/142 161/46/142 160/47/142 159/48/142
f 158/53/143 162/30/143 163/31/143
f 158/32/144 163/54/144 159/55/144
f 159/33/145 163/34/145 164/35/145 160/36/145
f 160/37/146 164/38/146 165/39/146 161/40/146
f 161/41/147 165/42/147 162/43/147 158/44/147
f 162/45/148 165/46/148 164/47/148 163/48/148
f 162/29/149 166/30/149 167/31/149 163/32/149
f 163/33/150 167/34/150 168/35/150 164/36/150
f 164/37/151 168/38/151 169/39/151 165/40/151
f 165/41/152 169/42/152 166/43/152 162/44/152
f 166/45/153 169/46/153 168/47/153 167/48/153
f 166/53/154 170/30/154 171/31/154
f 166/32/154 171/54/154 167/55/154
f 167/33/155 171/34/155 172/35/155 168/36/155
f 168/37/156 172/38/156 173/39/156 169/40/156
f 169/41/157 173/42/157 170/43/157 166/44/157
f 170/45/158 173/46/158 172/47/158 171/48/158
f 170/53/159 174/30/159 175/31/159
f 170/32/160 175/54/160 171/55/160
f 171/33/161 175/34/161 176/35/161 172/36/161
f 172/37/162 176/38/162 177/39/162 173/40/162
f 173/41/163 177/42/163 174/43/163 170/44/163
f 174/45/164 177/46/164 176/47/164 175/48/164
f 174/29/165 178/30/165 179/31/165 175/32/165
f 175/56/166 179/34/166 180/35/166
f 175/36/167 180/57/167 176/58/167
f 176/59/168 180/38/168 181/39/168
f 176/40/169 181/60/169 177/61/169
f 177/62/170 181/63/170 174/41/170
f 174/64/171 181/42/171 178/43/171
f 178/45/172 181/46/172 180/47/172 179/48/172
f 178/53/173 182/30/173 183/31/173
f 178/32/174 183/54/174 179/55/174
f 179/33/175 183/34/175 184/35/175 180/36/175
f 180/37/176 184/38/176 185/39/176 181/40/176
f 181/41/177 185/42/177 182/43/177 178/44/177
f 182/45/178 185/46/178 184/47/178 183/48/178
f 182/53/179 186/30/179 187/31/179
f 182/32/180 187/54/180 183/55/180
f 183/33/181 187/34/181 188/35/181 184/36/181
f 184/37/182 188/38/182 189/39/182 185/40/182
f 185/41/183 189/42/183 186/43/183 182/44/183
f 186/45/184 189/46/184 188/47/184 187/48/184
f 186/29/185 190/30/185 191/31/185 187/32/185
f 187/56/186 191/34/186 192/35/186
f 187/36/187 192/57/187 188/58/187
f 188/59/188 192/38/188 193/39/188
f 188/40/189 193/60/189 189/61/189
f 189/62/190 193/63/190 186/41/190
f 186/64/191 193/42/191 190/43/191
f 190/45/192 193/46/192 192/47/192 191/48/192
f 190/53/193 194/30/193 195/31/193
f 190/32/194 195/54/194 191/55/194
f 191/33/195 195/34/195 196/35/195 192/36/195
f 192/37/196 196/38/196 197/39/196 193/40/196
f 193/41/197 197/42/197 194/43/197 190/44/197
f 194/45/198 197/46/198 196/47/198 195/48/198
f 194/53/199 198/30/199 199/31/199
f 194/32/200 199/54/200 195/55/200
f 195/33/201 199/34/201 200/35/201 196/36/201
f 196/37/202 200/38/202 201/39/202 197/40/202
f 197/41/203 201/42/203 198/43/203 194/44/203
f 198/45/204 201/46/204 200/47/204 199/48/204
f 198/29/205 202/30/205 203/31/205 199/32/205
f 199/56/206 203/34/206 204/35/206
f 199/36/207 204/57/207 200/58/207
f 200/59/208 204/38/208 205/39/208
f 200/40/209 205/60/209 201/61/209
f 201/62/210 205/63/210 198/41/210
f 198/64/211 205/42/211 202/43/211
f 202/45/212 205/46/212 204/47/212 203/48/212
f 202/53/213 206/30/213 207/31/213
f 202/32/214 207/54/214 203/55/214
f 203/33/215 207/34/215 208/35/215 204/36/215
f 204/37/216 208/38/216 209/39/216 205/40/216
f 205/41/217 209/42/217 206/43/217 202/44/217
f 206/45/218 209/46/218 208/47/218 207/48/218
f 206/53/219 210/30/219 211/31/219
f 206/32/220 211/54/220 207/55/220
f 207/33/221 211/34/221 212/35/221 208/36/221
f 208/37/222 212/38/222 213/39/222 209/40/222
f 209/41/223 213/42/223 210/43/223 206/44/223
f 210/45/224 213/46/224 212/47/224 211/48/224
o Cylinder.002
v 1.719065 0.065300 -23.564243
v 1.719065 -0.237554 -22.862329
v 1.715834 0.051024 -23.705936
v 1.715834 -0.251829 -23.004023
v 1.706263 0.037298 -23.842184
v 1.706263 -0.265556 -23.140270
v 1.690722 0.024647 -23.967751
v 1.690722 -0.278206 -23.265837
v 1.669807 0.013559 -24.077810
v 1.669807 -0.289295 -23.375898
v 1.644322 0.004459 -24.168135
v 1.644322 -0.298394 -23.466221
v 1.615246 -0.002302 -24.235250
v 1.615246 -0.305156 -23.533339
v 1.583696 -0.006466 -24.276581
v 1.583696 -0.309320 -23.574669
v 1.550886 -0.007872 -24.290537
v 1.550886 -0.310726 -23.588623
v 1.518076 -0.006466 -24.276581
v 1.518076 -0.309320 -23.574669
v 1.486527 -0.002302 -24.235250
v 1.486527 -0.305156 -23.533339
v 1.457451 0.004459 -24.168135
v 1.457451 -0.298394 -23.466221
v 1.431966 0.013559 -24.077810
v 1.431965 -0.289295 -23.375898
v 1.411050 0.024647 -23.967751
v 1.411050 -0.278206 -23.265837
v 1.395509 0.037298 -23.842184
v 1.395509 -0.265556 -23.140270
v 1.385939 0.051024 -23.705936
v 1.385939 -0.251829 -23.004023
v 1.382707 0.065300 -23.564243
v 1.382707 -0.237554 -22.862329
v 1.385939 0.079575 -23.422550
v 1.385939 -0.223279 -22.720636
v 1.395509 0.093301 -23.286303
v 1.395509 -0.209553 -22.584389
v 1.411050 0.105952 -23.160736
v 1.411050 -0.196902 -22.458824
v 1.431966 0.117040 -23.050676
v 1.431965 -0.185814 -22.348763
v 1.457451 0.126140 -22.960352
v 1.457451 -0.176714 -22.258438
v 1.486527 0.132902 -22.893234
v 1.486527 -0.169952 -22.191322
v 1.518076 0.137065 -22.851904
v 1.518076 -0.165788 -22.149992
v 1.550886 0.138471 -22.837950
v 1.550886 -0.164382 -22.136036
v 1.583696 0.137065 -22.851904
v 1.583696 -0.165788 -22.149992
v 1.615246 0.132902 -22.893234
v 1.615246 -0.169952 -22.191322
v 1.644322 0.126140 -22.960352
v 1.644322 -0.176714 -22.258438
v 1.669807 0.117040 -23.050676
v 1.669807 -0.185814 -22.348763
v 1.690722 0.105952 -23.160736
v 1.690722 -0.196902 -22.458824
v 1.706263 0.093301 -23.286303
v 1.706263 -0.209553 -22.584389
v 1.715834 0.079575 -23.422550
v 1.715834 -0.223279 -22.720636
v 1.719065 -0.249208 -22.743090
v 1.719065 -0.544050 -21.966663
v 1.715834 -0.264998 -22.881033
v 1.715834 -0.559841 -22.104609
v 1.706263 -0.280182 -23.013678
v 1.706263 -0.575024 -22.237251
v 1.690722 -0.294175 -23.135921
v 1.690722 -0.589018 -22.359497
v 1.669807 -0.306441 -23.243071
v 1.669807 -0.601283 -22.466644
v 1.644321 -0.316506 -23.331005
v 1.644321 -0.611349 -22.554579
v 1.615245 -0.323986 -23.396347
v 1.615245 -0.618828 -22.619921
v 1.583696 -0.328592 -23.436584
v 1.583696 -0.623434 -22.660158
v 1.550886 -0.330147 -23.450171
v 1.550886 -0.624990 -22.673744
v 1.518076 -0.328592 -23.436584
v 1.518076 -0.623434 -22.660158
v 1.486527 -0.323986 -23.396347
v 1.486527 -0.618828 -22.619921
v 1.457451 -0.316506 -23.331005
v 1.457451 -0.611349 -22.554579
v 1.431965 -0.306441 -23.243071
v 1.431965 -0.601283 -22.466644
v 1.411050 -0.294175 -23.135921
v 1.411050 -0.589018 -22.359497
v 1.395509 -0.280182 -23.013678
v 1.395509 -0.575024 -22.237251
v 1.385939 -0.264998 -22.881033
v 1.385938 -0.559840 -22.104609
v 1.382707 -0.249208 -22.743090
v 1.382707 -0.544050 -21.966663
v 1.385939 -0.233417 -22.605145
v 1.385938 -0.528259 -21.828718
v 1.395509 -0.218233 -22.472502
v 1.395509 -0.513076 -21.696075
v 1.411050 -0.204240 -22.350256
v 1.411050 -0.499082 -21.573830
v 1.431965 -0.191975 -22.243109
v 1.431965 -0.486817 -21.466681
v 1.457451 -0.181909 -22.155172
v 1.457451 -0.476751 -21.378746
v 1.486527 -0.174429 -22.089832
v 1.486527 -0.469271 -21.313406
v 1.518076 -0.169823 -22.049593
v 1.518076 -0.464666 -21.273169
v 1.550886 -0.168268 -22.036009
v 1.550886 -0.463110 -21.259581
v 1.583696 -0.169823 -22.049593
v 1.583696 -0.464666 -21.273169
v 1.615245 -0.174429 -22.089832
v 1.615245 -0.469271 -21.313406
v 1.644321 -0.181909 -22.155172
v 1.644321 -0.476751 -21.378746
v 1.669807 -0.191975 -22.243109
v 1.669807 -0.486817 -21.466681
v 1.690722 -0.204240 -22.350256
v 1.690722 -0.499082 -21.573830
v 1.706263 -0.218233 -22.472502
v 1.706263 -0.513076 -21.696075
v 1.715834 -0.233417 -22.605145
v 1.715834 -0.528259 -21.828718
v 1.719065 -0.564130 -21.921022
v 1.719065 -0.850130 -21.071909
v 1.715834 -0.581399 -22.054829
v 1.715834 -0.867399 -21.205717
v 1.706263 -0.598004 -22.183495
v 1.706263 -0.884004 -21.334381
v 1.690722 -0.613308 -22.302073
v 1.690722 -0.899308 -21.452961
v 1.669807 -0.626721 -22.406008
v 1.669807 -0.912721 -21.556896
v 1.644321 -0.637729 -22.491306
v 1.644321 -0.923729 -21.642193
v 1.615245 -0.645909 -22.554688
v 1.615245 -0.931909 -21.705576
v 1.583696 -0.650946 -22.593719
v 1.583696 -0.936946 -21.744606
v 1.550886 -0.652647 -22.606897
v 1.550886 -0.938647 -21.757784
v 1.518076 -0.650946 -22.593719
v 1.518076 -0.936946 -21.744606
v 1.486527 -0.645909 -22.554688
v 1.486527 -0.931909 -21.705576
v 1.457451 -0.637729 -22.491306
v 1.457451 -0.923729 -21.642193
v 1.431965 -0.626721 -22.406008
v 1.431965 -0.912721 -21.556896
v 1.411050 -0.613308 -22.302073
v 1.411050 -0.899308 -21.452961
v 1.395509 -0.598004 -22.183495
v 1.395509 -0.884004 -21.334381
v 1.385939 -0.581399 -22.054829
v 1.385938 -0.867399 -21.205717
v 1.382707 -0.564130 -21.921022
v 1.382707 -0.850130 -21.071909
v 1.385939 -0.546861 -21.787214
v 1.385938 -0.832861 -20.938101
v 1.395509 -0.530256 -21.658548
v 1.395509 -0.816256 -20.809435
v 1.411050 -0.514953 -21.539968
v 1.411050 -0.800953 -20.690857
v 1.431965 -0.501539 -21.436033
v 1.431965 -0.787539 -20.586922
v 1.457451 -0.490531 -21.350737
v 1.457451 -0.776531 -20.501623
v 1.486527 -0.482351 -21.287355
v 1.486527 -0.768351 -20.438244
v 1.518076 -0.477314 -21.248325
v 1.518076 -0.763314 -20.399212
v 1.550886 -0.475613 -21.235146
v 1.550886 -0.761613 -20.386034
v 1.583696 -0.477314 -21.248325
v 1.583696 -0.763314 -20.399212
v 1.615245 -0.482351 -21.287355
v 1.615245 -0.768351 -20.438244
v 1.644321 -0.490531 -21.350737
v 1.644321 -0.776531 -20.501623
v 1.669807 -0.501539 -21.436033
v 1.669807 -0.787539 -20.586922
v 1.690722 -0.514953 -21.539968
v 1.690722 -0.800953 -20.690857
v 1.706263 -0.530256 -21.658548
v 1.706263 -0.816256 -20.809435
v 1.715834 -0.546861 -21.787214
v 1.715834 -0.832861 -20.938101
v 1.719065 -0.879434 -21.097740
v 1.719065 -1.155830 -20.178368
v 1.715834 -0.898131 -21.227057
v 1.715834 -1.174527 -20.307682
v 1.706263 -0.916111 -21.351400
v 1.706263 -1.192507 -20.432028
v 1.690722 -0.932680 -21.465998
v 1.690722 -1.209076 -20.546623
v 1.669807 -0.947204 -21.566441
v 1.669807 -1.223600 -20.647068
v 1.644321 -0.959123 -21.648876
v 1.644321 -1.235519 -20.729502
v 1.615245 -0.967980 -21.710129
v 1.615245 -1.244376 -20.790756
v 1.583696 -0.973433 -21.747849
v 1.583696 -1.249830 -20.828474
v 1.550886 -0.975275 -21.760586
v 1.550886 -1.251671 -20.841211
v 1.518076 -0.973433 -21.747849
v 1.518076 -1.249830 -20.828474
v 1.486527 -0.967980 -21.710129
v 1.486526 -1.244376 -20.790756
v 1.457451 -0.959123 -21.648876
v 1.457451 -1.235519 -20.729504
v 1.431965 -0.947204 -21.566441
v 1.431965 -1.223600 -20.647068
v 1.411050 -0.932680 -21.465998
v 1.411050 -1.209076 -20.546625
v 1.395509 -0.916111 -21.351400
v 1.395509 -1.192507 -20.432028
v 1.385938 -0.898131 -21.227057
v 1.385938 -1.174527 -20.307682
v 1.382707 -0.879434 -21.097740
v 1.382707 -1.155830 -20.178368
v 1.385938 -0.860736 -20.968428
v 1.385938 -1.137132 -20.049053
v 1.395509 -0.842757 -20.844082
v 1.395509 -1.119153 -19.924709
v 1.411050 -0.826187 -20.729486
v 1.411050 -1.102583 -19.810112
v 1.431965 -0.811664 -20.629040
v 1.431965 -1.088059 -19.709667
v 1.457451 -0.799745 -20.546608
v 1.457451 -1.076139 -19.627234
v 1.486527 -0.790888 -20.485353
v 1.486526 -1.067283 -19.565981
v 1.518076 -0.785434 -20.447634
v 1.518076 -1.061829 -19.528259
v 1.550886 -0.783592 -20.434898
v 1.550886 -1.059987 -19.515524
v 1.583696 -0.785434 -20.447634
v 1.583696 -1.061829 -19.528259
v 1.615245 -0.790888 -20.485353
v 1.615245 -1.067283 -19.565981
v 1.644321 -0.799745 -20.546606
v 1.644321 -1.076139 -19.627234
v 1.669807 -0.811664 -20.629040
v 1.669807 -1.088059 -19.709667
v 1.690722 -0.826187 -20.729485
v 1.690722 -1.102583 -19.810112
v 1.706263 -0.842757 -20.844082
v 1.706263 -1.119153 -19.924709
v 1.715834 -0.860736 -20.968428
v 1.715834 -1.137132 -20.049053
v 1.719065 -1.171543 -20.115179
v 1.719065 -1.431536 -19.091637
v 1.715834 -1.192358 -20.236818
v 1.715833 -1.452352 -19.213278
v 1.706263 -1.212375 -20.353785
v 1.706263 -1.472369 -19.330242
v 1.690722 -1.230823 -20.461582
v 1.690722 -1.490816 -19.438040
v 1.669807 -1.246991 -20.556067
v 1.669806 -1.506985 -19.532524
v 1.644321 -1.260261 -20.633606
v 1.644321 -1.520254 -19.610065
v 1.615245 -1.270121 -20.691225
v 1.615245 -1.530114 -19.667683
v 1.583696 -1.276193 -20.726707
v 1.583696 -1.536186 -19.703165
v 1.550886 -1.278243 -20.738688
v 1.550886 -1.538236 -19.715147
v 1.518076 -1.276193 -20.726707
v 1.518076 -1.536186 -19.703165
v 1.486526 -1.270121 -20.691225
v 1.486526 -1.530114 -19.667683
v 1.457451 -1.260261 -20.633608
v 1.457451 -1.520254 -19.610065
v 1.431965 -1.246991 -20.556067
v 1.431965 -1.506985 -19.532524
v 1.411050 -1.230823 -20.461582
v 1.411050 -1.490816 -19.438040
v 1.395509 -1.212375 -20.353785
v 1.395509 -1.472369 -19.330242
v 1.385938 -1.192358 -20.236818
v 1.385938 -1.452352 -19.213278
v 1.382707 -1.171543 -20.115179
v 1.382707 -1.431536 -19.091637
v 1.385938 -1.150727 -19.993538
v 1.385938 -1.410720 -18.969995
v 1.395509 -1.130710 -19.876572
v 1.395509 -1.390703 -18.853031
v 1.411050 -1.112263 -19.768776
v 1.411050 -1.372256 -18.745234
v 1.431965 -1.096093 -19.674292
v 1.431965 -1.356087 -18.650749
v 1.457451 -1.082824 -19.596750
v 1.457451 -1.342818 -18.573208
v 1.486526 -1.072963 -19.539131
v 1.486526 -1.332958 -18.515591
v 1.518076 -1.066892 -19.503649
v 1.518076 -1.326886 -18.480108
v 1.550886 -1.064841 -19.491669
v 1.550886 -1.324835 -18.468126
v 1.583696 -1.066892 -19.503649
v 1.583696 -1.326886 -18.480108
v 1.615245 -1.072963 -19.539131
v 1.615245 -1.332958 -18.515591
v 1.644321 -1.082824 -19.596748
v 1.644321 -1.342818 -18.573208
v 1.669807 -1.096093 -19.674290
v 1.669807 -1.356087 -18.650749
v 1.690722 -1.112263 -19.768776
v 1.690722 -1.372256 -18.745234
v 1.706263 -1.130710 -19.876572
v 1.706263 -1.390703 -18.853031
v 1.715834 -1.150727 -19.993538
v 1.715833 -1.410720 -18.969995
v 1.719065 -1.449915 -19.028589
v 1.719065 -1.687246 -17.885382
v 1.715834 -1.473165 -19.139626
v 1.715833 -1.710496 -17.996420
v 1.706263 -1.495521 -19.246397
v 1.706263 -1.732853 -18.103189
v 1.690722 -1.516125 -19.344795
v 1.690722 -1.753456 -18.201590
v 1.669807 -1.534184 -19.431046
v 1.669806 -1.771516 -18.287838
v 1.644321 -1.549005 -19.501827
v 1.644321 -1.786337 -18.358622
v 1.615245 -1.560018 -19.554422
v 1.615245 -1.797349 -18.411219
v 1.583696 -1.566800 -19.586811
v 1.583696 -1.804131 -18.443605
v 1.550886 -1.569090 -19.597748
v 1.550886 -1.806421 -18.454542
v 1.518076 -1.566800 -19.586811
v 1.518076 -1.804131 -18.443605
v 1.486526 -1.560018 -19.554422
v 1.486526 -1.797349 -18.411219
v 1.457451 -1.549005 -19.501827
v 1.457451 -1.786337 -18.358622
v 1.431965 -1.534184 -19.431046
v 1.431965 -1.771516 -18.287838
v 1.411050 -1.516125 -19.344795
v 1.411050 -1.753456 -18.201590
v 1.395509 -1.495521 -19.246397
v 1.395509 -1.732853 -18.103191
v 1.385938 -1.473165 -19.139626
v 1.385938 -1.710496 -17.996420
v 1.382707 -1.449915 -19.028589
v 1.382707 -1.687246 -17.885382
v 1.385938 -1.426665 -18.917549
v 1.385938 -1.663996 -17.774343
v 1.395509 -1.404308 -18.810781
v 1.395509 -1.641640 -17.667574
v 1.411050 -1.383705 -18.712379
v 1.411050 -1.621036 -17.569174
v 1.431965 -1.365645 -18.626131
v 1.431965 -1.602977 -17.482925
v 1.457451 -1.350824 -18.555349
v 1.457451 -1.588156 -17.412142
v 1.486526 -1.339811 -18.502752
v 1.486526 -1.577143 -17.359547
v 1.518076 -1.333030 -18.470364
v 1.518076 -1.570361 -17.327158
v 1.550886 -1.330740 -18.459429
v 1.550886 -1.568071 -17.316223
v 1.583696 -1.333030 -18.470364
v 1.583696 -1.570361 -17.327158
v 1.615245 -1.339811 -18.502752
v 1.615245 -1.577143 -17.359547
v 1.644321 -1.350824 -18.555349
v 1.644321 -1.588156 -17.412142
v 1.669807 -1.365645 -18.626131
v 1.669807 -1.602977 -17.482925
v 1.690722 -1.383705 -18.712379
v 1.690722 -1.621036 -17.569174
v 1.706263 -1.404309 -18.810780
v 1.706263 -1.641640 -17.667574
v 1.715834 -1.426665 -18.917549
v 1.715833 -1.663996 -17.774343
v 1.719065 -1.726352 -17.923925
v 1.719065 -1.938161 -16.670679
v 1.715833 -1.751840 -18.023024
v 1.715833 -1.963649 -16.769777
v 1.706263 -1.776348 -18.118311
v 1.706263 -1.988157 -16.865067
v 1.690722 -1.798935 -18.206131
v 1.690722 -2.010744 -16.952885
v 1.669806 -1.818733 -18.283102
v 1.669806 -2.030542 -17.029858
v 1.644321 -1.834980 -18.346273
v 1.644321 -2.046789 -17.093029
v 1.615245 -1.847053 -18.393213
v 1.615245 -2.058862 -17.139969
v 1.583696 -1.854488 -18.422119
v 1.583696 -2.066297 -17.168875
v 1.550886 -1.856998 -18.431881
v 1.550886 -2.068807 -17.178635
v 1.518076 -1.854488 -18.422119
v 1.518076 -2.066297 -17.168875
v 1.486526 -1.847053 -18.393213
v 1.486526 -2.058862 -17.139969
v 1.457451 -1.834980 -18.346273
v 1.457450 -2.046789 -17.093029
v 1.431965 -1.818733 -18.283104
v 1.431965 -2.030542 -17.029858
v 1.411050 -1.798935 -18.206131
v 1.411050 -2.010744 -16.952885
v 1.395509 -1.776348 -18.118311
v 1.395508 -1.988157 -16.865067
v 1.385938 -1.751840 -18.023024
v 1.385938 -1.963649 -16.769777
v 1.382707 -1.726352 -17.923927
v 1.382707 -1.938161 -16.670681
v 1.385938 -1.700864 -17.824829
v 1.385938 -1.912673 -16.571583
v 1.395509 -1.676356 -17.729540
v 1.395509 -1.888165 -16.476295
v 1.411050 -1.653768 -17.641722
v 1.411050 -1.865578 -16.388475
v 1.431965 -1.633971 -17.564747
v 1.431965 -1.845780 -16.311504
v 1.457451 -1.617723 -17.501577
v 1.457450 -1.829533 -16.248333
v 1.486526 -1.605650 -17.454638
v 1.486526 -1.817460 -16.201393
v 1.518076 -1.598216 -17.425732
v 1.518076 -1.810025 -16.172487
v 1.550886 -1.595705 -17.415972
v 1.550886 -1.807515 -16.162725
v 1.583696 -1.598216 -17.425732
v 1.583696 -1.810025 -16.172487
v 1.615245 -1.605650 -17.454638
v 1.615245 -1.817460 -16.201393
v 1.644321 -1.617723 -17.501577
v 1.644321 -1.829533 -16.248333
v 1.669807 -1.633971 -17.564747
v 1.669806 -1.845780 -16.311502
v 1.690722 -1.653768 -17.641722
v 1.690722 -1.865578 -16.388475
v 1.706263 -1.676356 -17.729540
v 1.706263 -1.888165 -16.476295
v 1.715833 -1.700864 -17.824829
v 1.715833 -1.912673 -16.571583
v 1.719065 -1.931629 -16.519144
v 1.719065 -2.097997 -15.117014
v 1.715833 -1.960145 -16.596979
v 1.715833 -2.126512 -15.194850
v 1.706263 -1.987565 -16.671824
v 1.706263 -2.153932 -15.269696
v 1.690722 -2.012835 -16.740803
v 1.690722 -2.179202 -15.338673
v 1.669806 -2.034985 -16.801260
v 1.669806 -2.201352 -15.399133
v 1.644321 -2.053162 -16.850880
v 1.644321 -2.219530 -15.448751
v 1.615245 -2.066670 -16.887749
v 1.615245 -2.233037 -15.485620
v 1.583696 -2.074987 -16.910454
v 1.583696 -2.241355 -15.508324
v 1.550886 -2.077796 -16.918119
v 1.550886 -2.244163 -15.515990
v 1.518076 -2.074987 -16.910454
v 1.518075 -2.241355 -15.508324
v 1.486526 -2.066670 -16.887749
v 1.486526 -2.233037 -15.485620
v 1.457450 -2.053162 -16.850880
v 1.457450 -2.219530 -15.448751
v 1.431965 -2.034985 -16.801262
v 1.431965 -2.201352 -15.399133
v 1.411050 -2.012835 -16.740803
v 1.411050 -2.179202 -15.338674
v 1.395508 -1.987565 -16.671824
v 1.395508 -2.153932 -15.269696
v 1.385938 -1.960145 -16.596979
v 1.385938 -2.126512 -15.194850
v 1.382707 -1.931629 -16.519144
v 1.382706 -2.097997 -15.117014
v 1.385938 -1.903114 -16.441307
v 1.385938 -2.069481 -15.039179
v 1.395508 -1.875693 -16.366461
v 1.395508 -2.042061 -14.964333
v 1.411050 -1.850423 -16.297483
v 1.411050 -2.016790 -14.895355
v 1.431965 -1.828274 -16.237024
v 1.431965 -1.994641 -14.834896
v 1.457450 -1.810096 -16.187407
v 1.457450 -1.976463 -14.785277
v 1.486526 -1.796589 -16.150537
v 1.486526 -1.962956 -14.748408
v 1.518076 -1.788271 -16.127832
v 1.518076 -1.954638 -14.725703
v 1.550886 -1.785462 -16.120167
v 1.550886 -1.951829 -14.718037
v 1.583696 -1.788271 -16.127832
v 1.583696 -1.954638 -14.725703
v 1.615245 -1.796589 -16.150537
v 1.615245 -1.962956 -14.748408
v 1.644321 -1.810096 -16.187407
v 1.644321 -1.976463 -14.785277
v 1.669806 -1.828274 -16.237024
v 1.669806 -1.994641 -14.834894
v 1.690722 -1.850423 -16.297483
v 1.690722 -2.016790 -14.895355
v 1.706263 -1.875693 -16.366461
v 1.706263 -2.042061 -14.964333
v 1.715833 -1.903114 -16.441307
v 1.715833 -2.069481 -15.039177
v 1.719065 -2.139112 -15.095551
v 1.719065 -2.255627 -13.582150
v 1.715833 -2.169890 -15.150064
v 1.715833 -2.286406 -13.636662
v 1.706263 -2.199486 -15.202481
v 1.706263 -2.316002 -13.689081
v 1.690722 -2.226762 -15.250791
v 1.690721 -2.343278 -13.737390
v 1.669806 -2.250669 -15.293133
v 1.669806 -2.367185 -13.779733
v 1.644321 -2.270289 -15.327884
v 1.644321 -2.386805 -13.814484
v 1.615245 -2.284869 -15.353705
v 1.615245 -2.401385 -13.840305
v 1.583696 -2.293847 -15.369607
v 1.583696 -2.410362 -13.856206
v 1.550886 -2.296878 -15.374974
v 1.550885 -2.413394 -13.861574
v 1.518075 -2.293846 -15.369607
v 1.518075 -2.410362 -13.856206
v 1.486526 -2.284869 -15.353705
v 1.486526 -2.401384 -13.840305
v 1.457450 -2.270289 -15.327884
v 1.457450 -2.386805 -13.814484
v 1.431965 -2.250669 -15.293135
v 1.431965 -2.367185 -13.779734
v 1.411050 -2.226762 -15.250791
v 1.411050 -2.343278 -13.737390
v 1.395508 -2.199486 -15.202481
v 1.395508 -2.316002 -13.689081
v 1.385938 -2.169890 -15.150064
v 1.385938 -2.286406 -13.636664
v 1.382707 -2.139112 -15.095551
v 1.382706 -2.255627 -13.582150
v 1.385938 -2.108333 -15.041039
v 1.385938 -2.224848 -13.527637
v 1.395508 -2.078737 -14.988620
v 1.395508 -2.195252 -13.475220
v 1.411050 -2.051461 -14.940311
v 1.411050 -2.167977 -13.426910
v 1.431965 -2.027554 -14.897968
v 1.431965 -2.144069 -13.384568
v 1.457450 -2.007934 -14.863217
v 1.457450 -2.124449 -13.349817
v 1.486526 -1.993354 -14.837396
v 1.486526 -2.109870 -13.323996
v 1.518076 -1.984376 -14.821495
v 1.518075 -2.100892 -13.308095
v 1.550886 -1.981345 -14.816127
v 1.550886 -2.097861 -13.302727
v 1.583696 -1.984376 -14.821495
v 1.583696 -2.100892 -13.308095
v 1.615245 -1.993354 -14.837396
v 1.615245 -2.109870 -13.323996
v 1.644321 -2.007934 -14.863217
v 1.644321 -2.124449 -13.349817
v 1.669806 -2.027554 -14.897967
v 1.669806 -2.144069 -13.384566
v 1.690722 -2.051461 -14.940311
v 1.690721 -2.167977 -13.426910
v 1.706263 -2.078737 -14.988620
v 1.706263 -2.195252 -13.475220
v 1.715833 -2.108333 -15.041037
v 1.715833 -2.224849 -13.527637
v 1.719065 -2.230168 -13.441122
v 1.719065 -2.288092 -11.851938
v 1.715833 -2.262488 -13.468223
v 1.715833 -2.320411 -11.879038
v 1.706263 -2.293566 -13.494282
v 1.706263 -2.351490 -11.905097
v 1.690721 -2.322207 -13.518297
v 1.690721 -2.380131 -11.929112
v 1.669806 -2.347312 -13.539348
v 1.669806 -2.405236 -11.950163
v 1.644321 -2.367915 -13.556623
v 1.644321 -2.425839 -11.967438
v 1.615245 -2.383224 -13.569460
v 1.615245 -2.441148 -11.980275
v 1.583696 -2.392651 -13.577364
v 1.583695 -2.450575 -11.988180
v 1.550885 -2.395834 -13.580033
v 1.550885 -2.453758 -11.990849
v 1.518075 -2.392651 -13.577364
v 1.518075 -2.450575 -11.988180
v 1.486526 -2.383224 -13.569460
v 1.486526 -2.441148 -11.980275
v 1.457450 -2.367914 -13.556623
v 1.457450 -2.425838 -11.967439
v 1.431965 -2.347312 -13.539348
v 1.431965 -2.405236 -11.950163
v 1.411050 -2.322207 -13.518297
v 1.411050 -2.380131 -11.929113
v 1.395508 -2.293566 -13.494282
v 1.395508 -2.351489 -11.905097
v 1.385938 -2.262488 -13.468224
v 1.385938 -2.320411 -11.879039
v 1.382706 -2.230168 -13.441124
v 1.382706 -2.288091 -11.851938
v 1.385938 -2.197848 -13.414023
v 1.385938 -2.255771 -11.824838
v 1.395508 -2.166770 -13.387964
v 1.395508 -2.224694 -11.798779
v 1.411050 -2.138128 -13.363949
v 1.411050 -2.196052 -11.774764
v 1.431965 -2.113024 -13.342898
v 1.431965 -2.170948 -11.753714
v 1.457450 -2.092421 -13.325624
v 1.457450 -2.150345 -11.736439
v 1.486526 -2.077112 -13.312786
v 1.486526 -2.135036 -11.723601
v 1.518075 -2.067684 -13.304882
v 1.518075 -2.125608 -11.715696
v 1.550886 -2.064501 -13.302213
v 1.550885 -2.122425 -11.713028
v 1.583696 -2.067684 -13.304880
v 1.583696 -2.125608 -11.715696
v 1.615245 -2.077112 -13.312786
v 1.615245 -2.135036 -11.723601
v 1.644321 -2.092421 -13.325624
v 1.644321 -2.150345 -11.736439
v 1.669806 -2.113024 -13.342898
v 1.669806 -2.170948 -11.753714
v 1.690722 -2.138128 -13.363949
v 1.690721 -2.196052 -11.774764
v 1.706263 -2.166770 -13.387964
v 1.706263 -2.224694 -11.798779
v 1.715833 -2.197848 -13.414022
v 1.715833 -2.255772 -11.824838
v 1.719064 -2.305446 -11.757980
v 1.719064 -2.305259 -10.144694
v 1.715833 -2.338257 -11.757893
v 1.715833 -2.338069 -10.144607
v 1.706263 -2.369806 -11.757808
v 1.706262 -2.369618 -10.144522
v 1.690721 -2.398882 -11.757730
v 1.690721 -2.398695 -10.144444
v 1.669806 -2.424367 -11.757663
v 1.669806 -2.424180 -10.144377
v 1.644321 -2.445282 -11.757607
v 1.644321 -2.445095 -10.144320
v 1.615245 -2.460824 -11.757565
v 1.615245 -2.460636 -10.144279
v 1.583695 -2.470394 -11.757540
v 1.583695 -2.470207 -10.144254
v 1.550885 -2.473625 -11.757531
v 1.550885 -2.473438 -10.144245
v 1.518075 -2.470394 -11.757540
v 1.518075 -2.470207 -10.144254
v 1.486526 -2.460824 -11.757565
v 1.486526 -2.460636 -10.144279
v 1.457450 -2.445282 -11.757607
v 1.457450 -2.445095 -10.144321
v 1.431965 -2.424367 -11.757663
v 1.431965 -2.424180 -10.144377
v 1.411049 -2.398882 -11.757731
v 1.411049 -2.398694 -10.144444
v 1.395508 -2.369806 -11.757809
v 1.395508 -2.369618 -10.144523
v 1.385938 -2.338257 -11.757893
v 1.385938 -2.338069 -10.144608
v 1.382706 -2.305446 -11.757980
v 1.382706 -2.305259 -10.144694
v 1.385938 -2.272636 -11.758068
v 1.385938 -2.272449 -10.144782
v 1.395508 -2.241087 -11.758153
v 1.395508 -2.240900 -10.144867
v 1.411050 -2.212011 -11.758230
v 1.411049 -2.211824 -10.144944
v 1.431965 -2.186526 -11.758298
v 1.431965 -2.186338 -10.145012
v 1.457450 -2.165611 -11.758354
v 1.457450 -2.165423 -10.145068
v 1.486526 -2.150069 -11.758395
v 1.486526 -2.149882 -10.145109
v 1.518075 -2.140499 -11.758421
v 1.518075 -2.140312 -10.145135
v 1.550885 -2.137267 -11.758430
v 1.550885 -2.137080 -10.145144
v 1.583696 -2.140499 -11.758421
v 1.583695 -2.140312 -10.145135
v 1.615245 -2.150069 -11.758395
v 1.615245 -2.149882 -10.145109
v 1.644321 -2.165611 -11.758353
v 1.644321 -2.165423 -10.145067
v 1.669806 -2.186526 -11.758298
v 1.669806 -2.186338 -10.145012
v 1.690721 -2.212011 -11.758229
v 1.690721 -2.211824 -10.144943
v 1.706263 -2.241087 -11.758152
v 1.706263 -2.240900 -10.144866
v 1.715833 -2.272636 -11.758067
v 1.715833 -2.272449 -10.144782
v 1.719064 -2.277955 -10.048499
v 1.719064 -2.234398 -8.448797
v 1.715833 -2.310489 -10.028121
v 1.715833 -2.266932 -8.428418
v 1.706262 -2.341773 -10.008526
v 1.706262 -2.298216 -8.408823
v 1.690721 -2.370604 -9.990466
v 1.690721 -2.327047 -8.390763
v 1.669806 -2.395874 -9.974637
v 1.669806 -2.352317 -8.374935
v 1.644321 -2.416614 -9.961647
v 1.644320 -2.373057 -8.361944
v 1.615245 -2.432024 -9.951994
v 1.615244 -2.388467 -8.352291
v 1.583695 -2.441514 -9.946050
v 1.583695 -2.397957 -8.346347
v 1.550885 -2.444718 -9.944042
v 1.550885 -2.401161 -8.344340
v 1.518075 -2.441514 -9.946050
v 1.518075 -2.397957 -8.346347
v 1.486526 -2.432024 -9.951994
v 1.486526 -2.388467 -8.352291
v 1.457450 -2.416614 -9.961647
v 1.457450 -2.373057 -8.361944
v 1.431965 -2.395874 -9.974638
v 1.431964 -2.352317 -8.374935
v 1.411049 -2.370604 -9.990467
v 1.411049 -2.327047 -8.390764
v 1.395508 -2.341773 -10.008526
v 1.395508 -2.298216 -8.408823
v 1.385938 -2.310489 -10.028121
v 1.385937 -2.266932 -8.428419
v 1.382706 -2.277955 -10.048499
v 1.382706 -2.234398 -8.448798
v 1.385938 -2.245421 -10.068878
v 1.385938 -2.201864 -8.469176
v 1.395508 -2.214138 -10.088473
v 1.395508 -2.170581 -8.488770
v 1.411049 -2.185306 -10.106533
v 1.411049 -2.141749 -8.506830
v 1.431965 -2.160036 -10.122361
v 1.431965 -2.116479 -8.522659
v 1.457450 -2.139297 -10.135352
v 1.457450 -2.095740 -8.535649
v 1.486526 -2.123886 -10.145005
v 1.486526 -2.080329 -8.545302
v 1.518075 -2.114396 -10.150949
v 1.518075 -2.070839 -8.551247
v 1.550885 -2.111192 -10.152956
v 1.550885 -2.067635 -8.553254
v 1.583695 -2.114396 -10.150949
v 1.583695 -2.070839 -8.551247
v 1.615245 -2.123886 -10.145005
v 1.615245 -2.080329 -8.545302
v 1.644321 -2.139297 -10.135352
v 1.644321 -2.095740 -8.535649
v 1.669806 -2.160036 -10.122361
v 1.669806 -2.116479 -8.522659
v 1.690721 -2.185307 -10.106532
v 1.690721 -2.141750 -8.506829
v 1.706262 -2.214138 -10.088473
v 1.706262 -2.170581 -8.488770
v 1.715833 -2.245421 -10.068877
v 1.715833 -2.201864 -8.469175
v 1.719064 -2.235483 -8.342603
v 1.719064 -2.153199 -6.778332
v 1.715833 -2.267296 -8.304107
v 1.715833 -2.185013 -6.739835
v 1.706262 -2.297886 -8.267089
v 1.706262 -2.215604 -6.702818
v 1.690721 -2.326079 -8.232974
v 1.690721 -2.243797 -6.668704
v 1.669806 -2.350790 -8.203073
v 1.669806 -2.268507 -6.638801
v 1.644320 -2.371069 -8.178533
v 1.644320 -2.288786 -6.614261
v 1.615244 -2.386138 -8.160297
v 1.615244 -2.303855 -6.596026
v 1.583695 -2.395418 -8.149068
v 1.583695 -2.313135 -6.584797
v 1.550885 -2.398552 -8.145277
v 1.550885 -2.316268 -6.581006
v 1.518075 -2.395418 -8.149068
v 1.518075 -2.313135 -6.584798
v 1.486526 -2.386138 -8.160297
v 1.486526 -2.303855 -6.596027
v 1.457450 -2.371069 -8.178533
v 1.457450 -2.288786 -6.614262
v 1.431964 -2.350790 -8.203073
v 1.431964 -2.268507 -6.638802
v 1.411049 -2.326079 -8.232975
v 1.411049 -2.243795 -6.668705
v 1.395508 -2.297886 -8.267090
v 1.395508 -2.215604 -6.702819
v 1.385937 -2.267296 -8.304108
v 1.385937 -2.185013 -6.739836
v 1.382706 -2.235482 -8.342604
v 1.382706 -2.153199 -6.778333
v 1.385938 -2.203669 -8.381100
v 1.385937 -2.121387 -6.816829
v 1.395508 -2.173078 -8.418117
v 1.395508 -2.090796 -6.853847
v 1.411049 -2.144886 -8.452231
v 1.411049 -2.062603 -6.887961
v 1.431965 -2.120175 -8.482134
v 1.431965 -2.037891 -6.917863
v 1.457450 -2.099895 -8.506674
v 1.457450 -2.017612 -6.942403
v 1.486526 -2.084826 -8.524909
v 1.486526 -2.002542 -6.960638
v 1.518075 -2.075546 -8.536139
v 1.518075 -1.993263 -6.971867
v 1.550885 -2.072413 -8.539929
v 1.550885 -1.990130 -6.975659
v 1.583695 -2.075546 -8.536138
v 1.583695 -1.993263 -6.971867
v 1.615245 -2.084826 -8.524908
v 1.615244 -2.002542 -6.960638
v 1.644321 -2.099895 -8.506674
v 1.644320 -2.017612 -6.942403
v 1.669806 -2.120175 -8.482134
v 1.669806 -2.037891 -6.917863
v 1.690721 -2.144886 -8.452231
v 1.690721 -2.062603 -6.887961
v 1.706262 -2.173078 -8.418116
v 1.706262 -2.090796 -6.853846
v 1.715833 -2.203669 -8.381100
v 1.715833 -2.121387 -6.816828
v 1.719064 -2.129658 -6.702287
v 1.719064 -2.025708 -5.167975
v 1.715833 -2.160862 -6.653654
v 1.715832 -2.056912 -5.119341
v 1.706262 -2.190866 -6.606888
v 1.706262 -2.086917 -5.072577
v 1.690721 -2.218519 -6.563790
v 1.690721 -2.114569 -5.029478
v 1.669806 -2.242758 -6.526014
v 1.669805 -2.138808 -4.991702
v 1.644320 -2.262649 -6.495012
v 1.644320 -2.158700 -4.960700
v 1.615244 -2.277430 -6.471975
v 1.615244 -2.173480 -4.937663
v 1.583695 -2.286530 -6.457789
v 1.583695 -2.182581 -4.923477
v 1.550885 -2.289604 -6.452999
v 1.550885 -2.185654 -4.918687
v 1.518075 -2.286530 -6.457789
v 1.518075 -2.182581 -4.923477
v 1.486526 -2.277430 -6.471975
v 1.486526 -2.173480 -4.937663
v 1.457450 -2.262649 -6.495012
v 1.457450 -2.158700 -4.960700
v 1.431964 -2.242758 -6.526015
v 1.431964 -2.138808 -4.991702
v 1.411049 -2.218519 -6.563791
v 1.411049 -2.114569 -5.029479
v 1.395508 -2.190866 -6.606889
v 1.395508 -2.086917 -5.072577
v 1.385937 -2.160861 -6.653654
v 1.385937 -2.056912 -5.119342
v 1.382706 -2.129658 -6.702288
v 1.382706 -2.025708 -5.167975
v 1.385937 -2.098454 -6.750922
v 1.385937 -1.994504 -5.216609
v 1.395508 -2.068449 -6.797686
v 1.395508 -1.964499 -5.263374
v 1.411049 -2.040797 -6.840785
v 1.411049 -1.936846 -5.306473
v 1.431965 -2.016558 -6.878561
v 1.431964 -1.912609 -5.344249
v 1.457450 -1.996668 -6.909564
v 1.457450 -1.892717 -5.375251
v 1.486526 -1.981887 -6.932600
v 1.486526 -1.877937 -5.398288
v 1.518075 -1.972785 -6.946785
v 1.518075 -1.868835 -5.412474
v 1.550885 -1.969711 -6.951576
v 1.550885 -1.865762 -5.417264
v 1.583695 -1.972785 -6.946785
v 1.583695 -1.868835 -5.412474
v 1.615245 -1.981887 -6.932600
v 1.615244 -1.877937 -5.398288
v 1.644320 -1.996668 -6.909563
v 1.644320 -1.892718 -5.375251
v 1.669806 -2.016558 -6.878561
v 1.669806 -1.912609 -5.344248
v 1.690721 -2.040797 -6.840784
v 1.690721 -1.936847 -5.306472
v 1.706262 -2.068449 -6.797686
v 1.706262 -1.964499 -5.263373
v 1.715833 -2.098454 -6.750921
v 1.715833 -1.994504 -5.216609
v 1.719064 -2.022583 -5.060472
v 1.719064 -1.897795 -3.562319
v 1.715832 -2.053051 -5.002089
v 1.715832 -1.928264 -3.503936
v 1.706262 -2.082350 -4.945950
v 1.706262 -1.957561 -3.447796
v 1.690721 -2.109350 -4.894211
v 1.690721 -1.984562 -3.396058
v 1.669805 -2.133018 -4.848862
v 1.669805 -2.008229 -3.350709
v 1.644320 -2.152440 -4.811645
v 1.644320 -2.027652 -3.313492
v 1.615244 -2.166873 -4.783990
v 1.615244 -2.042084 -3.285837
v 1.583695 -2.175760 -4.766961
v 1.583695 -2.050971 -3.268808
v 1.550885 -2.178761 -4.761211
v 1.550885 -2.053972 -3.263058
v 1.518075 -2.175760 -4.766961
v 1.518075 -2.050971 -3.268808
v 1.486525 -2.166872 -4.783991
v 1.486525 -2.042084 -3.285838
v 1.457449 -2.152440 -4.811646
v 1.457449 -2.027651 -3.313493
v 1.431964 -2.133017 -4.848863
v 1.431964 -2.008229 -3.350710
v 1.411049 -2.109350 -4.894212
v 1.411049 -1.984562 -3.396059
v 1.395508 -2.082350 -4.945950
v 1.395507 -1.957561 -3.447797
v 1.385937 -2.053051 -5.002090
v 1.385937 -1.928264 -3.503937
v 1.382706 -2.022583 -5.060473
v 1.382706 -1.897795 -3.562320
v 1.385937 -1.992114 -5.118856
v 1.385937 -1.867326 -3.620703
v 1.395508 -1.962816 -5.174995
v 1.395508 -1.838028 -3.676842
v 1.411049 -1.935815 -5.226734
v 1.411049 -1.811028 -3.728580
v 1.431964 -1.912149 -5.272082
v 1.431964 -1.787361 -3.773929
v 1.457450 -1.892726 -5.309299
v 1.457450 -1.767938 -3.811146
v 1.486526 -1.878294 -5.336954
v 1.486526 -1.753506 -3.838801
v 1.518075 -1.869407 -5.353983
v 1.518075 -1.744619 -3.855830
v 1.550885 -1.866406 -5.359734
v 1.550885 -1.741618 -3.861581
v 1.583695 -1.869407 -5.353983
v 1.583695 -1.744619 -3.855830
v 1.615244 -1.878294 -5.336954
v 1.615244 -1.753506 -3.838801
v 1.644320 -1.892726 -5.309299
v 1.644320 -1.767938 -3.811146
v 1.669806 -1.912149 -5.272082
v 1.669805 -1.787361 -3.773929
v 1.690721 -1.935815 -5.226733
v 1.690721 -1.811028 -3.728580
v 1.706262 -1.962816 -5.174994
v 1.706262 -1.838029 -3.676841
v 1.715832 -1.992114 -5.118855
v 1.715832 -1.867326 -3.620702
v 1.719064 -1.877959 -3.488331
v 1.719064 -1.745374 -2.005666
v 1.715832 -1.908113 -3.426301
v 1.715832 -1.775528 -1.943635
v 1.706262 -1.937108 -3.366653
v 1.706262 -1.804523 -1.883988
v 1.690721 -1.963830 -3.311682
v 1.690720 -1.831245 -1.829017
v 1.669805 -1.987252 -3.263499
v 1.669805 -1.854667 -1.780834
v 1.644320 -2.006474 -3.223957
v 1.644320 -1.873888 -1.741292
v 1.615244 -2.020756 -3.194574
v 1.615244 -1.888171 -1.711909
v 1.583695 -2.029552 -3.176481
v 1.583695 -1.896967 -1.693815
v 1.550885 -2.032522 -3.170371
v 1.550884 -1.899937 -1.687706
v 1.518075 -2.029552 -3.176481
v 1.518074 -1.896967 -1.693815
v 1.486525 -2.020756 -3.194575
v 1.486525 -1.888171 -1.711909
v 1.457449 -2.006474 -3.223957
v 1.457449 -1.873888 -1.741292
v 1.431964 -1.987252 -3.263500
v 1.431964 -1.854666 -1.780835
v 1.411049 -1.963830 -3.311683
v 1.411049 -1.831245 -1.829017
v 1.395507 -1.937108 -3.366654
v 1.395507 -1.804523 -1.883989
v 1.385937 -1.908113 -3.426301
v 1.385937 -1.775528 -1.943636
v 1.382706 -1.877959 -3.488333
v 1.382705 -1.745374 -2.005667
v 1.385937 -1.847806 -3.550363
v 1.385937 -1.715221 -2.067698
v 1.395507 -1.818811 -3.610011
v 1.395507 -1.686226 -2.127345
v 1.411049 -1.792089 -3.664982
v 1.411049 -1.659504 -2.182317
v 1.431964 -1.768667 -3.713165
v 1.431964 -1.636082 -2.230499
v 1.457449 -1.749445 -3.752707
v 1.457449 -1.616860 -2.270041
v 1.486525 -1.735162 -3.782090
v 1.486525 -1.602577 -2.299424
v 1.518075 -1.726367 -3.800184
v 1.518075 -1.593782 -2.317518
v 1.550885 -1.723397 -3.806293
v 1.550885 -1.590812 -2.323627
v 1.583695 -1.726367 -3.800183
v 1.583695 -1.593782 -2.317518
v 1.615244 -1.735162 -3.782089
v 1.615244 -1.602577 -2.299424
v 1.644320 -1.749445 -3.752707
v 1.644320 -1.616860 -2.270041
v 1.669805 -1.768667 -3.713164
v 1.669805 -1.636082 -2.230499
v 1.690721 -1.792089 -3.664981
v 1.690721 -1.659504 -2.182316
v 1.706262 -1.818811 -3.610010
v 1.706262 -1.686226 -2.127345
v 1.715832 -1.847806 -3.550363
v 1.715832 -1.715221 -2.067697
v 1.719064 -1.733296 -1.915724
v 1.719064 -1.592995 -0.449484
v 1.715832 -1.763115 -1.850083
v 1.715832 -1.622815 -0.383843
v 1.706262 -1.791789 -1.786964
v 1.706262 -1.651488 -0.320724
v 1.690720 -1.818215 -1.728794
v 1.690720 -1.677914 -0.262554
v 1.669805 -1.841377 -1.677808
v 1.669805 -1.701077 -0.211568
v 1.644320 -1.860386 -1.635964
v 1.644320 -1.720085 -0.169724
v 1.615244 -1.874511 -1.604872
v 1.615244 -1.734210 -0.138632
v 1.583695 -1.883209 -1.585725
v 1.583694 -1.742908 -0.119485
v 1.550884 -1.886146 -1.579260
v 1.550884 -1.745845 -0.113020
v 1.518074 -1.883209 -1.585725
v 1.518074 -1.742908 -0.119485
v 1.486525 -1.874511 -1.604872
v 1.486525 -1.734210 -0.138632
v 1.457449 -1.860386 -1.635965
v 1.457449 -1.720085 -0.169725
v 1.431964 -1.841377 -1.677808
v 1.431964 -1.701076 -0.211568
v 1.411049 -1.818215 -1.728795
v 1.411049 -1.677914 -0.262555
v 1.395507 -1.791789 -1.786965
v 1.395507 -1.651488 -0.320725
v 1.385937 -1.763115 -1.850084
v 1.385937 -1.622815 -0.383844
v 1.382705 -1.733296 -1.915724
v 1.382705 -1.592995 -0.449484
v 1.385937 -1.703476 -1.981365
v 1.385937 -1.563175 -0.515125
v 1.395507 -1.674802 -2.044484
v 1.395507 -1.534502 -0.578244
v 1.411049 -1.648377 -2.102654
v 1.411049 -1.508076 -0.636414
v 1.431964 -1.625214 -2.153641
v 1.431964 -1.484914 -0.687400
v 1.457449 -1.606205 -2.195484
v 1.457449 -1.465905 -0.729244
v 1.486525 -1.592080 -2.226577
v 1.486525 -1.451780 -0.760336
v 1.518075 -1.583382 -2.245723
v 1.518074 -1.443082 -0.779483
v 1.550885 -1.580446 -2.252188
v 1.550884 -1.440145 -0.785948
v 1.583695 -1.583382 -2.245723
v 1.583695 -1.443082 -0.779483
v 1.615244 -1.592081 -2.226576
v 1.615244 -1.451780 -0.760336
v 1.644320 -1.606206 -2.195483
v 1.644320 -1.465905 -0.729243
v 1.669805 -1.625214 -2.153640
v 1.669805 -1.484914 -0.687400
v 1.690721 -1.648377 -2.102653
v 1.690720 -1.508076 -0.636413
v 1.706262 -1.674803 -2.044483
v 1.706262 -1.534502 -0.578243
v 1.715832 -1.703476 -1.981364
v 1.715832 -1.563176 -0.515124
v 1.719064 -1.581102 -0.359649
v 1.719064 -1.438116 1.100610
v 1.715832 -1.610800 -0.292751
v 1.715832 -1.467814 1.167508
v 1.706262 -1.639357 -0.228424
v 1.706262 -1.496370 1.231834
v 1.690720 -1.665675 -0.169141
v 1.690720 -1.522688 1.291118
v 1.669805 -1.688743 -0.117178
v 1.669805 -1.545756 1.343081
v 1.644320 -1.707674 -0.074533
v 1.644320 -1.564687 1.385726
v 1.615244 -1.721741 -0.042845
v 1.615244 -1.578755 1.417413
v 1.583694 -1.730404 -0.023332
v 1.583694 -1.587417 1.436927
v 1.550884 -1.733329 -0.016743
v 1.550884 -1.590342 1.443515
v 1.518074 -1.730404 -0.023332
v 1.518074 -1.587417 1.436926
v 1.486525 -1.721741 -0.042846
v 1.486525 -1.578755 1.417413
v 1.457449 -1.707674 -0.074534
v 1.457449 -1.564687 1.385725
v 1.431964 -1.688743 -0.117179
v 1.431964 -1.545756 1.343080
v 1.411049 -1.665675 -0.169141
v 1.411049 -1.522688 1.291118
v 1.395507 -1.639357 -0.228425
v 1.395507 -1.496370 1.231834
v 1.385937 -1.610800 -0.292752
v 1.385937 -1.467814 1.167507
v 1.382705 -1.581102 -0.359650
v 1.382705 -1.438116 1.100609
v 1.385937 -1.551404 -0.426547
v 1.385937 -1.408418 1.033712
v 1.395507 -1.522848 -0.490874
v 1.395507 -1.379861 0.969385
v 1.411049 -1.496530 -0.550158
v 1.411049 -1.353543 0.910101
v 1.431964 -1.473462 -0.602120
v 1.431964 -1.330475 0.858138
v 1.457449 -1.454530 -0.644765
v 1.457449 -1.311544 0.815494
v 1.486525 -1.440463 -0.676453
v 1.486525 -1.297477 0.783806
v 1.518075 -1.431801 -0.695966
v 1.518074 -1.288814 0.764293
v 1.550885 -1.428876 -0.702555
v 1.550884 -1.285889 0.757704
v 1.583695 -1.431801 -0.695966
v 1.583695 -1.288814 0.764293
v 1.615244 -1.440463 -0.676452
v 1.615244 -1.297477 0.783806
v 1.644320 -1.454530 -0.644764
v 1.644320 -1.311544 0.815494
v 1.669805 -1.473462 -0.602120
v 1.669805 -1.330475 0.858139
v 1.690720 -1.496530 -0.550157
v 1.690720 -1.353543 0.910102
v 1.706262 -1.522848 -0.490873
v 1.706262 -1.379861 0.969386
v 1.715832 -1.551404 -0.426546
v 1.715832 -1.408418 1.033713
v 1.719064 -1.424434 1.186366
v 1.719064 -1.281725 2.647251
v 1.715832 -1.454144 1.253133
v 1.715832 -1.311436 2.714018
v 1.706262 -1.482713 1.317335
v 1.706262 -1.340005 2.778219
v 1.690720 -1.509043 1.376503
v 1.690720 -1.366334 2.837388
v 1.669805 -1.532120 1.428365
v 1.669805 -1.389412 2.889249
v 1.644320 -1.551060 1.470926
v 1.644320 -1.408351 2.931811
v 1.615244 -1.565133 1.502552
v 1.615244 -1.422425 2.963437
v 1.583694 -1.573799 1.522028
v 1.583694 -1.431091 2.982912
v 1.550884 -1.576725 1.528604
v 1.550884 -1.434017 2.989488
v 1.518074 -1.573799 1.522027
v 1.518074 -1.431091 2.982912
v 1.486525 -1.565133 1.502552
v 1.486525 -1.422425 2.963437
v 1.457449 -1.551060 1.470926
v 1.457449 -1.408351 2.931811
v 1.431964 -1.532120 1.428364
v 1.431964 -1.389412 2.889249
v 1.411049 -1.509042 1.376502
v 1.411048 -1.366334 2.837387
v 1.395507 -1.482713 1.317334
v 1.395507 -1.340005 2.778219
v 1.385937 -1.454144 1.253132
v 1.385937 -1.311436 2.714017
v 1.382705 -1.424434 1.186365
v 1.382705 -1.281725 2.647250
v 1.385937 -1.394723 1.119598
v 1.385937 -1.252015 2.580483
v 1.395507 -1.366154 1.055396
v 1.395507 -1.223446 2.516281
v 1.411049 -1.339825 0.996228
v 1.411049 -1.197116 2.457113
v 1.431964 -1.316747 0.944366
v 1.431964 -1.174039 2.405251
v 1.457449 -1.297808 0.901805
v 1.457449 -1.155099 2.362689
v 1.486525 -1.283734 0.870179
v 1.486525 -1.141026 2.331064
v 1.518074 -1.275068 0.850703
v 1.518074 -1.132360 2.311588
v 1.550884 -1.272142 0.844127
v 1.550884 -1.129433 2.305012
v 1.583695 -1.275068 0.850704
v 1.583694 -1.132360 2.311588
v 1.615244 -1.283734 0.870179
v 1.615244 -1.141026 2.331064
v 1.644320 -1.297808 0.901805
v 1.644320 -1.155099 2.362690
v 1.669805 -1.316747 0.944367
v 1.669805 -1.174039 2.405252
v 1.690720 -1.339825 0.996229
v 1.690720 -1.197117 2.457114
v 1.706262 -1.366154 1.055397
v 1.706262 -1.223446 2.516282
v 1.715832 -1.394723 1.119599
v 1.715832 -1.252015 2.580483
v 1.719063 -1.267871 2.732626
v 1.719063 -1.125526 4.194327
v 1.715832 -1.297598 2.799223
v 1.715832 -1.155254 4.260924
v 1.706262 -1.326183 2.863261
v 1.706261 -1.183838 4.324962
v 1.690720 -1.352527 2.922279
v 1.690720 -1.210182 4.383980
v 1.669805 -1.375618 2.974008
v 1.669805 -1.233273 4.435709
v 1.644319 -1.394568 3.016461
v 1.644319 -1.252223 4.478162
v 1.615244 -1.408649 3.048007
v 1.615243 -1.266304 4.509707
v 1.583694 -1.417320 3.067433
v 1.583694 -1.274975 4.529133
v 1.550884 -1.420248 3.073992
v 1.550884 -1.277903 4.535693
v 1.518074 -1.417320 3.067432
v 1.518074 -1.274975 4.529133
v 1.486525 -1.408649 3.048007
v 1.486525 -1.266304 4.509707
v 1.457449 -1.394568 3.016461
v 1.457449 -1.252223 4.478162
v 1.431964 -1.375618 2.974008
v 1.431963 -1.233273 4.435709
v 1.411048 -1.352527 2.922278
v 1.411048 -1.210182 4.383979
v 1.395507 -1.326183 2.863261
v 1.395507 -1.183838 4.324961
v 1.385937 -1.297598 2.799222
v 1.385936 -1.155254 4.260923
v 1.382705 -1.267871 2.732625
v 1.382705 -1.125526 4.194326
v 1.385937 -1.238144 2.666028
v 1.385936 -1.095799 4.127729
v 1.395507 -1.209559 2.601990
v 1.395507 -1.067214 4.063691
v 1.411048 -1.183215 2.542973
v 1.411048 -1.040870 4.004673
v 1.431964 -1.160124 2.491243
v 1.431964 -1.017780 3.952944
v 1.457449 -1.141174 2.448790
v 1.457449 -0.998829 3.910491
v 1.486525 -1.127093 2.417244
v 1.486525 -0.984748 3.878945
v 1.518074 -1.118422 2.397819
v 1.518074 -0.976077 3.859519
v 1.550884 -1.115494 2.391260
v 1.550884 -0.973149 3.852960
v 1.583694 -1.118422 2.397819
v 1.583694 -0.976077 3.859520
v 1.615244 -1.127093 2.417245
v 1.615244 -0.984748 3.878946
v 1.644320 -1.141174 2.448790
v 1.644320 -0.998830 3.910491
v 1.669805 -1.160124 2.491244
v 1.669805 -1.017780 3.952945
v 1.690720 -1.183215 2.542973
v 1.690720 -1.040870 4.004674
v 1.706262 -1.209559 2.601991
v 1.706262 -1.067214 4.063692
v 1.715832 -1.238144 2.666029
v 1.715832 -1.095799 4.127729
v 1.719063 -1.118030 4.294111
v 1.719063 -0.981441 5.768393
v 1.715832 -1.148013 4.358014
v 1.715832 -1.011425 5.832296
v 1.706261 -1.176844 4.419463
v 1.706261 -1.040254 5.893744
v 1.690720 -1.203414 4.476094
v 1.690720 -1.066826 5.950376
v 1.669805 -1.226704 4.525731
v 1.669804 -1.090116 6.000013
v 1.644319 -1.245817 4.566468
v 1.644319 -1.109228 6.040749
v 1.615243 -1.260019 4.596737
v 1.615243 -1.123430 6.071019
v 1.583694 -1.268765 4.615377
v 1.583694 -1.132177 6.089659
v 1.550884 -1.271718 4.621671
v 1.550884 -1.135130 6.095953
v 1.518074 -1.268765 4.615377
v 1.518074 -1.132177 6.089659
v 1.486525 -1.260019 4.596737
v 1.486525 -1.123430 6.071019
v 1.457449 -1.245817 4.566467
v 1.457449 -1.109228 6.040749
v 1.431963 -1.226704 4.525731
v 1.431963 -1.090114 6.000012
v 1.411048 -1.203414 4.476093
v 1.411048 -1.066826 5.950375
v 1.395507 -1.176844 4.419462
v 1.395507 -1.040254 5.893744
v 1.385936 -1.148013 4.358014
v 1.385936 -1.011423 5.832295
v 1.382705 -1.118030 4.294109
v 1.382705 -0.981441 5.768391
v 1.385936 -1.088046 4.230206
v 1.385936 -0.951458 5.704487
v 1.395507 -1.059216 4.168757
v 1.395507 -0.922627 5.643039
v 1.411048 -1.032645 4.112126
v 1.411048 -0.896057 5.586408
v 1.431964 -1.009356 4.062489
v 1.431963 -0.872767 5.536771
v 1.457449 -0.990242 4.021753
v 1.457449 -0.853654 5.496034
v 1.486525 -0.976040 3.991482
v 1.486525 -0.839452 5.465765
v 1.518074 -0.967294 3.972842
v 1.518074 -0.830706 5.447124
v 1.550884 -0.964341 3.966549
v 1.550884 -0.827753 5.440831
v 1.583694 -0.967294 3.972843
v 1.583694 -0.830706 5.447124
v 1.615244 -0.976040 3.991483
v 1.615243 -0.839452 5.465765
v 1.644319 -0.990242 4.021753
v 1.644319 -0.853654 5.496035
v 1.669805 -1.009356 4.062490
v 1.669805 -0.872767 5.536771
v 1.690720 -1.032645 4.112127
v 1.690720 -0.896057 5.586409
v 1.706261 -1.059216 4.168758
v 1.706261 -0.922627 5.643040
v 1.715832 -1.088047 4.230206
v 1.715832 -0.951458 5.704488
v 1.719063 -0.968163 5.855857
v 1.719063 -0.837380 7.342201
v 1.715832 -0.998392 5.917044
v 1.715832 -0.867609 7.403389
v 1.706261 -1.027459 5.975880
v 1.706261 -0.896676 7.462225
v 1.690720 -1.054247 6.030104
v 1.690720 -0.923464 7.516449
v 1.669805 -1.077726 6.077631
v 1.669804 -0.946944 7.563976
v 1.644319 -1.096995 6.116636
v 1.644319 -0.966213 7.602981
v 1.615243 -1.111315 6.145619
v 1.615243 -0.980532 7.631964
v 1.583694 -1.120131 6.163467
v 1.583694 -0.989349 7.649811
v 1.550884 -1.123109 6.169493
v 1.550884 -0.992326 7.655838
v 1.518074 -1.120131 6.163467
v 1.518074 -0.989349 7.649811
v 1.486525 -1.111315 6.145619
v 1.486525 -0.980532 7.631963
v 1.457449 -1.096995 6.116636
v 1.457449 -0.966213 7.602980
v 1.431963 -1.077726 6.077631
v 1.431963 -0.946944 7.563976
v 1.411048 -1.054247 6.030104
v 1.411048 -0.923464 7.516448
v 1.395507 -1.027459 5.975880
v 1.395507 -0.896675 7.462224
v 1.385936 -0.998392 5.917044
v 1.385936 -0.867609 7.403388
v 1.382705 -0.968163 5.855856
v 1.382705 -0.837380 7.342201
v 1.385936 -0.937935 5.794669
v 1.385936 -0.807152 7.281013
v 1.395507 -0.908868 5.735832
v 1.395507 -0.778085 7.222177
v 1.411048 -0.882080 5.681609
v 1.411048 -0.751297 7.167953
v 1.431964 -0.858600 5.634081
v 1.431963 -0.727817 7.120426
v 1.457449 -0.839330 5.595077
v 1.457449 -0.708547 7.081421
v 1.486525 -0.825012 5.566093
v 1.486525 -0.694229 7.052438
v 1.518074 -0.816195 5.548246
v 1.518074 -0.685412 7.034591
v 1.550884 -0.813217 5.542220
v 1.550884 -0.682434 7.028564
v 1.583694 -0.816195 5.548246
v 1.583694 -0.685412 7.034591
v 1.615244 -0.825012 5.566094
v 1.615243 -0.694229 7.052439
v 1.644319 -0.839330 5.595078
v 1.644319 -0.708547 7.081422
v 1.669805 -0.858600 5.634082
v 1.669805 -0.727817 7.120426
v 1.690720 -0.882080 5.681609
v 1.690720 -0.751297 7.167954
v 1.706261 -0.908868 5.735833
v 1.706261 -0.778085 7.222178
v 1.715832 -0.937935 5.794669
v 1.715832 -0.807152 7.281014
v 1.719063 -0.823632 7.428296
v 1.719063 -0.699715 8.928111
v 1.715832 -0.854135 7.486271
v 1.715831 -0.730218 8.986087
v 1.706261 -0.883465 7.542019
v 1.706261 -0.759548 9.041834
v 1.690720 -0.910496 7.593397
v 1.690720 -0.786579 9.093211
v 1.669804 -0.934188 7.638429
v 1.669804 -0.810272 9.138245
v 1.644319 -0.953633 7.675386
v 1.644319 -0.829716 9.175201
v 1.615243 -0.968081 7.702847
v 1.615243 -0.844164 9.202663
v 1.583694 -0.976978 7.719759
v 1.583694 -0.853061 9.219573
v 1.550884 -0.979982 7.725469
v 1.550884 -0.856065 9.225284
v 1.518074 -0.976978 7.719759
v 1.518074 -0.853061 9.219573
v 1.486524 -0.968081 7.702847
v 1.486524 -0.844164 9.202662
v 1.457448 -0.953633 7.675386
v 1.457448 -0.829716 9.175201
v 1.431963 -0.934188 7.638428
v 1.431963 -0.810272 9.138244
v 1.411048 -0.910496 7.593396
v 1.411048 -0.786579 9.093211
v 1.395507 -0.883465 7.542018
v 1.395506 -0.759548 9.041833
v 1.385936 -0.854135 7.486270
v 1.385936 -0.730218 8.986086
v 1.382705 -0.823632 7.428295
v 1.382705 -0.699715 8.928111
v 1.385936 -0.793130 7.370319
v 1.385936 -0.669213 8.870135
v 1.395507 -0.763800 7.314572
v 1.395507 -0.639883 8.814387
v 1.411048 -0.736769 7.263195
v 1.411048 -0.612852 8.763010
v 1.431963 -0.713076 7.218162
v 1.431963 -0.589159 8.717978
v 1.457449 -0.693632 7.181205
v 1.457448 -0.569715 8.681021
v 1.486525 -0.679183 7.153743
v 1.486524 -0.555267 8.653559
v 1.518074 -0.670286 7.136833
v 1.518074 -0.546369 8.636648
v 1.550884 -0.667282 7.131122
v 1.550884 -0.543365 8.630938
v 1.583694 -0.670286 7.136833
v 1.583694 -0.546369 8.636648
v 1.615243 -0.679183 7.153744
v 1.615243 -0.555267 8.653559
v 1.644319 -0.693632 7.181205
v 1.644319 -0.569715 8.681021
v 1.669805 -0.713076 7.218163
v 1.669804 -0.589159 8.717978
v 1.690720 -0.736769 7.263195
v 1.690720 -0.612852 8.763010
v 1.706261 -0.763800 7.314573
v 1.706261 -0.639883 8.814388
v 1.715832 -0.793130 7.370321
v 1.715831 -0.669213 8.870135
v 1.719063 -0.696479 9.035255
v 1.719063 -0.582839 10.553677
v 1.715831 -0.727360 9.088423
v 1.715831 -0.613720 10.606845
v 1.706261 -0.757054 9.139547
v 1.706261 -0.643414 10.657969
v 1.690720 -0.784421 9.186664
v 1.690719 -0.670780 10.705086
v 1.669804 -0.808407 9.227962
v 1.669804 -0.694767 10.746384
v 1.644319 -0.828093 9.261854
v 1.644319 -0.714452 10.780276
v 1.615243 -0.842720 9.287038
v 1.615243 -0.729080 10.805461
v 1.583694 -0.851728 9.302547
v 1.583694 -0.738087 10.820969
v 1.550884 -0.854769 9.307783
v 1.550884 -0.741129 10.826205
v 1.518074 -0.851728 9.302547
v 1.518073 -0.738087 10.820969
v 1.486524 -0.842720 9.287038
v 1.486524 -0.729080 10.805461
v 1.457448 -0.828093 9.261853
v 1.457448 -0.714452 10.780276
v 1.431963 -0.808407 9.227961
v 1.431963 -0.694767 10.746384
v 1.411048 -0.784421 9.186663
v 1.411048 -0.670780 10.705086
v 1.395506 -0.757054 9.139546
v 1.395506 -0.643414 10.657969
v 1.385936 -0.727360 9.088422
v 1.385936 -0.613720 10.606844
v 1.382705 -0.696479 9.035254
v 1.382704 -0.582839 10.553676
v 1.385936 -0.665599 8.982087
v 1.385936 -0.551958 10.500508
v 1.395506 -0.635904 8.930963
v 1.395506 -0.522264 10.449384
v 1.411048 -0.608538 8.883845
v 1.411048 -0.494898 10.402267
v 1.431963 -0.584552 8.842547
v 1.431963 -0.470911 10.360970
v 1.457448 -0.564866 8.808656
v 1.457448 -0.451226 10.327077
v 1.486524 -0.550239 8.783471
v 1.486524 -0.436598 10.301893
v 1.518074 -0.541231 8.767962
v 1.518074 -0.427590 10.286385
v 1.550884 -0.538189 8.762726
v 1.550884 -0.424549 10.281148
v 1.583694 -0.541231 8.767962
v 1.583694 -0.427590 10.286385
v 1.615243 -0.550239 8.783471
v 1.615243 -0.436598 10.301893
v 1.644319 -0.564866 8.808656
v 1.644319 -0.451226 10.327078
v 1.669804 -0.584552 8.842548
v 1.669804 -0.470911 10.360970
v 1.690720 -0.608538 8.883845
v 1.690720 -0.494898 10.402268
v 1.706261 -0.635904 8.930963
v 1.706261 -0.522264 10.449385
v 1.715831 -0.665599 8.982087
v 1.715831 -0.551958 10.500509
v 1.719063 -0.569264 10.643021
v 1.719063 -0.466026 12.178437
v 1.715831 -0.600490 10.691321
v 1.715831 -0.497252 12.226739
v 1.706261 -0.630516 10.737766
v 1.706261 -0.527278 12.273183
v 1.690719 -0.658189 10.780570
v 1.690719 -0.554951 12.315987
v 1.669804 -0.682444 10.818088
v 1.669804 -0.579206 12.353504
v 1.644319 -0.702350 10.848878
v 1.644319 -0.599112 12.384295
v 1.615243 -0.717141 10.871757
v 1.615243 -0.613903 12.407174
v 1.583694 -0.726250 10.885845
v 1.583694 -0.623012 12.421263
v 1.550884 -0.729325 10.890602
v 1.550883 -0.626087 12.426020
v 1.518073 -0.726249 10.885845
v 1.518073 -0.623012 12.421263
v 1.486524 -0.717141 10.871756
v 1.486524 -0.613903 12.407173
v 1.457448 -0.702350 10.848877
v 1.457448 -0.599112 12.384294
v 1.431963 -0.682444 10.818087
v 1.431963 -0.579206 12.353504
v 1.411048 -0.658189 10.780569
v 1.411048 -0.554951 12.315987
v 1.395506 -0.630516 10.737766
v 1.395506 -0.527278 12.273183
v 1.385936 -0.600490 10.691320
v 1.385936 -0.497252 12.226738
v 1.382704 -0.569263 10.643021
v 1.382704 -0.466025 12.178437
v 1.385936 -0.538037 10.594719
v 1.385936 -0.434799 12.130136
v 1.395506 -0.508011 10.548275
v 1.395506 -0.404773 12.083693
v 1.411048 -0.480338 10.505471
v 1.411048 -0.377100 12.040888
v 1.431963 -0.456083 10.467954
v 1.431963 -0.352845 12.003370
v 1.457448 -0.436177 10.437163
v 1.457448 -0.332939 11.972580
v 1.486524 -0.421386 10.414285
v 1.486524 -0.318148 11.949701
v 1.518074 -0.412277 10.400196
v 1.518073 -0.309039 11.935613
v 1.550884 -0.409202 10.395438
v 1.550884 -0.305964 11.930856
v 1.583694 -0.412278 10.400196
v 1.583694 -0.309040 11.935613
v 1.615243 -0.421386 10.414285
v 1.615243 -0.318148 11.949702
v 1.644319 -0.436177 10.437164
v 1.644319 -0.332939 11.972581
v 1.669804 -0.456083 10.467955
v 1.669804 -0.352845 12.003371
v 1.690720 -0.480338 10.505472
v 1.690719 -0.377100 12.040889
v 1.706261 -0.508011 10.548275
v 1.706261 -0.404773 12.083693
v 1.715831 -0.538037 10.594720
v 1.715831 -0.434799 12.130137
v 1.719063 -0.453915 12.268678
v 1.719063 -0.362249 13.820898
v 1.715831 -0.485483 12.311564
v 1.715831 -0.393817 13.863785
v 1.706261 -0.515839 12.352803
v 1.706261 -0.424172 13.905025
v 1.690719 -0.543814 12.390809
v 1.690719 -0.452147 13.943029
v 1.669804 -0.568335 12.424122
v 1.669804 -0.476668 13.976342
v 1.644319 -0.588458 12.451460
v 1.644319 -0.496792 14.003680
v 1.615243 -0.603411 12.471774
v 1.615243 -0.511745 14.023995
v 1.583694 -0.612619 12.484284
v 1.583694 -0.520953 14.036506
v 1.550884 -0.615729 12.488508
v 1.550883 -0.524062 14.040729
v 1.518073 -0.612619 12.484284
v 1.518073 -0.520953 14.036506
v 1.486524 -0.603411 12.471774
v 1.486524 -0.511745 14.023995
v 1.457448 -0.588458 12.451459
v 1.457448 -0.496791 14.003680
v 1.431963 -0.568334 12.424121
v 1.431963 -0.476668 13.976342
v 1.411048 -0.543814 12.390808
v 1.411048 -0.452147 13.943029
v 1.395506 -0.515838 12.352802
v 1.395506 -0.424172 13.905023
v 1.385936 -0.485483 12.311563
v 1.385936 -0.393817 13.863785
v 1.382704 -0.453915 12.268677
v 1.382704 -0.362249 13.820898
v 1.385936 -0.422347 12.225789
v 1.385936 -0.330680 13.778010
v 1.395506 -0.391992 12.184550
v 1.395506 -0.300325 13.736772
v 1.411048 -0.364017 12.146545
v 1.411048 -0.272350 13.698766
v 1.431963 -0.339496 12.113233
v 1.431963 -0.247829 13.665454
v 1.457448 -0.319372 12.085894
v 1.457448 -0.227706 13.638114
v 1.486524 -0.304419 12.065578
v 1.486524 -0.212753 13.617800
v 1.518074 -0.295211 12.053070
v 1.518073 -0.203545 13.605290
v 1.550884 -0.292102 12.048845
v 1.550884 -0.200435 13.601067
v 1.583694 -0.295211 12.053070
v 1.583694 -0.203545 13.605290
v 1.615243 -0.304419 12.065578
v 1.615243 -0.212753 13.617800
v 1.644319 -0.319372 12.085894
v 1.644319 -0.227706 13.638115
v 1.669804 -0.339496 12.113233
v 1.669804 -0.247829 13.665454
v 1.690719 -0.364017 12.146545
v 1.690719 -0.272350 13.698766
v 1.706261 -0.391992 12.184551
v 1.706261 -0.300325 13.736772
v 1.715831 -0.422347 12.225790
v 1.715831 -0.330681 13.778010
v 1.719062 -0.364560 13.932889
v 1.719062 -0.286989 15.502687
v 1.715831 -0.396486 13.969182
v 1.715831 -0.318914 15.538980
v 1.706261 -0.427184 14.004079
v 1.706260 -0.349613 15.573876
v 1.690719 -0.455477 14.036241
v 1.690719 -0.377905 15.606038
v 1.669804 -0.480275 14.064432
v 1.669804 -0.402703 15.634230
v 1.644318 -0.500626 14.087567
v 1.644318 -0.423055 15.657365
v 1.615243 -0.515749 14.104757
v 1.615242 -0.438177 15.674555
v 1.583693 -0.525061 14.115344
v 1.583693 -0.447490 15.685142
v 1.550883 -0.528206 14.118918
v 1.550883 -0.450634 15.688716
v 1.518073 -0.525061 14.115344
v 1.518073 -0.447490 15.685142
v 1.486524 -0.515749 14.104757
v 1.486524 -0.438177 15.674555
v 1.457448 -0.500626 14.087565
v 1.457448 -0.423055 15.657365
v 1.431963 -0.480275 14.064430
v 1.431962 -0.402703 15.634230
v 1.411047 -0.455477 14.036241
v 1.411047 -0.377905 15.606038
v 1.395506 -0.427184 14.004079
v 1.395506 -0.349613 15.573876
v 1.385936 -0.396486 13.969180
v 1.385936 -0.318914 15.538980
v 1.382704 -0.364560 13.932889
v 1.382704 -0.286988 15.502687
v 1.385936 -0.332634 13.896596
v 1.385936 -0.255063 15.466393
v 1.395506 -0.301935 13.861698
v 1.395506 -0.224364 15.431497
v 1.411047 -0.273643 13.829536
v 1.411047 -0.196072 15.399334
v 1.431963 -0.248845 13.801346
v 1.431963 -0.171273 15.371143
v 1.457448 -0.228494 13.778211
v 1.457448 -0.150922 15.348008
v 1.486524 -0.213371 13.761021
v 1.486524 -0.135800 15.330818
v 1.518073 -0.204059 13.750434
v 1.518073 -0.126487 15.320231
v 1.550883 -0.200914 13.746860
v 1.550883 -0.123343 15.316657
v 1.583694 -0.204059 13.750434
v 1.583693 -0.126487 15.320231
v 1.615243 -0.213371 13.761021
v 1.615243 -0.135800 15.330818
v 1.644319 -0.228494 13.778211
v 1.644319 -0.150922 15.348010
v 1.669804 -0.248845 13.801346
v 1.669804 -0.171274 15.371145
v 1.690719 -0.273643 13.829536
v 1.690719 -0.196072 15.399334
v 1.706261 -0.301936 13.861698
v 1.706261 -0.224364 15.431497
v 1.715831 -0.332634 13.896596
v 1.715831 -0.255063 15.466395
v 1.719062 -0.275126 15.598574
v 1.719062 -0.211807 17.183016
v 1.715831 -0.307350 15.628199
v 1.715831 -0.244030 17.212639
v 1.706261 -0.338335 15.656685
v 1.706260 -0.275015 17.241125
v 1.690719 -0.366891 15.682937
v 1.690719 -0.303572 17.267380
v 1.669804 -0.391920 15.705947
v 1.669804 -0.328601 17.290390
v 1.644318 -0.412462 15.724832
v 1.644318 -0.349142 17.309275
v 1.615242 -0.427725 15.738865
v 1.615242 -0.364406 17.323307
v 1.583693 -0.437124 15.747505
v 1.583693 -0.373805 17.331947
v 1.550883 -0.440298 15.750422
v 1.550883 -0.376979 17.334866
v 1.518073 -0.437124 15.747505
v 1.518073 -0.373805 17.331947
v 1.486524 -0.427725 15.738863
v 1.486524 -0.364406 17.323307
v 1.457448 -0.412462 15.724832
v 1.457448 -0.349142 17.309275
v 1.431963 -0.391920 15.705947
v 1.431962 -0.328601 17.290388
v 1.411047 -0.366891 15.682936
v 1.411047 -0.303571 17.267378
v 1.395506 -0.338335 15.656683
v 1.395506 -0.275015 17.241125
v 1.385936 -0.307349 15.628197
v 1.385935 -0.244030 17.212639
v 1.382704 -0.275126 15.598572
v 1.382704 -0.211807 17.183016
v 1.385936 -0.242902 15.568949
v 1.385936 -0.179583 17.153391
v 1.395506 -0.211917 15.540462
v 1.395506 -0.148598 17.124905
v 1.411047 -0.183361 15.514209
v 1.411047 -0.120042 17.098652
v 1.431963 -0.158331 15.491199
v 1.431963 -0.095012 17.075642
v 1.457448 -0.137790 15.472314
v 1.457448 -0.074471 17.056757
v 1.486524 -0.122527 15.458282
v 1.486524 -0.059207 17.042725
v 1.518073 -0.113127 15.449640
v 1.518073 -0.049808 17.034084
v 1.550883 -0.109954 15.446723
v 1.550883 -0.046634 17.031166
v 1.583693 -0.113127 15.449640
v 1.583693 -0.049808 17.034084
v 1.615243 -0.122527 15.458282
v 1.615242 -0.059207 17.042725
v 1.644319 -0.137790 15.472314
v 1.644318 -0.074471 17.056757
v 1.669804 -0.158331 15.491199
v 1.669804 -0.095012 17.075642
v 1.690719 -0.183361 15.514210
v 1.690719 -0.120042 17.098654
v 1.706261 -0.211917 15.540462
v 1.706260 -0.148598 17.124905
v 1.715831 -0.242902 15.568949
v 1.715831 -0.179583 17.153391
v 1.719062 -0.198681 17.275656
v 1.719062 -0.150108 18.872032
v 1.715831 -0.231147 17.298380
v 1.715831 -0.182574 18.894756
v 1.706260 -0.262366 17.320232
v 1.706260 -0.213793 18.916609
v 1.690719 -0.291137 17.340372
v 1.690719 -0.242564 18.936749
v 1.669804 -0.316355 17.358023
v 1.669804 -0.267782 18.954399
v 1.644318 -0.337051 17.372511
v 1.644318 -0.288478 18.968887
v 1.615242 -0.352430 17.383274
v 1.615242 -0.303857 18.979650
v 1.583693 -0.361900 17.389902
v 1.583693 -0.313327 18.986279
v 1.550883 -0.365097 17.392141
v 1.550883 -0.316524 18.988518
v 1.518073 -0.361900 17.389902
v 1.518073 -0.313327 18.986279
v 1.486524 -0.352430 17.383274
v 1.486524 -0.303857 18.979650
v 1.457448 -0.337051 17.372509
v 1.457448 -0.288478 18.968885
v 1.431962 -0.316355 17.358023
v 1.431962 -0.267782 18.954399
v 1.411047 -0.291137 17.340372
v 1.411047 -0.242564 18.936747
v 1.395506 -0.262366 17.320232
v 1.395506 -0.213793 18.916609
v 1.385936 -0.231147 17.298380
v 1.385935 -0.182574 18.894756
v 1.382704 -0.198681 17.275654
v 1.382704 -0.150108 18.872030
v 1.385936 -0.166215 17.252930
v 1.385935 -0.117642 18.849306
v 1.395506 -0.134996 17.231077
v 1.395506 -0.086423 18.827454
v 1.411047 -0.106225 17.210938
v 1.411047 -0.057652 18.807314
v 1.431963 -0.081007 17.193287
v 1.431962 -0.032434 18.789663
v 1.457448 -0.060311 17.178799
v 1.457448 -0.011738 18.775175
v 1.486524 -0.044932 17.168036
v 1.486524 0.003641 18.764412
v 1.518073 -0.035462 17.161407
v 1.518073 0.013111 18.757784
v 1.550883 -0.032265 17.159168
v 1.550883 0.016308 18.755545
v 1.583693 -0.035462 17.161407
v 1.583693 0.013111 18.757784
v 1.615242 -0.044932 17.168036
v 1.615242 0.003641 18.764412
v 1.644318 -0.060311 17.178801
v 1.644318 -0.011738 18.775177
v 1.669804 -0.081007 17.193287
v 1.669804 -0.032434 18.789663
v 1.690719 -0.106225 17.210939
v 1.690719 -0.057652 18.807314
v 1.706260 -0.134996 17.231077
v 1.706260 -0.086423 18.827454
v 1.715831 -0.166215 17.252930
v 1.715831 -0.117642 18.849306
v 1.719062 -0.161193 18.984116
v 1.719062 -0.128744 20.589876
v 1.715831 -0.193850 18.999296
v 1.715830 -0.161401 20.605057
v 1.706260 -0.225252 19.013893
v 1.706260 -0.192803 20.619656
v 1.690719 -0.254192 19.027348
v 1.690719 -0.221743 20.633108
v 1.669804 -0.279559 19.039139
v 1.669804 -0.247110 20.644901
v 1.644318 -0.300377 19.048817
v 1.644318 -0.267927 20.654579
v 1.615242 -0.315846 19.056007
v 1.615242 -0.283396 20.661770
v 1.583693 -0.325371 19.060434
v 1.583693 -0.292922 20.666197
v 1.550883 -0.328588 19.061930
v 1.550883 -0.296138 20.667692
v 1.518073 -0.325371 19.060434
v 1.518073 -0.292922 20.666197
v 1.486524 -0.315845 19.056007
v 1.486523 -0.283396 20.661768
v 1.457448 -0.300377 19.048817
v 1.457448 -0.267927 20.654577
v 1.431962 -0.279559 19.039139
v 1.431962 -0.247109 20.644899
v 1.411047 -0.254192 19.027348
v 1.411047 -0.221743 20.633108
v 1.395506 -0.225252 19.013893
v 1.395506 -0.192803 20.619656
v 1.385935 -0.193850 18.999294
v 1.385935 -0.161401 20.605057
v 1.382704 -0.161193 18.984114
v 1.382704 -0.128744 20.589874
v 1.385935 -0.128536 18.968933
v 1.385935 -0.096086 20.574694
v 1.395506 -0.097134 18.954334
v 1.395506 -0.064684 20.560097
v 1.411047 -0.068193 18.940882
v 1.411047 -0.035744 20.546642
v 1.431962 -0.042827 18.929089
v 1.431962 -0.010378 20.534851
v 1.457448 -0.022009 18.919411
v 1.457448 0.010440 20.525175
v 1.486524 -0.006540 18.912220
v 1.486524 0.025909 20.517982
v 1.518073 0.002985 18.907793
v 1.518073 0.035435 20.513556
v 1.550883 0.006202 18.906298
v 1.550883 0.038651 20.512060
v 1.583693 0.002985 18.907793
v 1.583693 0.035435 20.513556
v 1.615242 -0.006540 18.912222
v 1.615242 0.025909 20.517982
v 1.644318 -0.022009 18.919413
v 1.644318 0.010440 20.525175
v 1.669804 -0.042827 18.929090
v 1.669804 -0.010378 20.534851
v 1.690719 -0.068193 18.940882
v 1.690719 -0.035744 20.546642
v 1.706260 -0.097134 18.954334
v 1.706260 -0.064684 20.560099
v 1.715831 -0.128536 18.968933
v 1.715831 -0.096086 20.574696
v 1.719062 -0.123652 20.694433
v 1.719062 -0.107432 22.305841
v 1.715830 -0.156424 20.702021
v 1.715830 -0.140204 22.313433
v 1.706260 -0.187936 20.709318
v 1.706260 -0.171717 22.320728
v 1.690719 -0.216979 20.716043
v 1.690718 -0.200759 22.327454
v 1.669803 -0.242434 20.721937
v 1.669803 -0.226215 22.333347
v 1.644318 -0.263325 20.726774
v 1.644318 -0.247106 22.338184
v 1.615242 -0.278848 20.730370
v 1.615242 -0.262629 22.341778
v 1.583693 -0.288408 20.732582
v 1.583693 -0.272188 22.343992
v 1.550883 -0.291635 20.733330
v 1.550883 -0.275416 22.344740
v 1.518073 -0.288408 20.732582
v 1.518072 -0.272188 22.343992
v 1.486523 -0.278848 20.730370
v 1.486523 -0.262629 22.341778
v 1.457447 -0.263325 20.726774
v 1.457447 -0.247105 22.338184
v 1.431962 -0.242434 20.721937
v 1.431962 -0.226215 22.333347
v 1.411047 -0.216978 20.716042
v 1.411047 -0.200759 22.327454
v 1.395506 -0.187936 20.709318
v 1.395505 -0.171717 22.320728
v 1.385935 -0.156424 20.702021
v 1.385935 -0.140204 22.313431
v 1.382704 -0.123652 20.694433
v 1.382704 -0.107432 22.305841
v 1.385935 -0.090880 20.686844
v 1.385935 -0.074660 22.298254
v 1.395506 -0.059367 20.679548
v 1.395505 -0.043148 22.290956
v 1.411047 -0.030325 20.672823
v 1.411047 -0.014106 22.284231
v 1.431962 -0.004870 20.666929
v 1.431962 0.011350 22.278337
v 1.457448 0.016021 20.662090
v 1.457447 0.032241 22.273500
v 1.486524 0.031545 20.658497
v 1.486523 0.047764 22.269907
v 1.518073 0.041104 20.656282
v 1.518073 0.057323 22.267693
v 1.550883 0.044332 20.655535
v 1.550883 0.060551 22.266945
v 1.583693 0.041104 20.656282
v 1.583693 0.057323 22.267693
v 1.615242 0.031545 20.658497
v 1.615242 0.047764 22.269907
v 1.644318 0.016021 20.662090
v 1.644318 0.032241 22.273500
v 1.669804 -0.004870 20.666929
v 1.669803 0.011350 22.278337
v 1.690719 -0.030325 20.672823
v 1.690719 -0.014106 22.284233
v 1.706260 -0.059367 20.679548
v 1.706260 -0.043148 22.290956
v 1.715830 -0.090880 20.686846
v 1.715830 -0.074660 22.298254
v 1.719062 -0.086117 22.406643
v 1.719062 -0.086116 24.019930
v 1.715830 -0.118927 22.406643
v 1.715830 -0.118926 24.019930
v 1.706260 -0.150476 22.406643
v 1.706260 -0.150476 24.019930
v 1.690718 -0.179552 22.406643
v 1.690718 -0.179552 24.019930
v 1.669803 -0.205037 22.406643
v 1.669803 -0.205037 24.019930
v 1.644318 -0.225952 22.406643
v 1.644318 -0.225952 24.019930
v 1.615242 -0.241494 22.406643
v 1.615242 -0.241494 24.019930
v 1.583693 -0.251064 22.406643
v 1.583693 -0.251064 24.019930
v 1.550883 -0.254296 22.406643
v 1.550883 -0.254295 24.019930
v 1.518072 -0.251064 22.406643
v 1.518072 -0.251064 24.019930
v 1.486523 -0.241494 22.406643
v 1.486523 -0.241493 24.019930
v 1.457447 -0.225952 22.406643
v 1.457447 -0.225952 24.019930
v 1.431962 -0.205037 22.406643
v 1.431962 -0.205037 24.019930
v 1.411047 -0.179552 22.406643
v 1.411047 -0.179551 24.019930
v 1.395505 -0.150476 22.406643
v 1.395505 -0.150476 24.019930
v 1.385935 -0.118927 22.406643
v 1.385935 -0.118926 24.019930
v 1.382704 -0.086116 22.406643
v 1.382703 -0.086116 24.019930
v 1.385935 -0.053306 22.406643
v 1.385935 -0.053306 24.019930
v 1.395505 -0.021757 22.406643
v 1.395505 -0.021757 24.019930
v 1.411047 0.007319 22.406643
v 1.411047 0.007319 24.019930
v 1.431962 0.032804 22.406643
v 1.431962 0.032804 24.019930
v 1.457447 0.053719 22.406643
v 1.457447 0.053720 24.019930
v 1.486523 0.069261 22.406643
v 1.486523 0.069261 24.019930
v 1.518073 0.078831 22.406643
v 1.518072 0.078831 24.019930
v 1.550883 0.082063 22.406643
v 1.550883 0.082063 24.019930
v 1.583693 0.078831 22.406643
v 1.583693 0.078831 24.019930
v 1.615242 0.069261 22.406643
v 1.615242 0.069261 24.019930
v 1.644318 0.053719 22.406643
v 1.644318 0.053720 24.019930
v 1.669803 0.032804 22.406643
v 1.669803 0.032804 24.019930
v 1.690719 0.007319 22.406643
v 1.690718 0.007319 24.019930
v 1.706260 -0.021757 22.406643
v 1.706260 -0.021757 24.019930
v 1.715830 -0.053306 22.406643
v 1.715830 -0.053306 24.019930
vn 0.9989 -0.0428 -0.0185
vn 0.9898 -0.1306 -0.0564
vn 0.9694 -0.2254 -0.0973
vn 0.9320 -0.3328 -0.1436
vn 0.8660 -0.4591 -0.1981
vn 0.7483 -0.6091 -0.2628
vn 0.5391 -0.7733 -0.3337
vn 0.2035 -0.8990 -0.3879
vn -0.2035 -0.8990 -0.3879
vn -0.5392 -0.7733 -0.3337
vn -0.7483 -0.6091 -0.2628
vn -0.8660 -0.4591 -0.1981
vn -0.9320 -0.3328 -0.1436
vn -0.9694 -0.2254 -0.0973
vn -0.9898 -0.1306 -0.0564
vn -0.9989 -0.0428 -0.0185
vn -0.9989 0.0428 0.0185
vn -0.9898 0.1306 0.0564
vn -0.9694 0.2254 0.0973
vn -0.9320 0.3328 0.1436
vn -0.8660 0.4591 0.1981
vn -0.7483 0.6091 0.2628
vn -0.5392 0.7733 0.3337
vn -0.2035 0.8990 0.3879
vn 0.2035 0.8990 0.3879
vn 0.5392 0.7733 0.3337
vn 0.7483 0.6091 0.2628
vn 0.8660 0.4591 0.1981
vn 0.9320 0.3328 0.1436
vn 0.9694 0.2254 0.0973
vn -0.0000 -0.9950 0.1002
vn 0.9898 0.1306 0.0564
vn 0.9989 0.0428 0.0185
vn -0.0000 0.9950 -0.1002
vn 0.9987 -0.0473 -0.0180
vn 0.9880 -0.1443 -0.0548
vn 0.9642 -0.2480 -0.0942
vn 0.9212 -0.3638 -0.1382
vn 0.8471 -0.4968 -0.1887
vn 0.7203 -0.6485 -0.2463
vn 0.5077 -0.8054 -0.3059
vn 0.1879 -0.9182 -0.3487
vn -0.1879 -0.9182 -0.3487
vn -0.5077 -0.8054 -0.3059
vn -0.7203 -0.6485 -0.2463
vn -0.8471 -0.4968 -0.1887
vn -0.9212 -0.3638 -0.1382
vn -0.9642 -0.2480 -0.0942
vn -0.9880 -0.1442 -0.0548
vn -0.9987 -0.0473 -0.0180
vn -0.9987 0.0473 0.0180
vn -0.9880 0.1443 0.0548
vn -0.9642 0.2480 0.0942
vn -0.9212 0.3638 0.1382
vn -0.8471 0.4968 0.1887
vn -0.7203 0.6485 0.2463
vn -0.5077 0.8054 0.3059
vn -0.1879 0.9182 0.3487
vn 0.1879 0.9182 0.3487
vn 0.5077 0.8054 0.3059
vn 0.7203 0.6485 0.2463
vn 0.8471 0.4968 0.1887
vn 0.9212 0.3638 0.1382
vn 0.9642 0.2480 0.0942
vn -0.0000 -0.9935 0.1137
vn 0.9880 0.1443 0.0548
vn 0.9987 0.0473 0.0180
vn -0.0000 0.9935 -0.1137
vn 0.9985 -0.0518 -0.0174
vn 0.9861 -0.1575 -0.0530
vn 0.9587 -0.2697 -0.0908
vn 0.9099 -0.3930 -0.1324
vn 0.8282 -0.5312 -0.1789
vn 0.6934 -0.6828 -0.2300
vn 0.4794 -0.8317 -0.2801
vn 0.1746 -0.9331 -0.3143
vn -0.1746 -0.9331 -0.3143
vn -0.4794 -0.8317 -0.2801
vn -0.6934 -0.6828 -0.2300
vn -0.8282 -0.5312 -0.1789
vn -0.9099 -0.3930 -0.1324
vn -0.9587 -0.2697 -0.0908
vn -0.9861 -0.1574 -0.0530
vn -0.9985 -0.0518 -0.0174
vn -0.9985 0.0518 0.0174
vn -0.9861 0.1574 0.0530
vn -0.9587 0.2697 0.0908
vn -0.9099 0.3930 0.1324
vn -0.8282 0.5311 0.1789
vn -0.6934 0.6828 0.2300
vn -0.4794 0.8317 0.2801
vn -0.1746 0.9331 0.3143
vn 0.1746 0.9331 0.3143
vn 0.4794 0.8317 0.2801
vn 0.6934 0.6828 0.2300
vn 0.8282 0.5311 0.1789
vn 0.9099 0.3930 0.1324
vn 0.9587 0.2697 0.0908
vn -0.0000 -0.9918 0.1280
vn 0.9861 0.1575 0.0530
vn 0.9985 0.0518 0.0174
vn -0.0000 0.9918 -0.1280
vn 0.9983 -0.0560 -0.0168
vn 0.9841 -0.1701 -0.0511
vn 0.9530 -0.2903 -0.0873
vn 0.8986 -0.4202 -0.1263
vn 0.8096 -0.5622 -0.1690
vn 0.6682 -0.7124 -0.2142
vn 0.4542 -0.8532 -0.2565
vn 0.1633 -0.9448 -0.2840
vn -0.1633 -0.9448 -0.2840
vn -0.4542 -0.8532 -0.2565
vn -0.6682 -0.7124 -0.2142
vn -0.8096 -0.5622 -0.1690
vn -0.8986 -0.4202 -0.1263
vn -0.9530 -0.2903 -0.0873
vn -0.9841 -0.1701 -0.0511
vn -0.9983 -0.0560 -0.0168
vn -0.9983 0.0560 0.0168
vn -0.9841 0.1701 0.0511
vn -0.9530 0.2903 0.0873
vn -0.8986 0.4202 0.1263
vn -0.8096 0.5622 0.1690
vn -0.6682 0.7124 0.2142
vn -0.4542 0.8532 0.2565
vn -0.1633 0.9448 0.2840
vn 0.1633 0.9448 0.2840
vn 0.4542 0.8532 0.2565
vn 0.6682 0.7125 0.2142
vn 0.8096 0.5622 0.1690
vn 0.8986 0.4202 0.1263
vn 0.9530 0.2903 0.0873
vn -0.0000 -0.9897 0.1431
vn 0.9841 0.1701 0.0511
vn 0.9983 0.0560 0.0168
vn -0.0000 0.9897 -0.1431
vn 0.9979 -0.0624 -0.0158
vn 0.9808 -0.1888 -0.0480
vn 0.9439 -0.3201 -0.0813
vn 0.8809 -0.4587 -0.1165
vn 0.7818 -0.6044 -0.1535
vn 0.6325 -0.7507 -0.1907
vn 0.4205 -0.8794 -0.2234
vn 0.1488 -0.9584 -0.2435
vn -0.1488 -0.9584 -0.2435
vn -0.4205 -0.8794 -0.2234
vn -0.6325 -0.7507 -0.1907
vn -0.7818 -0.6044 -0.1535
vn -0.8809 -0.4587 -0.1165
vn -0.9439 -0.3201 -0.0813
vn -0.9808 -0.1888 -0.0480
vn -0.9979 -0.0623 -0.0158
vn -0.9979 0.0623 0.0158
vn -0.9808 0.1888 0.0480
vn -0.9439 0.3201 0.0813
vn -0.8809 0.4587 0.1165
vn -0.7818 0.6044 0.1535
vn -0.6325 0.7507 0.1907
vn -0.4204 0.8794 0.2234
vn -0.1488 0.9584 0.2435
vn 0.1488 0.9584 0.2435
vn 0.4205 0.8794 0.2234
vn 0.6325 0.7507 0.1907
vn 0.7818 0.6044 0.1535
vn 0.8809 0.4587 0.1165
vn 0.9439 0.3201 0.0813
vn -0.0000 -0.9857 0.1687
vn 0.9808 0.1888 0.0480
vn 0.9979 0.0624 0.0158
vn -0.0000 0.9857 -0.1687
vn 0.9975 -0.0696 -0.0145
vn 0.9767 -0.2100 -0.0436
vn 0.9327 -0.3532 -0.0733
vn 0.8598 -0.5000 -0.1038
vn 0.7500 -0.6476 -0.1344
vn 0.5941 -0.7876 -0.1635
vn 0.3866 -0.9030 -0.1875
vn 0.1348 -0.9702 -0.2014
vn -0.1348 -0.9702 -0.2014
vn -0.3866 -0.9030 -0.1875
vn -0.5941 -0.7876 -0.1635
vn -0.7500 -0.6476 -0.1344
vn -0.8598 -0.5000 -0.1038
vn -0.9327 -0.3532 -0.0733
vn -0.9767 -0.2100 -0.0436
vn -0.9975 -0.0696 -0.0145
vn -0.9975 0.0696 0.0145
vn -0.9767 0.2100 0.0436
vn -0.9327 0.3532 0.0733
vn -0.8598 0.5000 0.1038
vn -0.7500 0.6476 0.1344
vn -0.5941 0.7876 0.1635
vn -0.3865 0.9030 0.1875
vn -0.1349 0.9702 0.2014
vn 0.1349 0.9702 0.2014
vn 0.3866 0.9030 0.1875
vn 0.5941 0.7876 0.1635
vn 0.7500 0.6476 0.1344
vn 0.8598 0.5000 0.1038
vn 0.9327 0.3532 0.0733
vn -0.0000 -0.9788 0.2049
vn 0.9767 0.2100 0.0436
vn 0.9975 0.0696 0.0145
vn -0.0000 0.9788 -0.2049
vn 0.9970 -0.0763 -0.0129
vn 0.9726 -0.2292 -0.0387
vn 0.9216 -0.3827 -0.0647
vn 0.8398 -0.5354 -0.0905
vn 0.7214 -0.6828 -0.1154
vn 0.5614 -0.8160 -0.1379
vn 0.3593 -0.9202 -0.1555
vn 0.1240 -0.9784 -0.1654
vn -0.1240 -0.9784 -0.1654
vn -0.3593 -0.9202 -0.1555
vn -0.5614 -0.8159 -0.1379
vn -0.7214 -0.6829 -0.1154
vn -0.8398 -0.5354 -0.0905
vn -0.9216 -0.3827 -0.0647
vn -0.9726 -0.2292 -0.0387
vn -0.9970 -0.0763 -0.0129
vn -0.9970 0.0763 0.0129
vn -0.9726 0.2292 0.0387
vn -0.9216 0.3827 0.0647
vn -0.8398 0.5354 0.0905
vn -0.7214 0.6828 0.1154
vn -0.5614 0.8159 0.1379
vn -0.3593 0.9202 0.1555
vn -0.1241 0.9784 0.1654
vn 0.1241 0.9784 0.1654
vn 0.3593 0.9202 0.1555
vn 0.5614 0.8160 0.1379
vn 0.7214 0.6829 0.1154
vn 0.8398 0.5354 0.0905
vn 0.9216 0.3827 0.0647
vn -0.0000 -0.9685 0.2491
vn 0.9726 0.2292 0.0387
vn 0.9970 0.0763 0.0129
vn -0.0000 0.9685 -0.2491
vn 0.9963 -0.0853 -0.0101
vn 0.9665 -0.2548 -0.0302
vn 0.9058 -0.4208 -0.0499
vn 0.8122 -0.5793 -0.0687
vn 0.6840 -0.7244 -0.0860
vn 0.5212 -0.8475 -0.1006
vn 0.3275 -0.9383 -0.1113
vn 0.1118 -0.9868 -0.1171
vn -0.1118 -0.9868 -0.1171
vn -0.3275 -0.9383 -0.1113
vn -0.5212 -0.8475 -0.1006
vn -0.6840 -0.7244 -0.0860
vn -0.8122 -0.5793 -0.0687
vn -0.9058 -0.4208 -0.0499
vn -0.9665 -0.2548 -0.0302
vn -0.9963 -0.0853 -0.0101
vn -0.9963 0.0853 0.0101
vn -0.9665 0.2548 0.0302
vn -0.9058 0.4208 0.0499
vn -0.8122 0.5793 0.0687
vn -0.6840 0.7244 0.0859
vn -0.5212 0.8475 0.1006
vn -0.3275 0.9383 0.1113
vn -0.1118 0.9868 0.1171
vn 0.1118 0.9868 0.1171
vn 0.3275 0.9383 0.1113
vn 0.5212 0.8475 0.1006
vn 0.6840 0.7244 0.0859
vn 0.8122 0.5793 0.0687
vn 0.9058 0.4208 0.0499
vn -0.0000 -0.9390 0.3440
vn 0.9665 0.2548 0.0302
vn 0.9963 0.0853 0.0101
vn -0.0000 0.9390 -0.3440
vn 0.9957 -0.0920 -0.0071
vn 0.9616 -0.2736 -0.0211
vn 0.8934 -0.4480 -0.0345
vn 0.7915 -0.6094 -0.0469
vn 0.6573 -0.7514 -0.0578
vn 0.4940 -0.8669 -0.0667
vn 0.3069 -0.9489 -0.0731
vn 0.1041 -0.9916 -0.0763
vn -0.1041 -0.9916 -0.0763
vn -0.3069 -0.9489 -0.0731
vn -0.4940 -0.8669 -0.0667
vn -0.6573 -0.7514 -0.0578
vn -0.7915 -0.6094 -0.0469
vn -0.8934 -0.4480 -0.0345
vn -0.9616 -0.2736 -0.0211
vn -0.9957 -0.0920 -0.0071
vn -0.9957 0.0920 0.0071
vn -0.9616 0.2736 0.0211
vn -0.8934 0.4480 0.0345
vn -0.7915 0.6094 0.0469
vn -0.6573 0.7514 0.0578
vn -0.4940 0.8669 0.0667
vn -0.3069 0.9489 0.0731
vn -0.1041 0.9916 0.0763
vn 0.1041 0.9916 0.0763
vn 0.3069 0.9489 0.0731
vn 0.4940 0.8669 0.0667
vn 0.6573 0.7514 0.0578
vn 0.7915 0.6094 0.0469
vn 0.8934 0.4480 0.0345
vn -0.0000 -0.8708 0.4917
vn 0.9616 0.2736 0.0211
vn 0.9957 0.0920 0.0071
vn -0.0000 0.8708 -0.4917
vn 0.9953 -0.0966 -0.0035
vn 0.9581 -0.2863 -0.0104
vn 0.8847 -0.4658 -0.0170
vn 0.7775 -0.6285 -0.0229
vn 0.6398 -0.7680 -0.0280
vn 0.4767 -0.8785 -0.0320
vn 0.2941 -0.9551 -0.0348
vn 0.0994 -0.9944 -0.0362
vn -0.0994 -0.9944 -0.0362
vn -0.2941 -0.9551 -0.0348
vn -0.4767 -0.8785 -0.0320
vn -0.6398 -0.7680 -0.0280
vn -0.7775 -0.6285 -0.0229
vn -0.8847 -0.4658 -0.0170
vn -0.9581 -0.2863 -0.0104
vn -0.9953 -0.0966 -0.0035
vn -0.9953 0.0966 0.0035
vn -0.9581 0.2863 0.0104
vn -0.8847 0.4658 0.0170
vn -0.7775 0.6285 0.0229
vn -0.6398 0.7680 0.0280
vn -0.4767 0.8785 0.0320
vn -0.2942 0.9551 0.0348
vn -0.0994 0.9944 0.0362
vn 0.0994 0.9944 0.0362
vn 0.2942 0.9551 0.0348
vn 0.4767 0.8785 0.0320
vn 0.6398 0.7680 0.0280
vn 0.7774 0.6285 0.0229
vn 0.8847 0.4658 0.0170
vn -0.0000 -0.6425 0.7663
vn 0.9581 0.2863 0.0104
vn 0.9953 0.0966 0.0035
vn -0.0000 0.6425 -0.7663
vn 0.9952 -0.0980 -0.0000
vn 0.9569 -0.2903 -0.0000
vn 0.8819 -0.4714 0.0001
vn 0.7730 -0.6344 0.0001
vn 0.6344 -0.7730 0.0001
vn 0.4714 -0.8819 0.0001
vn 0.2903 -0.9569 0.0001
vn 0.0980 -0.9952 0.0001
vn -0.0980 -0.9952 0.0001
vn -0.2903 -0.9569 0.0001
vn -0.4714 -0.8819 0.0001
vn -0.6344 -0.7730 0.0001
vn -0.7730 -0.6344 0.0001
vn -0.8819 -0.4714 0.0001
vn -0.9569 -0.2903 -0.0000
vn -0.9952 -0.0980 -0.0000
vn -0.9952 0.0980 -0.0000
vn -0.9569 0.2903 -0.0000
vn -0.8819 0.4714 -0.0001
vn -0.7730 0.6344 -0.0001
vn -0.6344 0.7730 -0.0001
vn -0.4714 0.8819 -0.0001
vn -0.2903 0.9569 -0.0001
vn -0.0980 0.9952 -0.0001
vn 0.0980 0.9952 -0.0001
vn 0.2903 0.9569 -0.0001
vn 0.4714 0.8819 -0.0001
vn 0.6344 0.7730 -0.0001
vn 0.7730 0.6344 -0.0001
vn 0.8819 0.4714 -0.0001
vn -0.0000 0.0027 1.0000
vn 0.9569 0.2903 -0.0000
vn 0.9952 0.0980 -0.0000
vn -0.0000 -0.0027 -1.0000
vn 0.9953 -0.0972 0.0026
vn 0.9576 -0.2880 0.0078
vn 0.8835 -0.4683 0.0127
vn 0.7755 -0.6311 0.0172
vn 0.6375 -0.7702 0.0210
vn 0.4743 -0.8800 0.0240
vn 0.2924 -0.9559 0.0260
vn 0.0988 -0.9947 0.0271
vn -0.0988 -0.9947 0.0271
vn -0.2924 -0.9559 0.0260
vn -0.4744 -0.8800 0.0240
vn -0.6375 -0.7702 0.0210
vn -0.7755 -0.6311 0.0172
vn -0.8835 -0.4683 0.0127
vn -0.9576 -0.2880 0.0078
vn -0.9953 -0.0972 0.0026
vn -0.9953 0.0972 -0.0026
vn -0.9576 0.2880 -0.0078
vn -0.8835 0.4682 -0.0127
vn -0.7755 0.6311 -0.0172
vn -0.6375 0.7702 -0.0210
vn -0.4744 0.8800 -0.0240
vn -0.2924 0.9559 -0.0260
vn -0.0988 0.9947 -0.0271
vn 0.0988 0.9947 -0.0271
vn 0.2924 0.9559 -0.0260
vn 0.4744 0.8800 -0.0240
vn 0.6375 0.7702 -0.0210
vn 0.7755 0.6311 -0.0172
vn 0.8835 0.4683 -0.0127
vn -0.0000 0.5308 0.8475
vn 0.9576 0.2881 -0.0078
vn 0.9953 0.0972 -0.0026
vn -0.0000 -0.5308 -0.8475
vn 0.9955 -0.0951 0.0050
vn 0.9593 -0.2822 0.0148
vn 0.8876 -0.4600 0.0242
vn 0.7821 -0.6223 0.0327
vn 0.6455 -0.7627 0.0401
vn 0.4822 -0.8748 0.0460
vn 0.2982 -0.9532 0.0501
vn 0.1009 -0.9935 0.0523
vn -0.1009 -0.9935 0.0523
vn -0.2982 -0.9532 0.0501
vn -0.4822 -0.8748 0.0460
vn -0.6455 -0.7627 0.0401
vn -0.7821 -0.6223 0.0327
vn -0.8876 -0.4600 0.0242
vn -0.9593 -0.2822 0.0148
vn -0.9955 -0.0950 0.0050
vn -0.9955 0.0951 -0.0050
vn -0.9593 0.2821 -0.0148
vn -0.8876 0.4600 -0.0242
vn -0.7821 0.6223 -0.0327
vn -0.6455 0.7627 -0.0401
vn -0.4823 0.8748 -0.0460
vn -0.2982 0.9532 -0.0501
vn -0.1009 0.9935 -0.0523
vn 0.1009 0.9935 -0.0523
vn 0.2982 0.9532 -0.0501
vn 0.4823 0.8748 -0.0460
vn 0.6455 0.7627 -0.0401
vn 0.7821 0.6223 -0.0327
vn 0.8876 0.4600 -0.0242
vn -0.0000 0.7708 0.6370
vn 0.9593 0.2822 -0.0148
vn 0.9955 0.0951 -0.0050
vn -0.0000 -0.7708 -0.6370
vn 0.9956 -0.0933 0.0063
vn 0.9606 -0.2772 0.0188
vn 0.8910 -0.4529 0.0307
vn 0.7876 -0.6147 0.0416
vn 0.6525 -0.7561 0.0512
vn 0.4891 -0.8702 0.0590
vn 0.3032 -0.9507 0.0644
vn 0.1028 -0.9924 0.0672
vn -0.1028 -0.9924 0.0672
vn -0.3032 -0.9507 0.0644
vn -0.4891 -0.8702 0.0590
vn -0.6524 -0.7561 0.0512
vn -0.7876 -0.6147 0.0416
vn -0.8910 -0.4529 0.0307
vn -0.9606 -0.2772 0.0188
vn -0.9956 -0.0932 0.0063
vn -0.9956 0.0932 -0.0063
vn -0.9606 0.2772 -0.0188
vn -0.8910 0.4529 -0.0307
vn -0.7876 0.6148 -0.0416
vn -0.6524 0.7561 -0.0512
vn -0.4891 0.8702 -0.0590
vn -0.3033 0.9507 -0.0644
vn -0.1028 0.9924 -0.0672
vn 0.1028 0.9924 -0.0672
vn 0.3032 0.9507 -0.0644
vn 0.4891 0.8702 -0.0590
vn 0.6524 0.7561 -0.0512
vn 0.7876 0.6147 -0.0416
vn 0.8910 0.4529 -0.0307
vn -0.0000 0.8417 0.5400
vn 0.9606 0.2772 -0.0188
vn 0.9956 0.0932 -0.0063
vn -0.0000 -0.8417 -0.5400
vn 0.9958 -0.0911 0.0076
vn 0.9623 -0.2711 0.0226
vn 0.8951 -0.4443 0.0370
vn 0.7943 -0.6054 0.0504
vn 0.6609 -0.7479 0.0623
vn 0.4976 -0.8644 0.0720
vn 0.3095 -0.9476 0.0789
vn 0.1051 -0.9910 0.0825
vn -0.1051 -0.9910 0.0825
vn -0.3095 -0.9476 0.0789
vn -0.4976 -0.8644 0.0720
vn -0.6609 -0.7479 0.0623
vn -0.7943 -0.6054 0.0504
vn -0.8951 -0.4443 0.0370
vn -0.9623 -0.2711 0.0226
vn -0.9958 -0.0911 0.0076
vn -0.9958 0.0911 -0.0076
vn -0.9623 0.2711 -0.0226
vn -0.8951 0.4443 -0.0370
vn -0.7943 0.6054 -0.0504
vn -0.6609 0.7479 -0.0623
vn -0.4976 0.8644 -0.0720
vn -0.3095 0.9476 -0.0789
vn -0.1051 0.9910 -0.0825
vn 0.1051 0.9910 -0.0825
vn 0.3095 0.9476 -0.0789
vn 0.4976 0.8644 -0.0720
vn 0.6609 0.7479 -0.0623
vn 0.7943 0.6054 -0.0504
vn 0.8951 0.4443 -0.0370
vn -0.0000 0.8865 0.4627
vn 0.9623 0.2711 -0.0226
vn 0.9958 0.0911 -0.0076
vn -0.0000 -0.8865 -0.4627
vn 0.9959 -0.0902 0.0081
vn 0.9630 -0.2685 0.0240
vn 0.8969 -0.4406 0.0394
vn 0.7972 -0.6013 0.0538
vn 0.6646 -0.7442 0.0666
vn 0.5012 -0.8619 0.0771
vn 0.3123 -0.9462 0.0846
vn 0.1061 -0.9904 0.0886
vn -0.1061 -0.9904 0.0886
vn -0.3123 -0.9462 0.0846
vn -0.5012 -0.8619 0.0771
vn -0.6646 -0.7442 0.0666
vn -0.7972 -0.6013 0.0538
vn -0.8968 -0.4406 0.0394
vn -0.9630 -0.2685 0.0240
vn -0.9959 -0.0901 0.0081
vn -0.9959 0.0901 -0.0081
vn -0.9630 0.2685 -0.0240
vn -0.8969 0.4406 -0.0394
vn -0.7972 0.6013 -0.0538
vn -0.6646 0.7442 -0.0666
vn -0.5013 0.8619 -0.0771
vn -0.3123 0.9462 -0.0846
vn -0.1061 0.9904 -0.0886
vn 0.1061 0.9904 -0.0886
vn 0.3123 0.9462 -0.0846
vn 0.5013 0.8619 -0.0771
vn 0.6646 0.7442 -0.0666
vn 0.7972 0.6013 -0.0538
vn 0.8969 0.4406 -0.0394
vn -0.0000 0.8994 0.4372
vn 0.9630 0.2685 -0.0240
vn 0.9959 0.0902 -0.0081
vn -0.0000 -0.8994 -0.4372
vn 0.9960 -0.0892 0.0085
vn 0.9637 -0.2657 0.0254
vn 0.8987 -0.4366 0.0418
vn 0.8003 -0.5969 0.0571
vn 0.6685 -0.7403 0.0708
vn 0.5052 -0.8591 0.0822
vn 0.3153 -0.9447 0.0904
vn 0.1073 -0.9897 0.0947
vn -0.1073 -0.9897 0.0947
vn -0.3153 -0.9447 0.0904
vn -0.5052 -0.8591 0.0822
vn -0.6685 -0.7403 0.0708
vn -0.8003 -0.5969 0.0571
vn -0.8987 -0.4366 0.0418
vn -0.9637 -0.2657 0.0254
vn -0.9960 -0.0892 0.0085
vn -0.9960 0.0892 -0.0085
vn -0.9637 0.2657 -0.0254
vn -0.8987 0.4366 -0.0418
vn -0.8003 0.5969 -0.0571
vn -0.6685 0.7403 -0.0708
vn -0.5052 0.8591 -0.0822
vn -0.3153 0.9447 -0.0904
vn -0.1072 0.9897 -0.0947
vn 0.1072 0.9897 -0.0947
vn 0.3153 0.9447 -0.0904
vn 0.5052 0.8591 -0.0822
vn 0.6685 0.7403 -0.0708
vn 0.8003 0.5969 -0.0571
vn 0.8987 0.4366 -0.0418
vn -0.0000 0.9105 0.4136
vn 0.9637 0.2657 -0.0254
vn 0.9960 0.0892 -0.0085
vn -0.0000 -0.9105 -0.4136
vn 0.9960 -0.0888 0.0087
vn 0.9640 -0.2647 0.0259
vn 0.8994 -0.4351 0.0426
vn 0.8014 -0.5953 0.0583
vn 0.6699 -0.7389 0.0724
vn 0.5067 -0.8580 0.0840
vn 0.3164 -0.9441 0.0924
vn 0.1077 -0.9895 0.0969
vn -0.1077 -0.9895 0.0969
vn -0.3164 -0.9441 0.0924
vn -0.5067 -0.8580 0.0840
vn -0.6699 -0.7389 0.0724
vn -0.8014 -0.5953 0.0583
vn -0.8994 -0.4351 0.0426
vn -0.9640 -0.2647 0.0259
vn -0.9960 -0.0888 0.0087
vn -0.9960 0.0888 -0.0087
vn -0.9640 0.2647 -0.0259
vn -0.8994 0.4351 -0.0426
vn -0.8014 0.5953 -0.0583
vn -0.6699 0.7389 -0.0724
vn -0.5067 0.8580 -0.0840
vn -0.3164 0.9441 -0.0924
vn -0.1077 0.9895 -0.0969
vn 0.1077 0.9895 -0.0969
vn 0.3164 0.9441 -0.0924
vn 0.5067 0.8580 -0.0840
vn 0.6699 0.7389 -0.0723
vn 0.8014 0.5953 -0.0583
vn 0.8994 0.4351 -0.0426
vn -0.0000 0.9140 0.4057
vn 0.9640 0.2647 -0.0259
vn 0.9960 0.0888 -0.0087
vn -0.0000 -0.9140 -0.4057
vn 0.9640 -0.2648 0.0259
vn 0.8993 -0.4353 0.0425
vn 0.8013 -0.5955 0.0582
vn 0.6698 -0.7390 0.0722
vn 0.5065 -0.8581 0.0838
vn 0.3163 -0.9442 0.0922
vn 0.1076 -0.9895 0.0967
vn -0.1076 -0.9895 0.0967
vn -0.3163 -0.9442 0.0922
vn -0.5065 -0.8581 0.0838
vn -0.6698 -0.7390 0.0722
vn -0.8013 -0.5955 0.0582
vn -0.8993 -0.4353 0.0425
vn -0.9640 -0.2648 0.0259
vn -0.9640 0.2648 -0.0259
vn -0.8993 0.4353 -0.0425
vn -0.8013 0.5955 -0.0582
vn -0.6698 0.7390 -0.0722
vn -0.5065 0.8581 -0.0838
vn -0.3163 0.9442 -0.0922
vn -0.1076 0.9895 -0.0967
vn 0.1076 0.9895 -0.0967
vn 0.3163 0.9442 -0.0922
vn 0.5065 0.8581 -0.0838
vn 0.6698 0.7390 -0.0722
vn 0.8013 0.5955 -0.0582
vn 0.8993 0.4353 -0.0425
vn -0.0000 0.9136 0.4066
vn 0.9640 0.2648 -0.0259
vn -0.0000 -0.9136 -0.4066
vn 0.9960 -0.0889 0.0087
vn 0.9639 -0.2649 0.0258
vn 0.8992 -0.4355 0.0424
vn 0.8011 -0.5957 0.0580
vn 0.6696 -0.7392 0.0720
vn 0.5063 -0.8583 0.0836
vn 0.3161 -0.9442 0.0920
vn 0.1076 -0.9895 0.0964
vn -0.1076 -0.9895 0.0964
vn -0.3161 -0.9442 0.0920
vn -0.5063 -0.8583 0.0836
vn -0.6696 -0.7392 0.0720
vn -0.8011 -0.5957 0.0580
vn -0.8992 -0.4355 0.0424
vn -0.9639 -0.2649 0.0258
vn -0.9960 -0.0889 0.0087
vn -0.9960 0.0889 -0.0087
vn -0.9639 0.2649 -0.0258
vn -0.8992 0.4355 -0.0424
vn -0.8011 0.5957 -0.0580
vn -0.6696 0.7392 -0.0720
vn -0.5063 0.8583 -0.0836
vn -0.3161 0.9442 -0.0920
vn -0.1076 0.9895 -0.0964
vn 0.1076 0.9895 -0.0964
vn 0.3161 0.9442 -0.0920
vn 0.5063 0.8583 -0.0836
vn 0.6696 0.7392 -0.0720
vn 0.8011 0.5957 -0.0580
vn 0.8992 0.4355 -0.0424
vn -0.0000 0.9132 0.4076
vn 0.9639 0.2649 -0.0258
vn 0.9960 0.0889 -0.0087
vn -0.0000 -0.9132 -0.4076
vn 0.9959 -0.0896 0.0083
vn 0.9634 -0.2671 0.0247
vn 0.8978 -0.4385 0.0406
vn 0.7988 -0.5991 0.0555
vn 0.6666 -0.7423 0.0688
vn 0.5033 -0.8604 0.0797
vn 0.3138 -0.9454 0.0876
vn 0.1067 -0.9901 0.0917
vn -0.1067 -0.9901 0.0917
vn -0.3138 -0.9454 0.0876
vn -0.5033 -0.8604 0.0797
vn -0.6666 -0.7423 0.0688
vn -0.7988 -0.5991 0.0555
vn -0.8978 -0.4385 0.0406
vn -0.9634 -0.2671 0.0247
vn -0.9959 -0.0896 0.0083
vn -0.9959 0.0896 -0.0083
vn -0.9634 0.2671 -0.0247
vn -0.8978 0.4385 -0.0406
vn -0.7988 0.5991 -0.0555
vn -0.6666 0.7422 -0.0688
vn -0.5033 0.8604 -0.0797
vn -0.3138 0.9454 -0.0876
vn -0.1067 0.9901 -0.0917
vn 0.1067 0.9901 -0.0917
vn 0.3138 0.9454 -0.0876
vn 0.5033 0.8604 -0.0797
vn 0.6666 0.7423 -0.0688
vn 0.7988 0.5991 -0.0555
vn 0.8978 0.4385 -0.0406
vn -0.0000 0.9053 0.4248
vn 0.9634 0.2671 -0.0247
vn 0.9959 0.0896 -0.0083
vn -0.0000 -0.9053 -0.4248
vn 0.9959 -0.0904 0.0080
vn 0.9628 -0.2691 0.0237
vn 0.8964 -0.4414 0.0388
vn 0.7965 -0.6023 0.0530
vn 0.6637 -0.7451 0.0656
vn 0.5004 -0.8625 0.0759
vn 0.3116 -0.9465 0.0833
vn 0.1059 -0.9906 0.0872
vn -0.1059 -0.9906 0.0872
vn -0.3116 -0.9465 0.0833
vn -0.5004 -0.8625 0.0759
vn -0.6637 -0.7451 0.0656
vn -0.7965 -0.6023 0.0530
vn -0.8964 -0.4414 0.0388
vn -0.9628 -0.2691 0.0237
vn -0.9959 -0.0904 0.0080
vn -0.9959 0.0904 -0.0080
vn -0.9628 0.2691 -0.0237
vn -0.8964 0.4414 -0.0388
vn -0.7965 0.6023 -0.0530
vn -0.6637 0.7451 -0.0656
vn -0.5004 0.8625 -0.0759
vn -0.3116 0.9465 -0.0833
vn -0.1059 0.9905 -0.0872
vn 0.1059 0.9905 -0.0872
vn 0.3116 0.9465 -0.0833
vn 0.5004 0.8625 -0.0759
vn 0.6637 0.7451 -0.0656
vn 0.7965 0.6023 -0.0530
vn 0.8964 0.4414 -0.0388
vn -0.0000 0.8966 0.4429
vn 0.9628 0.2691 -0.0237
vn 0.9959 0.0904 -0.0080
vn -0.0000 -0.8966 -0.4429
vn 0.9958 -0.0912 0.0075
vn 0.9622 -0.2714 0.0224
vn 0.8949 -0.4447 0.0367
vn 0.7940 -0.6058 0.0501
vn 0.6605 -0.7482 0.0618
vn 0.4972 -0.8647 0.0714
vn 0.3092 -0.9478 0.0783
vn 0.1050 -0.9911 0.0819
vn -0.1050 -0.9911 0.0819
vn -0.3092 -0.9478 0.0783
vn -0.4972 -0.8647 0.0714
vn -0.6605 -0.7482 0.0618
vn -0.7940 -0.6058 0.0501
vn -0.8949 -0.4447 0.0367
vn -0.9622 -0.2714 0.0224
vn -0.9958 -0.0912 0.0075
vn -0.9958 0.0912 -0.0075
vn -0.9622 0.2714 -0.0224
vn -0.8949 0.4447 -0.0367
vn -0.7940 0.6058 -0.0501
vn -0.6605 0.7483 -0.0618
vn -0.4972 0.8647 -0.0714
vn -0.3093 0.9478 -0.0783
vn -0.1050 0.9911 -0.0819
vn 0.1050 0.9911 -0.0819
vn 0.3093 0.9477 -0.0783
vn 0.4972 0.8647 -0.0714
vn 0.6605 0.7483 -0.0618
vn 0.7940 0.6058 -0.0501
vn 0.8949 0.4447 -0.0367
vn -0.0000 0.8850 0.4656
vn 0.9622 0.2714 -0.0224
vn 0.9958 0.0912 -0.0075
vn -0.0000 -0.8850 -0.4656
vn 0.9957 -0.0923 0.0069
vn 0.9614 -0.2745 0.0205
vn 0.8928 -0.4492 0.0336
vn 0.7906 -0.6107 0.0457
vn 0.6562 -0.7525 0.0563
vn 0.4928 -0.8677 0.0649
vn 0.3060 -0.9494 0.0711
vn 0.1038 -0.9918 0.0742
vn -0.1038 -0.9918 0.0742
vn -0.3060 -0.9494 0.0711
vn -0.4928 -0.8677 0.0649
vn -0.6562 -0.7525 0.0563
vn -0.7906 -0.6107 0.0457
vn -0.8928 -0.4492 0.0336
vn -0.9614 -0.2745 0.0205
vn -0.9957 -0.0923 0.0069
vn -0.9957 0.0923 -0.0069
vn -0.9614 0.2745 -0.0205
vn -0.8928 0.4492 -0.0336
vn -0.7906 0.6107 -0.0457
vn -0.6562 0.7525 -0.0563
vn -0.4928 0.8677 -0.0649
vn -0.3060 0.9494 -0.0711
vn -0.1038 0.9918 -0.0742
vn 0.1038 0.9918 -0.0742
vn 0.3060 0.9494 -0.0711
vn 0.4928 0.8677 -0.0649
vn 0.6562 0.7525 -0.0563
vn 0.7906 0.6107 -0.0457
vn 0.8928 0.4492 -0.0336
vn -0.0000 0.8647 0.5022
vn 0.9614 0.2745 -0.0205
vn 0.9957 0.0923 -0.0069
vn -0.0000 -0.8647 -0.5022
vn 0.9606 -0.2773 0.0186
vn 0.8909 -0.4532 0.0305
vn 0.7874 -0.6150 0.0414
vn 0.6522 -0.7563 0.0509
vn 0.4888 -0.8704 0.0585
vn 0.3031 -0.9508 0.0639
vn 0.1027 -0.9925 0.0667
vn -0.1027 -0.9925 0.0667
vn -0.3031 -0.9508 0.0639
vn -0.4888 -0.8704 0.0585
vn -0.6522 -0.7563 0.0509
vn -0.7874 -0.6150 0.0414
vn -0.8909 -0.4532 0.0305
vn -0.9606 -0.2773 0.0186
vn -0.9956 -0.0933 0.0063
vn -0.9956 0.0933 -0.0063
vn -0.9606 0.2773 -0.0186
vn -0.8909 0.4532 -0.0305
vn -0.7874 0.6150 -0.0414
vn -0.6522 0.7563 -0.0509
vn -0.4888 0.8704 -0.0585
vn -0.3031 0.9508 -0.0639
vn -0.1027 0.9925 -0.0667
vn 0.1027 0.9925 -0.0667
vn 0.3031 0.9508 -0.0639
vn 0.4888 0.8704 -0.0585
vn 0.6522 0.7563 -0.0509
vn 0.7874 0.6150 -0.0414
vn 0.8909 0.4532 -0.0305
vn -0.0000 0.8398 0.5429
vn 0.9606 0.2773 -0.0186
vn 0.9956 0.0933 -0.0063
vn -0.0000 -0.8398 -0.5429
vn 0.9955 -0.0943 0.0056
vn 0.9598 -0.2801 0.0165
vn 0.8890 -0.4572 0.0270
vn 0.7843 -0.6193 0.0366
vn 0.6483 -0.7601 0.0449
vn 0.4850 -0.8730 0.0516
vn 0.3002 -0.9522 0.0562
vn 0.1017 -0.9931 0.0586
vn -0.1017 -0.9931 0.0586
vn -0.3002 -0.9522 0.0562
vn -0.4850 -0.8730 0.0516
vn -0.6483 -0.7601 0.0449
vn -0.7843 -0.6193 0.0366
vn -0.8890 -0.4572 0.0270
vn -0.9598 -0.2801 0.0165
vn -0.9955 -0.0944 0.0056
vn -0.9955 0.0944 -0.0056
vn -0.9598 0.2801 -0.0165
vn -0.8890 0.4572 -0.0270
vn -0.7843 0.6193 -0.0366
vn -0.6483 0.7601 -0.0449
vn -0.4850 0.8730 -0.0516
vn -0.3002 0.9522 -0.0562
vn -0.1017 0.9931 -0.0586
vn 0.1017 0.9931 -0.0586
vn 0.3002 0.9522 -0.0562
vn 0.4850 0.8730 -0.0516
vn 0.6483 0.7601 -0.0449
vn 0.7843 0.6193 -0.0366
vn 0.8890 0.4572 -0.0270
vn -0.0000 0.8053 0.5928
vn 0.9598 0.2801 -0.0165
vn 0.9955 0.0943 -0.0056
vn -0.0000 -0.8053 -0.5928
vn 0.9954 -0.0954 0.0047
vn 0.9590 -0.2831 0.0140
vn 0.8870 -0.4613 0.0228
vn 0.7810 -0.6237 0.0308
vn 0.6443 -0.7639 0.0377
vn 0.4810 -0.8756 0.0433
vn 0.2973 -0.9536 0.0471
vn 0.1006 -0.9937 0.0491
vn -0.1006 -0.9937 0.0491
vn -0.2973 -0.9536 0.0471
vn -0.4810 -0.8756 0.0433
vn -0.6443 -0.7639 0.0377
vn -0.7810 -0.6237 0.0308
vn -0.8870 -0.4613 0.0228
vn -0.9590 -0.2831 0.0140
vn -0.9954 -0.0954 0.0047
vn -0.9954 0.0954 -0.0047
vn -0.9590 0.2831 -0.0140
vn -0.8870 0.4613 -0.0228
vn -0.7810 0.6237 -0.0308
vn -0.6443 0.7639 -0.0377
vn -0.4810 0.8756 -0.0433
vn -0.2973 0.9536 -0.0471
vn -0.1006 0.9937 -0.0491
vn 0.1006 0.9937 -0.0491
vn 0.2973 0.9536 -0.0471
vn 0.4810 0.8756 -0.0433
vn 0.6443 0.7639 -0.0377
vn 0.7810 0.6237 -0.0308
vn 0.8869 0.4613 -0.0228
vn -0.0000 0.7508 0.6605
vn 0.9590 0.2831 -0.0140
vn 0.9954 0.0954 -0.0047
vn -0.0000 -0.7508 -0.6605
vn 0.9953 -0.0963 0.0038
vn 0.9583 -0.2855 0.0114
vn 0.8853 -0.4647 0.0186
vn 0.7783 -0.6274 0.0251
vn 0.6409 -0.7670 0.0307
vn 0.4777 -0.8778 0.0351
vn 0.2949 -0.9548 0.0382
vn 0.0997 -0.9942 0.0397
vn -0.0997 -0.9942 0.0397
vn -0.2949 -0.9548 0.0382
vn -0.4777 -0.8778 0.0351
vn -0.6409 -0.7670 0.0307
vn -0.7783 -0.6274 0.0251
vn -0.8853 -0.4647 0.0186
vn -0.9583 -0.2855 0.0114
vn -0.9953 -0.0963 0.0038
vn -0.9953 0.0963 -0.0038
vn -0.9583 0.2855 -0.0114
vn -0.8853 0.4647 -0.0186
vn -0.7783 0.6274 -0.0251
vn -0.6409 0.7670 -0.0307
vn -0.4777 0.8778 -0.0351
vn -0.2949 0.9548 -0.0382
vn -0.0997 0.9942 -0.0397
vn 0.0997 0.9942 -0.0397
vn 0.2949 0.9548 -0.0382
vn 0.4777 0.8778 -0.0351
vn 0.6409 0.7670 -0.0307
vn 0.7783 0.6273 -0.0251
vn 0.8853 0.4647 -0.0186
vn -0.0000 0.6768 0.7362
vn 0.9583 0.2855 -0.0114
vn 0.9953 0.0963 -0.0038
vn -0.0000 -0.6768 -0.7362
vn 0.9953 -0.0970 0.0030
vn 0.9577 -0.2875 0.0087
vn 0.8839 -0.4675 0.0142
vn 0.7761 -0.6303 0.0192
vn 0.6382 -0.7695 0.0234
vn 0.4751 -0.8795 0.0268
vn 0.2930 -0.9557 0.0291
vn 0.0990 -0.9946 0.0303
vn -0.0990 -0.9946 0.0303
vn -0.2930 -0.9557 0.0291
vn -0.4751 -0.8795 0.0268
vn -0.6382 -0.7695 0.0234
vn -0.7761 -0.6303 0.0192
vn -0.8839 -0.4675 0.0142
vn -0.9577 -0.2875 0.0087
vn -0.9953 -0.0970 0.0030
vn -0.9953 0.0970 -0.0030
vn -0.9577 0.2875 -0.0087
vn -0.8839 0.4675 -0.0142
vn -0.7761 0.6303 -0.0192
vn -0.6382 0.7695 -0.0234
vn -0.4751 0.8795 -0.0268
vn -0.2930 0.9557 -0.0291
vn -0.0990 0.9946 -0.0303
vn 0.0990 0.9946 -0.0303
vn 0.2930 0.9557 -0.0291
vn 0.4751 0.8795 -0.0268
vn 0.6382 0.7695 -0.0234
vn 0.7761 0.6303 -0.0192
vn 0.8839 0.4675 -0.0142
vn -0.0000 0.5734 0.8192
vn 0.9577 0.2875 -0.0087
vn 0.9953 0.0970 -0.0030
vn -0.0000 -0.5734 -0.8192
vn 0.9952 -0.0976 0.0020
vn 0.9573 -0.2890 0.0058
vn 0.8828 -0.4697 0.0095
vn 0.7744 -0.6326 0.0128
vn 0.6361 -0.7715 0.0156
vn 0.4730 -0.8809 0.0178
vn 0.2915 -0.9564 0.0193
vn 0.0985 -0.9949 0.0201
vn -0.0985 -0.9949 0.0201
vn -0.2915 -0.9564 0.0193
vn -0.4730 -0.8809 0.0178
vn -0.6361 -0.7715 0.0156
vn -0.7744 -0.6326 0.0128
vn -0.8828 -0.4697 0.0095
vn -0.9573 -0.2891 0.0058
vn -0.9952 -0.0975 0.0020
vn -0.9952 0.0975 -0.0020
vn -0.9573 0.2891 -0.0058
vn -0.8828 0.4697 -0.0095
vn -0.7744 0.6326 -0.0128
vn -0.6361 0.7715 -0.0156
vn -0.4730 0.8809 -0.0178
vn -0.2915 0.9564 -0.0193
vn -0.0985 0.9949 -0.0201
vn 0.0985 0.9949 -0.0201
vn 0.2915 0.9564 -0.0193
vn 0.4730 0.8809 -0.0178
vn 0.6361 0.7715 -0.0156
vn 0.7744 0.6326 -0.0128
vn 0.8828 0.4696 -0.0095
vn -0.0000 0.4215 0.9068
vn 0.9573 0.2891 -0.0058
vn 0.9952 0.0975 -0.0020
vn -0.0000 -0.4215 -0.9068
vn 0.9952 -0.0979 0.0010
vn 0.9570 -0.2900 0.0029
vn 0.8821 -0.4710 0.0047
vn 0.7734 -0.6339 0.0064
vn 0.6348 -0.7726 0.0078
vn 0.4718 -0.8817 0.0089
vn 0.2906 -0.9568 0.0096
vn 0.0981 -0.9951 0.0100
vn -0.0981 -0.9951 0.0100
vn -0.2906 -0.9568 0.0096
vn -0.4718 -0.8817 0.0089
vn -0.6348 -0.7726 0.0078
vn -0.7734 -0.6339 0.0064
vn -0.8821 -0.4710 0.0047
vn -0.9570 -0.2900 0.0029
vn -0.9952 -0.0979 0.0010
vn -0.9952 0.0979 -0.0010
vn -0.9570 0.2900 -0.0029
vn -0.8821 0.4710 -0.0047
vn -0.7734 0.6339 -0.0064
vn -0.6348 0.7726 -0.0078
vn -0.4718 0.8817 -0.0089
vn -0.2906 0.9568 -0.0096
vn -0.0981 0.9951 -0.0100
vn 0.0981 0.9951 -0.0100
vn 0.2906 0.9568 -0.0096
vn 0.4718 0.8817 -0.0089
vn 0.6348 0.7726 -0.0078
vn 0.7733 0.6339 -0.0064
vn 0.8821 0.4710 -0.0047
vn -0.0000 0.2256 0.9742
vn 0.9570 0.2900 -0.0029
vn 0.9952 0.0979 -0.0010
vn -0.0000 -0.2256 -0.9742
vn 0.8819 -0.4714 -0.0000
vn 0.7730 -0.6344 -0.0000
vn 0.6344 -0.7730 -0.0000
vn 0.4714 -0.8819 -0.0000
vn 0.2903 -0.9569 -0.0000
vn 0.0980 -0.9952 -0.0000
vn -0.0980 -0.9952 -0.0000
vn -0.2903 -0.9569 -0.0000
vn -0.4714 -0.8819 -0.0000
vn -0.6344 -0.7730 -0.0000
vn -0.7730 -0.6344 -0.0000
vn -0.8819 -0.4714 -0.0000
vn -0.8819 0.4714 -0.0000
vn -0.7730 0.6344 -0.0000
vn -0.6344 0.7730 -0.0000
vn -0.4714 0.8819 -0.0000
vn -0.2903 0.9569 -0.0000
vn -0.0980 0.9952 -0.0000
vn 0.0980 0.9952 -0.0000
vn 0.2903 0.9569 -0.0000
vn 0.4714 0.8819 -0.0000
vn 0.6344 0.7730 -0.0000
vn 0.7730 0.6344 -0.0000
vn 0.8819 0.4714 -0.0000
vn -0.0000 -0.0000 1.0000
vn -0.0000 -0.0000 -1.0000
vt 1.000000 0.500000
vt 1.000000 1.000000
vt 0.968750 1.000000
vt 0.968750 0.500000
vt 0.937500 1.000000
vt 0.937500 0.500000
vt 0.906250 1.000000
vt 0.906250 0.500000
vt 0.875000 1.000000
vt 0.875000 0.500000
vt 0.843750 1.000000
vt 0.843750 0.500000
vt 0.812500 1.000000
vt 0.812500 0.500000
vt 0.781250 1.000000
vt 0.781250 0.500000
vt 0.750000 1.000000
vt 0.750000 0.500000
vt 0.718750 1.000000
vt 0.718750 0.500000
vt 0.687500 1.000000
vt 0.687500 0.500000
vt 0.656250 1.000000
vt 0.656250 0.500000
vt 0.625000 1.000000
vt 0.625000 0.500000
vt 0.593750 1.000000
vt 0.593750 0.500000
vt 0.562500 1.000000
vt 0.562500 0.500000
vt 0.531250 1.000000
vt 0.531250 0.500000
vt 0.500000 1.000000
vt 0.500000 0.500000
vt 0.468750 1.000000
vt 0.468750 0.500000
vt 0.437500 1.000000
vt 0.437500 0.500000
vt 0.406250 1.000000
vt 0.406250 0.500000
vt 0.375000 1.000000
vt 0.375000 0.500000
vt 0.343750 1.000000
vt 0.343750 0.500000
vt 0.312500 1.000000
vt 0.312500 0.500000
vt 0.281250 1.000000
vt 0.281250 0.500000
vt 0.250000 1.000000
vt 0.250000 0.500000
vt 0.218750 1.000000
vt 0.218750 0.500000
vt 0.187500 1.000000
vt 0.187500 0.500000
vt 0.156250 1.000000
vt 0.156250 0.500000
vt 0.125000 1.000000
vt 0.125000 0.500000
vt 0.093750 1.000000
vt 0.093750 0.500000
vt 0.062500 1.000000
vt 0.062500 0.500000
vt 0.296822 0.485388
vt 0.250000 0.490000
vt 0.203178 0.485388
vt 0.158156 0.471731
vt 0.116663 0.449553
vt 0.080294 0.419706
vt 0.050447 0.383337
vt 0.028269 0.341844
vt 0.014612 0.296822
vt 0.010000 0.250000
vt 0.014612 0.203178
vt 0.028269 0.158156
vt 0.050447 0.116663
vt 0.080294 0.080294
vt 0.116663 0.050447
vt 0.158156 0.028269
vt 0.203178 0.014612
vt 0.250000 0.010000
vt 0.296822 0.014612
vt 0.341844 0.028269
vt 0.383337 0.050447
vt 0.419706 0.080294
vt 0.449553 0.116663
vt 0.471731 0.158156
vt 0.485388 0.203178
vt 0.490000 0.250000
vt 0.485388 0.296822
vt 0.471731 0.341844
vt 0.449553 0.383337
vt 0.419706 0.419706
vt 0.383337 0.449553
vt 0.341844 0.471731
vt 0.031250 1.000000
vt 0.031250 0.500000
vt 0.000000 1.000000
vt 0.000000 0.500000
vt 0.750000 0.490000
vt 0.796822 0.485388
vt 0.841844 0.471731
vt 0.883337 0.449553
vt 0.919706 0.419706
vt 0.949553 0.383337
vt 0.971731 0.341844
vt 0.985388 0.296822
vt 0.990000 0.250000
vt 0.985388 0.203178
vt 0.971731 0.158156
vt 0.949553 0.116663
vt 0.919706 0.080294
vt 0.883337 0.050447
vt 0.841844 0.028269
vt 0.796822 0.014612
vt 0.750000 0.010000
vt 0.703178 0.014612
vt 0.658156 0.028269
vt 0.616663 0.050447
vt 0.580294 0.080294
vt 0.550447 0.116663
vt 0.528269 0.158156
vt 0.514612 0.203178
vt 0.510000 0.250000
vt 0.514612 0.296822
vt 0.528269 0.341844
vt 0.550447 0.383337
vt 0.580294 0.419706
vt 0.616663 0.449553
vt 0.658156 0.471731
vt 0.703178 0.485388
s 1
usemtl Material.001
f 214/73/225 215/74/225 217/75/225 216/76/225
f 216/76/226 217/75/226 219/77/226 218/78/226
f 218/78/227 219/77/227 221/79/227 220/80/227
f 220/80/228 221/79/228 223/81/228 222/82/228
f 222/82/229 223/81/229 225/83/229 224/84/229
f 224/84/230 225/83/230 227/85/230 226/86/230
f 226/86/231 227/85/231 229/87/231 228/88/231
f 228/88/232 229/87/232 231/89/232 230/90/232
f 230/90/233 231/89/233 233/91/233 232/92/233
f 232/92/234 233/91/234 235/93/234 234/94/234
f 234/94/235 235/93/235 237/95/235 236/96/235
f 236/96/236 237/95/236 239/97/236 238/98/236
f 238/98/237 239/97/237 241/99/237 240/100/237
f 240/100/238 241/99/238 243/101/238 242/102/238
f 242/102/239 243/101/239 245/103/239 244/104/239
f 244/104/240 245/103/240 247/105/240 246/106/240
f 246/106/241 247/105/241 249/107/241 248/108/241
f 248/108/242 249/107/242 251/109/242 250/110/242
f 250/110/243 251/109/243 253/111/243 252/112/243
f 252/112/244 253/111/244 255/113/244 254/114/244
f 254/114/245 255/113/245 257/115/245 256/116/245
f 256/116/246 257/115/246 259/117/246 258/118/246
f 258/118/247 259/117/247 261/119/247 260/120/247
f 260/120/248 261/119/248 263/121/248 262/122/248
f 262/122/249 263/121/249 265/123/249 264/124/249
f 264/124/250 265/123/250 267/125/250 266/126/250
f 266/126/251 267/125/251 269/127/251 268/128/251
f 268/128/252 269/127/252 271/129/252 270/130/252
f 270/130/253 271/129/253 273/131/253 272/132/253
f 272/132/254 273/131/254 275/133/254 274/134/254
f 217/135/255 215/136/255 277/137/255 275/138/255 273/139/255 271/140/255 269/141/255 267/142/255 265/143/255 263/144/255 261/145/255 259/146/255 257/147/255 255/148/255 253/149/255 251/150/255 249/151/255 247/152/255 245/153/255 243/154/255 241/155/255 239/156/255 237/157/255 235/158/255 233/159/255 231/160/255 229/161/255 227/162/255 225/163/255 223/164/255 221/165/255 219/166/255
f 274/134/256 275/133/256 277/167/256 276/168/256
f 276/168/257 277/167/257 215/169/257 214/170/257
f 214/171/258 216/172/258 218/173/258 220/174/258 222/175/258 224/176/258 226/177/258 228/178/258 230/179/258 232/180/258 234/181/258 236/182/258 238/183/258 240/184/258 242/185/258 244/186/258 246/187/258 248/188/258 250/189/258 252/190/258 254/191/258 256/192/258 258/193/258 260/194/258 262/195/258 264/196/258 266/197/258 268/198/258 270/199/258 272/200/258 274/201/258 276/202/258
f 278/73/259 279/74/259 281/75/259 280/76/259
f 280/76/260 281/75/260 283/77/260 282/78/260
f 282/78/261 283/77/261 285/79/261 284/80/261
f 284/80/262 285/79/262 287/81/262 286/82/262
f 286/82/263 287/81/263 289/83/263 288/84/263
f 288/84/264 289/83/264 291/85/264 290/86/264
f 290/86/265 291/85/265 293/87/265 292/88/265
f 292/88/266 293/87/266 295/89/266 294/90/266
f 294/90/267 295/89/267 297/91/267 296/92/267
f 296/92/268 297/91/268 299/93/268 298/94/268
f 298/94/269 299/93/269 301/95/269 300/96/269
f 300/96/270 301/95/270 303/97/270 302/98/270
f 302/98/271 303/97/271 305/99/271 304/100/271
f 304/100/272 305/99/272 307/101/272 306/102/272
f 306/102/273 307/101/273 309/103/273 308/104/273
f 308/104/274 309/103/274 311/105/274 310/106/274
f 310/106/275 311/105/275 313/107/275 312/108/275
f 312/108/276 313/107/276 315/109/276 314/110/276
f 314/110/277 315/109/277 317/111/277 316/112/277
f 316/112/278 317/111/278 319/113/278 318/114/278
f 318/114/279 319/113/279 321/115/279 320/116/279
f 320/116/280 321/115/280 323/117/280 322/118/280
f 322/118/281 323/117/281 325/119/281 324/120/281
f 324/120/282 325/119/282 327/121/282 326/122/282
f 326/122/283 327/121/283 329/123/283 328/124/283
f 328/124/284 329/123/284 331/125/284 330/126/284
f 330/126/285 331/125/285 333/127/285 332/128/285
f 332/128/286 333/127/286 335/129/286 334/130/286
f 334/130/287 335/129/287 337/131/287 336/132/287
f 336/132/288 337/131/288 339/133/288 338/134/288
f 281/135/289 279/136/289 341/137/289 339/138/289 337/139/289 335/140/289 333/141/289 331/142/289 329/143/289 327/144/289 325/145/289 323/146/289 321/147/289 319/148/289 317/149/289 315/150/289 313/151/289 311/152/289 309/153/289 307/154/289 305/155/289 303/156/289 301/157/289 299/158/289 297/159/289 295/160/289 293/161/289 291/162/289 289/163/289 287/164/289 285/165/289 283/166/289
f 338/134/290 339/133/290 341/167/290 340/168/290
f 340/168/291 341/167/291 279/169/291 278/170/291
f 278/171/292 280/172/292 282/173/292 284/174/292 286/175/292 288/176/292 290/177/292 292/178/292 294/179/292 296/180/292 298/181/292 300/182/292 302/183/292 304/184/292 306/185/292 308/186/292 310/187/292 312/188/292 314/189/292 316/190/292 318/191/292 320/192/292 322/193/292 324/194/292 326/195/292 328/196/292 330/197/292 332/198/292 334/199/292 336/200/292 338/201/292 340/202/292
f 342/73/293 343/74/293 345/75/293 344/76/293
f 344/76/294 345/75/294 347/77/294 346/78/294
f 346/78/295 347/77/295 349/79/295 348/80/295
f 348/80/296 349/79/296 351/81/296 350/82/296
f 350/82/297 351/81/297 353/83/297 352/84/297
f 352/84/298 353/83/298 355/85/298 354/86/298
f 354/86/299 355/85/299 357/87/299 356/88/299
f 356/88/300 357/87/300 359/89/300 358/90/300
f 358/90/301 359/89/301 361/91/301 360/92/301
f 360/92/302 361/91/302 363/93/302 362/94/302
f 362/94/303 363/93/303 365/95/303 364/96/303
f 364/96/304 365/95/304 367/97/304 366/98/304
f 366/98/305 367/97/305 369/99/305 368/100/305
f 368/100/306 369/99/306 371/101/306 370/102/306
f 370/102/307 371/101/307 373/103/307 372/104/307
f 372/104/308 373/103/308 375/105/308 374/106/308
f 374/106/309 375/105/309 377/107/309 376/108/309
f 376/108/310 377/107/310 379/109/310 378/110/310
f 378/110/311 379/109/311 381/111/311 380/112/311
f 380/112/312 381/111/312 383/113/312 382/114/312
f 382/114/313 383/113/313 385/115/313 384/116/313
f 384/116/314 385/115/314 387/117/314 386/118/314
f 386/118/315 387/117/315 389/119/315 388/120/315
f 388/120/316 389/119/316 391/121/316 390/122/316
f 390/122/317 391/121/317 393/123/317 392/124/317
f 392/124/318 393/123/318 395/125/318 394/126/318
f 394/126/319 395/125/319 397/127/319 396/128/319
f 396/128/320 397/127/320 399/129/320 398/130/320
f 398/130/321 399/129/321 401/131/321 400/132/321
f 400/132/322 401/131/322 403/133/322 402/134/322
f 345/135/323 343/136/323 405/137/323 403/138/323 401/139/323 399/140/323 397/141/323 395/142/323 393/143/323 391/144/323 389/145/323 387/146/323 385/147/323 383/148/323 381/149/323 379/150/323 377/151/323 375/152/323 373/153/323 371/154/323 369/155/323 367/156/323 365/157/323 363/158/323 361/159/323 359/160/323 357/161/323 355/162/323 353/163/323 351/164/323 349/165/323 347/166/323
f 402/134/324 403/133/324 405/167/324 404/168/324
f 404/168/325 405/167/325 343/169/325 342/170/325
f 342/171/326 344/172/326 346/173/326 348/174/326 350/175/326 352/176/326 354/177/326 356/178/326 358/179/326 360/180/326 362/181/326 364/182/326 366/183/326 368/184/326 370/185/326 372/186/326 374/187/326 376/188/326 378/189/326 380/190/326 382/191/326 384/192/326 386/193/326 388/194/326 390/195/326 392/196/326 394/197/326 396/198/326 398/199/326 400/200/326 402/201/326 404/202/326
f 406/73/327 407/74/327 409/75/327 408/76/327
f 408/76/328 409/75/328 411/77/328 410/78/328
f 410/78/329 411/77/329 413/79/329 412/80/329
f 412/80/330 413/79/330 415/81/330 414/82/330
f 414/82/331 415/81/331 417/83/331 416/84/331
f 416/84/332 417/83/332 419/85/332 418/86/332
f 418/86/333 419/85/333 421/87/333 420/88/333
f 420/88/334 421/87/334 423/89/334 422/90/334
f 422/90/335 423/89/335 425/91/335 424/92/335
f 424/92/336 425/91/336 427/93/336 426/94/336
f 426/94/337 427/93/337 429/95/337 428/96/337
f 428/96/338 429/95/338 431/97/338 430/98/338
f 430/98/339 431/97/339 433/99/339 432/100/339
f 432/100/340 433/99/340 435/101/340 434/102/340
f 434/102/341 435/101/341 437/103/341 436/104/341
f 436/104/342 437/103/342 439/105/342 438/106/342
f 438/106/343 439/105/343 441/107/343 440/108/343
f 440/108/344 441/107/344 443/109/344 442/110/344
f 442/110/345 443/109/345 445/111/345 444/112/345
f 444/112/346 445/111/346 447/113/346 446/114/346
f 446/114/347 447/113/347 449/115/347 448/116/347
f 448/116/348 449/115/348 451/117/348 450/118/348
f 450/118/349 451/117/349 453/119/349 452/120/349
f 452/120/350 453/119/350 455/121/350 454/122/350
f 454/122/351 455/121/351 457/123/351 456/124/351
f 456/124/352 457/123/352 459/125/352 458/126/352
f 458/126/353 459/125/353 461/127/353 460/128/353
f 460/128/354 461/127/354 463/129/354 462/130/354
f 462/130/355 463/129/355 465/131/355 464/132/355
f 464/132/356 465/131/356 467/133/356 466/134/356
f 409/135/357 407/136/357 469/137/357 467/138/357 465/139/357 463/140/357 461/141/357 459/142/357 457/143/357 455/144/357 453/145/357 451/146/357 449/147/357 447/148/357 445/149/357 443/150/357 441/151/357 439/152/357 437/153/357 435/154/357 433/155/357 431/156/357 429/157/357 427/158/357 425/159/357 423/160/357 421/161/357 419/162/357 417/163/357 415/164/357 413/165/357 411/166/357
f 466/134/358 467/133/358 469/167/358 468/168/358
f 468/168/359 469/167/359 407/169/359 406/170/359
f 406/171/360 408/172/360 410/173/360 412/174/360 414/175/360 416/176/360 418/177/360 420/178/360 422/179/360 424/180/360 426/181/360 428/182/360 430/183/360 432/184/360 434/185/360 436/186/360 438/187/360 440/188/360 442/189/360 444/190/360 446/191/360 448/192/360 450/193/360 452/194/360 454/195/360 456/196/360 458/197/360 460/198/360 462/199/360 464/200/360 466/201/360 468/202/360
f 470/73/361 471/74/361 473/75/361 472/76/361
f 472/76/362 473/75/362 475/77/362 474/78/362
f 474/78/363 475/77/363 477/79/363 476/80/363
f 476/80/364 477/79/364 479/81/364 478/82/364
f 478/82/365 479/81/365 481/83/365 480/84/365
f 480/84/366 481/83/366 483/85/366 482/86/366
f 482/86/367 483/85/367 485/87/367 484/88/367
f 484/88/368 485/87/368 487/89/368 486/90/368
f 486/90/369 487/89/369 489/91/369 488/92/369
f 488/92/370 489/91/370 491/93/370 490/94/370
f 490/94/371 491/93/371 493/95/371 492/96/371
f 492/96/372 493/95/372 495/97/372 494/98/372
f 494/98/373 495/97/373 497/99/373 496/100/373
f 496/100/374 497/99/374 499/101/374 498/102/374
f 498/102/375 499/101/375 501/103/375 500/104/375
f 500/104/376 501/103/376 503/105/376 502/106/376
f 502/106/377 503/105/377 505/107/377 504/108/377
f 504/108/378 505/107/378 507/109/378 506/110/378
f 506/110/379 507/109/379 509/111/379 508/112/379
f 508/112/380 509/111/380 511/113/380 510/114/380
f 510/114/381 511/113/381 513/115/381 512/116/381
f 512/116/382 513/115/382 515/117/382 514/118/382
f 514/118/383 515/117/383 517/119/383 516/120/383
f 516/120/384 517/119/384 519/121/384 518/122/384
f 518/122/385 519/121/385 521/123/385 520/124/385
f 520/124/386 521/123/386 523/125/386 522/126/386
f 522/126/387 523/125/387 525/127/387 524/128/387
f 524/128/388 525/127/388 527/129/388 526/130/388
f 526/130/389 527/129/389 529/131/389 528/132/389
f 528/132/390 529/131/390 531/133/390 530/134/390
f 473/135/391 471/136/391 533/137/391 531/138/391 529/139/391 527/140/391 525/141/391 523/142/391 521/143/391 519/144/391 517/145/391 515/146/391 513/147/391 511/148/391 509/149/391 507/150/391 505/151/391 503/152/391 501/153/391 499/154/391 497/155/391 495/156/391 493/157/391 491/158/391 489/159/391 487/160/391 485/161/391 483/162/391 481/163/391 479/164/391 477/165/391 475/166/391
f 530/134/392 531/133/392 533/167/392 532/168/392
f 532/168/393 533/167/393 471/169/393 470/170/393
f 470/171/394 472/172/394 474/173/394 476/174/394 478/175/394 480/176/394 482/177/394 484/178/394 486/179/394 488/180/394 490/181/394 492/182/394 494/183/394 496/184/394 498/185/394 500/186/394 502/187/394 504/188/394 506/189/394 508/190/394 510/191/394 512/192/394 514/193/394 516/194/394 518/195/394 520/196/394 522/197/394 524/198/394 526/199/394 528/200/394 530/201/394 532/202/394
f 534/73/395 535/74/395 537/75/395 536/76/395
f 536/76/396 537/75/396 539/77/396 538/78/396
f 538/78/397 539/77/397 541/79/397 540/80/397
f 540/80/398 541/79/398 543/81/398 542/82/398
f 542/82/399 543/81/399 545/83/399 544/84/399
f 544/84/400 545/83/400 547/85/400 546/86/400
f 546/86/401 547/85/401 549/87/401 548/88/401
f 548/88/402 549/87/402 551/89/402 550/90/402
f 550/90/403 551/89/403 553/91/403 552/92/403
f 552/92/404 553/91/404 555/93/404 554/94/404
f 554/94/405 555/93/405 557/95/405 556/96/405
f 556/96/406 557/95/406 559/97/406 558/98/406
f 558/98/407 559/97/407 561/99/407 560/100/407
f 560/100/408 561/99/408 563/101/408 562/102/408
f 562/102/409 563/101/409 565/103/409 564/104/409
f 564/104/410 565/103/410 567/105/410 566/106/410
f 566/106/411 567/105/411 569/107/411 568/108/411
f 568/108/412 569/107/412 571/109/412 570/110/412
f 570/110/413 571/109/413 573/111/413 572/112/413
f 572/112/414 573/111/414 575/113/414 574/114/414
f 574/114/415 575/113/415 577/115/415 576/116/415
f 576/116/416 577/115/416 579/117/416 578/118/416
f 578/118/417 579/117/417 581/119/417 580/120/417
f 580/120/418 581/119/418 583/121/418 582/122/418
f 582/122/419 583/121/419 585/123/419 584/124/419
f 584/124/420 585/123/420 587/125/420 586/126/420
f 586/126/421 587/125/421 589/127/421 588/128/421
f 588/128/422 589/127/422 591/129/422 590/130/422
f 590/130/423 591/129/423 593/131/423 592/132/423
f 592/132/424 593/131/424 595/133/424 594/134/424
f 537/135/425 535/136/425 597/137/425 595/138/425 593/139/425 591/140/425 589/141/425 587/142/425 585/143/425 583/144/425 581/145/425 579/146/425 577/147/425 575/148/425 573/149/425 571/150/425 569/151/425 567/152/425 565/153/425 563/154/425 561/155/425 559/156/425 557/157/425 555/158/425 553/159/425 551/160/425 549/161/425 547/162/425 545/163/425 543/164/425 541/165/425 539/166/425
f 594/134/426 595/133/426 597/167/426 596/168/426
f 596/168/427 597/167/427 535/169/427 534/170/427
f 534/171/428 536/172/428 538/173/428 540/174/428 542/175/428 544/176/428 546/177/428 548/178/428 550/179/428 552/180/428 554/181/428 556/182/428 558/183/428 560/184/428 562/185/428 564/186/428 566/187/428 568/188/428 570/189/428 572/190/428 574/191/428 576/192/428 578/193/428 580/194/428 582/195/428 584/196/428 586/197/428 588/198/428 590/199/428 592/200/428 594/201/428 596/202/428
f 598/73/429 599/74/429 601/75/429 600/76/429
f 600/76/430 601/75/430 603/77/430 602/78/430
f 602/78/431 603/77/431 605/79/431 604/80/431
f 604/80/432 605/79/432 607/81/432 606/82/432
f 606/82/433 607/81/433 609/83/433 608/84/433
f 608/84/434 609/83/434 611/85/434 610/86/434
f 610/86/435 611/85/435 613/87/435 612/88/435
f 612/88/436 613/87/436 615/89/436 614/90/436
f 614/90/437 615/89/437 617/91/437 616/92/437
f 616/92/438 617/91/438 619/93/438 618/94/438
f 618/94/439 619/93/439 621/95/439 620/96/439
f 620/96/440 621/95/440 623/97/440 622/98/440
f 622/98/441 623/97/441 625/99/441 624/100/441
f 624/100/442 625/99/442 627/101/442 626/102/442
f 626/102/443 627/101/443 629/103/443 628/104/443
f 628/104/444 629/103/444 631/105/444 630/106/444
f 630/106/445 631/105/445 633/107/445 632/108/445
f 632/108/446 633/107/446 635/109/446 634/110/446
f 634/110/447 635/109/447 637/111/447 636/112/447
f 636/112/448 637/111/448 639/113/448 638/114/448
f 638/114/449 639/113/449 641/115/449 640/116/449
f 640/116/450 641/115/450 643/117/450 642/118/450
f 642/118/451 643/117/451 645/119/451 644/120/451
f 644/120/452 645/119/452 647/121/452 646/122/452
f 646/122/453 647/121/453 649/123/453 648/124/453
f 648/124/454 649/123/454 651/125/454 650/126/454
f 650/126/455 651/125/455 653/127/455 652/128/455
f 652/128/456 653/127/456 655/129/456 654/130/456
f 654/130/457 655/129/457 657/131/457 656/132/457
f 656/132/458 657/131/458 659/133/458 658/134/458
f 601/135/459 599/136/459 661/137/459 659/138/459 657/139/459 655/140/459 653/141/459 651/142/459 649/143/459 647/144/459 645/145/459 643/146/459 641/147/459 639/148/459 637/149/459 635/150/459 633/151/459 631/152/459 629/153/459 627/154/459 625/155/459 623/156/459 621/157/459 619/158/459 617/159/459 615/160/459 613/161/459 611/162/459 609/163/459 607/164/459 605/165/459 603/166/459
f 658/134/460 659/133/460 661/167/460 660/168/460
f 660/168/461 661/167/461 599/169/461 598/170/461
f 598/171/462 600/172/462 602/173/462 604/174/462 606/175/462 608/176/462 610/177/462 612/178/462 614/179/462 616/180/462 618/181/462 620/182/462 622/183/462 624/184/462 626/185/462 628/186/462 630/187/462 632/188/462 634/189/462 636/190/462 638/191/462 640/192/462 642/193/462 644/194/462 646/195/462 648/196/462 650/197/462 652/198/462 654/199/462 656/200/462 658/201/462 660/202/462
f 662/73/463 663/74/463 665/75/463 664/76/463
f 664/76/464 665/75/464 667/77/464 666/78/464
f 666/78/465 667/77/465 669/79/465 668/80/465
f 668/80/466 669/79/466 671/81/466 670/82/466
f 670/82/467 671/81/467 673/83/467 672/84/467
f 672/84/468 673/83/468 675/85/468 674/86/468
f 674/86/469 675/85/469 677/87/469 676/88/469
f 676/88/470 677/87/470 679/89/470 678/90/470
f 678/90/471 679/89/471 681/91/471 680/92/471
f 680/92/472 681/91/472 683/93/472 682/94/472
f 682/94/473 683/93/473 685/95/473 684/96/473
f 684/96/474 685/95/474 687/97/474 686/98/474
f 686/98/475 687/97/475 689/99/475 688/100/475
f 688/100/476 689/99/476 691/101/476 690/102/476
f 690/102/477 691/101/477 693/103/477 692/104/477
f 692/104/478 693/103/478 695/105/478 694/106/478
f 694/106/479 695/105/479 697/107/479 696/108/479
f 696/108/480 697/107/480 699/109/480 698/110/480
f 698/110/481 699/109/481 701/111/481 700/112/481
f 700/112/482 701/111/482 703/113/482 702/114/482
f 702/114/483 703/113/483 705/115/483 704/116/483
f 704/116/484 705/115/484 707/117/484 706/118/484
f 706/118/485 707/117/485 709/119/485 708/120/485
f 708/120/486 709/119/486 711/121/486 710/122/486
f 710/122/487 711/121/487 713/123/487 712/124/487
f 712/124/488 713/123/488 715/125/488 714/126/488
f 714/126/489 715/125/489 717/127/489 716/128/489
f 716/128/490 717/127/490 719/129/490 718/130/490
f 718/130/491 719/129/491 721/131/491 720/132/491
f 720/132/492 721/131/492 723/133/492 722/134/492
f 665/135/493 663/136/493 725/137/493 723/138/493 721/139/493 719/140/493 717/141/493 715/142/493 713/143/493 711/144/493 709/145/493 707/146/493 705/147/493 703/148/493 701/149/493 699/150/493 697/151/493 695/152/493 693/153/493 691/154/493 689/155/493 687/156/493 685/157/493 683/158/493 681/159/493 679/160/493 677/161/493 675/162/493 673/163/493 671/164/493 669/165/493 667/166/493
f 722/134/494 723/133/494 725/167/494 724/168/494
f 724/168/495 725/167/495 663/169/495 662/170/495
f 662/171/496 664/172/496 666/173/496 668/174/496 670/175/496 672/176/496 674/177/496 676/178/496 678/179/496 680/180/496 682/181/496 684/182/496 686/183/496 688/184/496 690/185/496 692/186/496 694/187/496 696/188/496 698/189/496 700/190/496 702/191/496 704/192/496 706/193/496 708/194/496 710/195/496 712/196/496 714/197/496 716/198/496 718/199/496 720/200/496 722/201/496 724/202/496
f 726/73/497 727/74/497 729/75/497 728/76/497
f 728/76/498 729/75/498 731/77/498 730/78/498
f 730/78/499 731/77/499 733/79/499 732/80/499
f 732/80/500 733/79/500 735/81/500 734/82/500
f 734/82/501 735/81/501 737/83/501 736/84/501
f 736/84/502 737/83/502 739/85/502 738/86/502
f 738/86/503 739/85/503 741/87/503 740/88/503
f 740/88/504 741/87/504 743/89/504 742/90/504
f 742/90/505 743/89/505 745/91/505 744/92/505
f 744/92/506 745/91/506 747/93/506 746/94/506
f 746/94/507 747/93/507 749/95/507 748/96/507
f 748/96/508 749/95/508 751/97/508 750/98/508
f 750/98/509 751/97/509 753/99/509 752/100/509
f 752/100/510 753/99/510 755/101/510 754/102/510
f 754/102/511 755/101/511 757/103/511 756/104/511
f 756/104/512 757/103/512 759/105/512 758/106/512
f 758/106/513 759/105/513 761/107/513 760/108/513
f 760/108/514 761/107/514 763/109/514 762/110/514
f 762/110/515 763/109/515 765/111/515 764/112/515
f 764/112/516 765/111/516 767/113/516 766/114/516
f 766/114/517 767/113/517 769/115/517 768/116/517
f 768/116/518 769/115/518 771/117/518 770/118/518
f 770/118/519 771/117/519 773/119/519 772/120/519
f 772/120/520 773/119/520 775/121/520 774/122/520
f 774/122/521 775/121/521 777/123/521 776/124/521
f 776/124/522 777/123/522 779/125/522 778/126/522
f 778/126/523 779/125/523 781/127/523 780/128/523
f 780/128/524 781/127/524 783/129/524 782/130/524
f 782/130/525 783/129/525 785/131/525 784/132/525
f 784/132/526 785/131/526 787/133/526 786/134/526
f 729/135/527 727/136/527 789/137/527 787/138/527 785/139/527 783/140/527 781/141/527 779/142/527 777/143/527 775/144/527 773/145/527 771/146/527 769/147/527 767/148/527 765/149/527 763/150/527 761/151/527 759/152/527 757/153/527 755/154/527 753/155/527 751/156/527 749/157/527 747/158/527 745/159/527 743/160/527 741/161/527 739/162/527 737/163/527 735/164/527 733/165/527 731/166/527
f 786/134/528 787/133/528 789/167/528 788/168/528
f 788/168/529 789/167/529 727/169/529 726/170/529
f 726/171/530 728/172/530 730/173/530 732/174/530 734/175/530 736/176/530 738/177/530 740/178/530 742/179/530 744/180/530 746/181/530 748/182/530 750/183/530 752/184/530 754/185/530 756/186/530 758/187/530 760/188/530 762/189/530 764/190/530 766/191/530 768/192/530 770/193/530 772/194/530 774/195/530 776/196/530 778/197/530 780/198/530 782/199/530 784/200/530 786/201/530 788/202/530
f 790/73/531 791/74/531 793/75/531 792/76/531
f 792/76/532 793/75/532 795/77/532 794/78/532
f 794/78/533 795/77/533 797/79/533 796/80/533
f 796/80/534 797/79/534 799/81/534 798/82/534
f 798/82/535 799/81/535 801/83/535 800/84/535
f 800/84/536 801/83/536 803/85/536 802/86/536
f 802/86/537 803/85/537 805/87/537 804/88/537
f 804/88/538 805/87/538 807/89/538 806/90/538
f 806/90/539 807/89/539 809/91/539 808/92/539
f 808/92/540 809/91/540 811/93/540 810/94/540
f 810/94/541 811/93/541 813/95/541 812/96/541
f 812/96/542 813/95/542 815/97/542 814/98/542
f 814/98/543 815/97/543 817/99/543 816/100/543
f 816/100/544 817/99/544 819/101/544 818/102/544
f 818/102/545 819/101/545 821/103/545 820/104/545
f 820/104/546 821/103/546 823/105/546 822/106/546
f 822/106/547 823/105/547 825/107/547 824/108/547
f 824/108/548 825/107/548 827/109/548 826/110/548
f 826/110/549 827/109/549 829/111/549 828/112/549
f 828/112/550 829/111/550 831/113/550 830/114/550
f 830/114/551 831/113/551 833/115/551 832/116/551
f 832/116/552 833/115/552 835/117/552 834/118/552
f 834/118/553 835/117/553 837/119/553 836/120/553
f 836/120/554 837/119/554 839/121/554 838/122/554
f 838/122/555 839/121/555 841/123/555 840/124/555
f 840/124/556 841/123/556 843/125/556 842/126/556
f 842/126/557 843/125/557 845/127/557 844/128/557
f 844/128/558 845/127/558 847/129/558 846/130/558
f 846/130/559 847/129/559 849/131/559 848/132/559
f 848/132/560 849/131/560 851/133/560 850/134/560
f 793/135/561 791/136/561 853/137/561 851/138/561 849/139/561 847/140/561 845/141/561 843/142/561 841/143/561 839/144/561 837/145/561 835/146/561 833/147/561 831/148/561 829/149/561 827/150/561 825/151/561 823/152/561 821/153/561 819/154/561 817/155/561 815/156/561 813/157/561 811/158/561 809/159/561 807/160/561 805/161/561 803/162/561 801/163/561 799/164/561 797/165/561 795/166/561
f 850/134/562 851/133/562 853/167/562 852/168/562
f 852/168/563 853/167/563 791/169/563 790/170/563
f 790/171/564 792/172/564 794/173/564 796/174/564 798/175/564 800/176/564 802/177/564 804/178/564 806/179/564 808/180/564 810/181/564 812/182/564 814/183/564 816/184/564 818/185/564 820/186/564 822/187/564 824/188/564 826/189/564 828/190/564 830/191/564 832/192/564 834/193/564 836/194/564 838/195/564 840/196/564 842/197/564 844/198/564 846/199/564 848/200/564 850/201/564 852/202/564
f 854/73/565 855/74/565 857/75/565 856/76/565
f 856/76/566 857/75/566 859/77/566 858/78/566
f 858/78/567 859/77/567 861/79/567 860/80/567
f 860/80/568 861/79/568 863/81/568 862/82/568
f 862/82/569 863/81/569 865/83/569 864/84/569
f 864/84/570 865/83/570 867/85/570 866/86/570
f 866/86/571 867/85/571 869/87/571 868/88/571
f 868/88/572 869/87/572 871/89/572 870/90/572
f 870/90/573 871/89/573 873/91/573 872/92/573
f 872/92/574 873/91/574 875/93/574 874/94/574
f 874/94/575 875/93/575 877/95/575 876/96/575
f 876/96/576 877/95/576 879/97/576 878/98/576
f 878/98/577 879/97/577 881/99/577 880/100/577
f 880/100/578 881/99/578 883/101/578 882/102/578
f 882/102/579 883/101/579 885/103/579 884/104/579
f 884/104/580 885/103/580 887/105/580 886/106/580
f 886/106/581 887/105/581 889/107/581 888/108/581
f 888/108/582 889/107/582 891/109/582 890/110/582
f 890/110/583 891/109/583 893/111/583 892/112/583
f 892/112/584 893/111/584 895/113/584 894/114/584
f 894/114/585 895/113/585 897/115/585 896/116/585
f 896/116/586 897/115/586 899/117/586 898/118/586
f 898/118/587 899/117/587 901/119/587 900/120/587
f 900/120/588 901/119/588 903/121/588 902/122/588
f 902/122/589 903/121/589 905/123/589 904/124/589
f 904/124/590 905/123/590 907/125/590 906/126/590
f 906/126/591 907/125/591 909/127/591 908/128/591
f 908/128/592 909/127/592 911/129/592 910/130/592
f 910/130/593 911/129/593 913/131/593 912/132/593
f 912/132/594 913/131/594 915/133/594 914/134/594
f 857/135/595 855/136/595 917/137/595 915/138/595 913/139/595 911/140/595 909/141/595 907/142/595 905/143/595 903/144/595 901/145/595 899/146/595 897/147/595 895/148/595 893/149/595 891/150/595 889/151/595 887/152/595 885/153/595 883/154/595 881/155/595 879/156/595 877/157/595 875/158/595 873/159/595 871/160/595 869/161/595 867/162/595 865/163/595 863/164/595 861/165/595 859/166/595
f 914/134/596 915/133/596 917/167/596 916/168/596
f 916/168/597 917/167/597 855/169/597 854/170/597
f 854/171/598 856/172/598 858/173/598 860/174/598 862/175/598 864/176/598 866/177/598 868/178/598 870/179/598 872/180/598 874/181/598 876/182/598 878/183/598 880/184/598 882/185/598 884/186/598 886/187/598 888/188/598 890/189/598 892/190/598 894/191/598 896/192/598 898/193/598 900/194/598 902/195/598 904/196/598 906/197/598 908/198/598 910/199/598 912/200/598 914/201/598 916/202/598
f 918/73/599 919/74/599 921/75/599 920/76/599
f 920/76/600 921/75/600 923/77/600 922/78/600
f 922/78/601 923/77/601 925/79/601 924/80/601
f 924/80/602 925/79/602 927/81/602 926/82/602
f 926/82/603 927/81/603 929/83/603 928/84/603
f 928/84/604 929/83/604 931/85/604 930/86/604
f 930/86/605 931/85/605 933/87/605 932/88/605
f 932/88/606 933/87/606 935/89/606 934/90/606
f 934/90/607 935/89/607 937/91/607 936/92/607
f 936/92/608 937/91/608 939/93/608 938/94/608
f 938/94/609 939/93/609 941/95/609 940/96/609
f 940/96/610 941/95/610 943/97/610 942/98/610
f 942/98/611 943/97/611 945/99/611 944/100/611
f 944/100/612 945/99/612 947/101/612 946/102/612
f 946/102/613 947/101/613 949/103/613 948/104/613
f 948/104/614 949/103/614 951/105/614 950/106/614
f 950/106/615 951/105/615 953/107/615 952/108/615
f 952/108/616 953/107/616 955/109/616 954/110/616
f 954/110/617 955/109/617 957/111/617 956/112/617
f 956/112/618 957/111/618 959/113/618 958/114/618
f 958/114/619 959/113/619 961/115/619 960/116/619
f 960/116/620 961/115/620 963/117/620 962/118/620
f 962/118/621 963/117/621 965/119/621 964/120/621
f 964/120/622 965/119/622 967/121/622 966/122/622
f 966/122/623 967/121/623 969/123/623 968/124/623
f 968/124/624 969/123/624 971/125/624 970/126/624
f 970/126/625 971/125/625 973/127/625 972/128/625
f 972/128/626 973/127/626 975/129/626 974/130/626
f 974/130/627 975/129/627 977/131/627 976/132/627
f 976/132/628 977/131/628 979/133/628 978/134/628
f 921/135/629 919/136/629 981/137/629 979/138/629 977/139/629 975/140/629 973/141/629 971/142/629 969/143/629 967/144/629 965/145/629 963/146/629 961/147/629 959/148/629 957/149/629 955/150/629 953/151/629 951/152/629 949/153/629 947/154/629 945/155/629 943/156/629 941/157/629 939/158/629 937/159/629 935/160/629 933/161/629 931/162/629 929/163/629 927/164/629 925/165/629 923/166/629
f 978/134/630 979/133/630 981/167/630 980/168/630
f 980/168/631 981/167/631 919/169/631 918/170/631
f 918/171/632 920/172/632 922/173/632 924/174/632 926/175/632 928/176/632 930/177/632 932/178/632 934/179/632 936/180/632 938/181/632 940/182/632 942/183/632 944/184/632 946/185/632 948/186/632 950/187/632 952/188/632 954/189/632 956/190/632 958/191/632 960/192/632 962/193/632 964/194/632 966/195/632 968/196/632 970/197/632 972/198/632 974/199/632 976/200/632 978/201/632 980/202/632
f 982/73/633 983/74/633 985/75/633 984/76/633
f 984/76/634 985/75/634 987/77/634 986/78/634
f 986/78/635 987/77/635 989/79/635 988/80/635
f 988/80/636 989/79/636 991/81/636 990/82/636
f 990/82/637 991/81/637 993/83/637 992/84/637
f 992/84/638 993/83/638 995/85/638 994/86/638
f 994/86/639 995/85/639 997/87/639 996/88/639
f 996/88/640 997/87/640 999/89/640 998/90/640
f 998/90/641 999/89/641 1001/91/641 1000/92/641
f 1000/92/642 1001/91/642 1003/93/642 1002/94/642
f 1002/94/643 1003/93/643 1005/95/643 1004/96/643
f 1004/96/644 1005/95/644 1007/97/644 1006/98/644
f 1006/98/645 1007/97/645 1009/99/645 1008/100/645
f 1008/100/646 1009/99/646 1011/101/646 1010/102/646
f 1010/102/647 1011/101/647 1013/103/647 1012/104/647
f 1012/104/648 1013/103/648 1015/105/648 1014/106/648
f 1014/106/649 1015/105/649 1017/107/649 1016/108/649
f 1016/108/650 1017/107/650 1019/109/650 1018/110/650
f 1018/110/651 1019/109/651 1021/111/651 1020/112/651
f 1020/112/652 1021/111/652 1023/113/652 1022/114/652
f 1022/114/653 1023/113/653 1025/115/653 1024/116/653
f 1024/116/654 1025/115/654 1027/117/654 1026/118/654
f 1026/118/655 1027/117/655 1029/119/655 1028/120/655
f 1028/120/656 1029/119/656 1031/121/656 1030/122/656
f 1030/122/657 1031/121/657 1033/123/657 1032/124/657
f 1032/124/658 1033/123/658 1035/125/658 1034/126/658
f 1034/126/659 1035/125/659 1037/127/659 1036/128/659
f 1036/128/660 1037/127/660 1039/129/660 1038/130/660
f 1038/130/661 1039/129/661 1041/131/661 1040/132/661
f 1040/132/662 1041/131/662 1043/133/662 1042/134/662
f 985/135/663 983/136/663 1045/137/663 1043/138/663 1041/139/663 1039/140/663 1037/141/663 1035/142/663 1033/143/663 1031/144/663 1029/145/663 1027/146/663 1025/147/663 1023/148/663 1021/149/663 1019/150/663 1017/151/663 1015/152/663 1013/153/663 1011/154/663 1009/155/663 1007/156/663 1005/157/663 1003/158/663 1001/159/663 999/160/663 997/161/663 995/162/663 993/163/663 991/164/663 989/165/663 987/166/663
f 1042/134/664 1043/133/664 1045/167/664 1044/168/664
f 1044/168/665 1045/167/665 983/169/665 982/170/665
f 982/171/666 984/172/666 986/173/666 988/174/666 990/175/666 992/176/666 994/177/666 996/178/666 998/179/666 1000/180/666 1002/181/666 1004/182/666 1006/183/666 1008/184/666 1010/185/666 1012/186/666 1014/187/666 1016/188/666 1018/189/666 1020/190/666 1022/191/666 1024/192/666 1026/193/666 1028/194/666 1030/195/666 1032/196/666 1034/197/666 1036/198/666 1038/199/666 1040/200/666 1042/201/666 1044/202/666
f 1046/73/667 1047/74/667 1049/75/667 1048/76/667
f 1048/76/668 1049/75/668 1051/77/668 1050/78/668
f 1050/78/669 1051/77/669 1053/79/669 1052/80/669
f 1052/80/670 1053/79/670 1055/81/670 1054/82/670
f 1054/82/671 1055/81/671 1057/83/671 1056/84/671
f 1056/84/672 1057/83/672 1059/85/672 1058/86/672
f 1058/86/673 1059/85/673 1061/87/673 1060/88/673
f 1060/88/674 1061/87/674 1063/89/674 1062/90/674
f 1062/90/675 1063/89/675 1065/91/675 1064/92/675
f 1064/92/676 1065/91/676 1067/93/676 1066/94/676
f 1066/94/677 1067/93/677 1069/95/677 1068/96/677
f 1068/96/678 1069/95/678 1071/97/678 1070/98/678
f 1070/98/679 1071/97/679 1073/99/679 1072/100/679
f 1072/100/680 1073/99/680 1075/101/680 1074/102/680
f 1074/102/681 1075/101/681 1077/103/681 1076/104/681
f 1076/104/682 1077/103/682 1079/105/682 1078/106/682
f 1078/106/683 1079/105/683 1081/107/683 1080/108/683
f 1080/108/684 1081/107/684 1083/109/684 1082/110/684
f 1082/110/685 1083/109/685 1085/111/685 1084/112/685
f 1084/112/686 1085/111/686 1087/113/686 1086/114/686
f 1086/114/687 1087/113/687 1089/115/687 1088/116/687
f 1088/116/688 1089/115/688 1091/117/688 1090/118/688
f 1090/118/689 1091/117/689 1093/119/689 1092/120/689
f 1092/120/690 1093/119/690 1095/121/690 1094/122/690
f 1094/122/691 1095/121/691 1097/123/691 1096/124/691
f 1096/124/692 1097/123/692 1099/125/692 1098/126/692
f 1098/126/693 1099/125/693 1101/127/693 1100/128/693
f 1100/128/694 1101/127/694 1103/129/694 1102/130/694
f 1102/130/695 1103/129/695 1105/131/695 1104/132/695
f 1104/132/696 1105/131/696 1107/133/696 1106/134/696
f 1049/135/697 1047/136/697 1109/137/697 1107/138/697 1105/139/697 1103/140/697 1101/141/697 1099/142/697 1097/143/697 1095/144/697 1093/145/697 1091/146/697 1089/147/697 1087/148/697 1085/149/697 1083/150/697 1081/151/697 1079/152/697 1077/153/697 1075/154/697 1073/155/697 1071/156/697 1069/157/697 1067/158/697 1065/159/697 1063/160/697 1061/161/697 1059/162/697 1057/163/697 1055/164/697 1053/165/697 1051/166/697
f 1106/134/698 1107/133/698 1109/167/698 1108/168/698
f 1108/168/699 1109/167/699 1047/169/699 1046/170/699
f 1046/171/700 1048/172/700 1050/173/700 1052/174/700 1054/175/700 1056/176/700 1058/177/700 1060/178/700 1062/179/700 1064/180/700 1066/181/700 1068/182/700 1070/183/700 1072/184/700 1074/185/700 1076/186/700 1078/187/700 1080/188/700 1082/189/700 1084/190/700 1086/191/700 1088/192/700 1090/193/700 1092/194/700 1094/195/700 1096/196/700 1098/197/700 1100/198/700 1102/199/700 1104/200/700 1106/201/700 1108/202/700
f 1110/73/701 1111/74/701 1113/75/701 1112/76/701
f 1112/76/702 1113/75/702 1115/77/702 1114/78/702
f 1114/78/703 1115/77/703 1117/79/703 1116/80/703
f 1116/80/704 1117/79/704 1119/81/704 1118/82/704
f 1118/82/705 1119/81/705 1121/83/705 1120/84/705
f 1120/84/706 1121/83/706 1123/85/706 1122/86/706
f 1122/86/707 1123/85/707 1125/87/707 1124/88/707
f 1124/88/708 1125/87/708 1127/89/708 1126/90/708
f 1126/90/709 1127/89/709 1129/91/709 1128/92/709
f 1128/92/710 1129/91/710 1131/93/710 1130/94/710
f 1130/94/711 1131/93/711 1133/95/711 1132/96/711
f 1132/96/712 1133/95/712 1135/97/712 1134/98/712
f 1134/98/713 1135/97/713 1137/99/713 1136/100/713
f 1136/100/714 1137/99/714 1139/101/714 1138/102/714
f 1138/102/715 1139/101/715 1141/103/715 1140/104/715
f 1140/104/716 1141/103/716 1143/105/716 1142/106/716
f 1142/106/717 1143/105/717 1145/107/717 1144/108/717
f 1144/108/718 1145/107/718 1147/109/718 1146/110/718
f 1146/110/719 1147/109/719 1149/111/719 1148/112/719
f 1148/112/720 1149/111/720 1151/113/720 1150/114/720
f 1150/114/721 1151/113/721 1153/115/721 1152/116/721
f 1152/116/722 1153/115/722 1155/117/722 1154/118/722
f 1154/118/723 1155/117/723 1157/119/723 1156/120/723
f 1156/120/724 1157/119/724 1159/121/724 1158/122/724
f 1158/122/725 1159/121/725 1161/123/725 1160/124/725
f 1160/124/726 1161/123/726 1163/125/726 1162/126/726
f 1162/126/727 1163/125/727 1165/127/727 1164/128/727
f 1164/128/728 1165/127/728 1167/129/728 1166/130/728
f 1166/130/729 1167/129/729 1169/131/729 1168/132/729
f 1168/132/730 1169/131/730 1171/133/730 1170/134/730
f 1113/135/731 1111/136/731 1173/137/731 1171/138/731 1169/139/731 1167/140/731 1165/141/731 1163/142/731 1161/143/731 1159/144/731 1157/145/731 1155/146/731 1153/147/731 1151/148/731 1149/149/731 1147/150/731 1145/151/731 1143/152/731 1141/153/731 1139/154/731 1137/155/731 1135/156/731 1133/157/731 1131/158/731 1129/159/731 1127/160/731 1125/161/731 1123/162/731 1121/163/731 1119/164/731 1117/165/731 1115/166/731
f 1170/134/732 1171/133/732 1173/167/732 1172/168/732
f 1172/168/733 1173/167/733 1111/169/733 1110/170/733
f 1110/171/734 1112/172/734 1114/173/734 1116/174/734 1118/175/734 1120/176/734 1122/177/734 1124/178/734 1126/179/734 1128/180/734 1130/181/734 1132/182/734 1134/183/734 1136/184/734 1138/185/734 1140/186/734 1142/187/734 1144/188/734 1146/189/734 1148/190/734 1150/191/734 1152/192/734 1154/193/734 1156/194/734 1158/195/734 1160/196/734 1162/197/734 1164/198/734 1166/199/734 1168/200/734 1170/201/734 1172/202/734
f 1174/73/735 1175/74/735 1177/75/735 1176/76/735
f 1176/76/736 1177/75/736 1179/77/736 1178/78/736
f 1178/78/737 1179/77/737 1181/79/737 1180/80/737
f 1180/80/738 1181/79/738 1183/81/738 1182/82/738
f 1182/82/739 1183/81/739 1185/83/739 1184/84/739
f 1184/84/740 1185/83/740 1187/85/740 1186/86/740
f 1186/86/741 1187/85/741 1189/87/741 1188/88/741
f 1188/88/742 1189/87/742 1191/89/742 1190/90/742
f 1190/90/743 1191/89/743 1193/91/743 1192/92/743
f 1192/92/744 1193/91/744 1195/93/744 1194/94/744
f 1194/94/745 1195/93/745 1197/95/745 1196/96/745
f 1196/96/746 1197/95/746 1199/97/746 1198/98/746
f 1198/98/747 1199/97/747 1201/99/747 1200/100/747
f 1200/100/748 1201/99/748 1203/101/748 1202/102/748
f 1202/102/749 1203/101/749 1205/103/749 1204/104/749
f 1204/104/750 1205/103/750 1207/105/750 1206/106/750
f 1206/106/751 1207/105/751 1209/107/751 1208/108/751
f 1208/108/752 1209/107/752 1211/109/752 1210/110/752
f 1210/110/753 1211/109/753 1213/111/753 1212/112/753
f 1212/112/754 1213/111/754 1215/113/754 1214/114/754
f 1214/114/755 1215/113/755 1217/115/755 1216/116/755
f 1216/116/756 1217/115/756 1219/117/756 1218/118/756
f 1218/118/757 1219/117/757 1221/119/757 1220/120/757
f 1220/120/758 1221/119/758 1223/121/758 1222/122/758
f 1222/122/759 1223/121/759 1225/123/759 1224/124/759
f 1224/124/760 1225/123/760 1227/125/760 1226/126/760
f 1226/126/761 1227/125/761 1229/127/761 1228/128/761
f 1228/128/762 1229/127/762 1231/129/762 1230/130/762
f 1230/130/763 1231/129/763 1233/131/763 1232/132/763
f 1232/132/764 1233/131/764 1235/133/764 1234/134/764
f 1177/135/765 1175/136/765 1237/137/765 1235/138/765 1233/139/765 1231/140/765 1229/141/765 1227/142/765 1225/143/765 1223/144/765 1221/145/765 1219/146/765 1217/147/765 1215/148/765 1213/149/765 1211/150/765 1209/151/765 1207/152/765 1205/153/765 1203/154/765 1201/155/765 1199/156/765 1197/157/765 1195/158/765 1193/159/765 1191/160/765 1189/161/765 1187/162/765 1185/163/765 1183/164/765 1181/165/765 1179/166/765
f 1234/134/766 1235/133/766 1237/167/766 1236/168/766
f 1236/168/767 1237/167/767 1175/169/767 1174/170/767
f 1174/171/768 1176/172/768 1178/173/768 1180/174/768 1182/175/768 1184/176/768 1186/177/768 1188/178/768 1190/179/768 1192/180/768 1194/181/768 1196/182/768 1198/183/768 1200/184/768 1202/185/768 1204/186/768 1206/187/768 1208/188/768 1210/189/768 1212/190/768 1214/191/768 1216/192/768 1218/193/768 1220/194/768 1222/195/768 1224/196/768 1226/197/768 1228/198/768 1230/199/768 1232/200/768 1234/201/768 1236/202/768
f 1238/73/769 1239/74/769 1241/75/769 1240/76/769
f 1240/76/770 1241/75/770 1243/77/770 1242/78/770
f 1242/78/771 1243/77/771 1245/79/771 1244/80/771
f 1244/80/772 1245/79/772 1247/81/772 1246/82/772
f 1246/82/773 1247/81/773 1249/83/773 1248/84/773
f 1248/84/774 1249/83/774 1251/85/774 1250/86/774
f 1250/86/775 1251/85/775 1253/87/775 1252/88/775
f 1252/88/776 1253/87/776 1255/89/776 1254/90/776
f 1254/90/777 1255/89/777 1257/91/777 1256/92/777
f 1256/92/778 1257/91/778 1259/93/778 1258/94/778
f 1258/94/779 1259/93/779 1261/95/779 1260/96/779
f 1260/96/780 1261/95/780 1263/97/780 1262/98/780
f 1262/98/781 1263/97/781 1265/99/781 1264/100/781
f 1264/100/782 1265/99/782 1267/101/782 1266/102/782
f 1266/102/783 1267/101/783 1269/103/783 1268/104/783
f 1268/104/784 1269/103/784 1271/105/784 1270/106/784
f 1270/106/785 1271/105/785 1273/107/785 1272/108/785
f 1272/108/786 1273/107/786 1275/109/786 1274/110/786
f 1274/110/787 1275/109/787 1277/111/787 1276/112/787
f 1276/112/788 1277/111/788 1279/113/788 1278/114/788
f 1278/114/789 1279/113/789 1281/115/789 1280/116/789
f 1280/116/790 1281/115/790 1283/117/790 1282/118/790
f 1282/118/791 1283/117/791 1285/119/791 1284/120/791
f 1284/120/792 1285/119/792 1287/121/792 1286/122/792
f 1286/122/793 1287/121/793 1289/123/793 1288/124/793
f 1288/124/794 1289/123/794 1291/125/794 1290/126/794
f 1290/126/795 1291/125/795 1293/127/795 1292/128/795
f 1292/128/796 1293/127/796 1295/129/796 1294/130/796
f 1294/130/797 1295/129/797 1297/131/797 1296/132/797
f 1296/132/798 1297/131/798 1299/133/798 1298/134/798
f 1241/135/799 1239/136/799 1301/137/799 1299/138/799 1297/139/799 1295/140/799 1293/141/799 1291/142/799 1289/143/799 1287/144/799 1285/145/799 1283/146/799 1281/147/799 1279/148/799 1277/149/799 1275/150/799 1273/151/799 1271/152/799 1269/153/799 1267/154/799 1265/155/799 1263/156/799 1261/157/799 1259/158/799 1257/159/799 1255/160/799 1253/161/799 1251/162/799 1249/163/799 1247/164/799 1245/165/799 1243/166/799
f 1298/134/800 1299/133/800 1301/167/800 1300/168/800
f 1300/168/801 1301/167/801 1239/169/801 1238/170/801
f 1238/171/802 1240/172/802 1242/173/802 1244/174/802 1246/175/802 1248/176/802 1250/177/802 1252/178/802 1254/179/802 1256/180/802 1258/181/802 1260/182/802 1262/183/802 1264/184/802 1266/185/802 1268/186/802 1270/187/802 1272/188/802 1274/189/802 1276/190/802 1278/191/802 1280/192/802 1282/193/802 1284/194/802 1286/195/802 1288/196/802 1290/197/802 1292/198/802 1294/199/802 1296/200/802 1298/201/802 1300/202/802
f 1302/73/803 1303/74/803 1305/75/803 1304/76/803
f 1304/76/804 1305/75/804 1307/77/804 1306/78/804
f 1306/78/805 1307/77/805 1309/79/805 1308/80/805
f 1308/80/806 1309/79/806 1311/81/806 1310/82/806
f 1310/82/807 1311/81/807 1313/83/807 1312/84/807
f 1312/84/808 1313/83/808 1315/85/808 1314/86/808
f 1314/86/809 1315/85/809 1317/87/809 1316/88/809
f 1316/88/810 1317/87/810 1319/89/810 1318/90/810
f 1318/90/811 1319/89/811 1321/91/811 1320/92/811
f 1320/92/812 1321/91/812 1323/93/812 1322/94/812
f 1322/94/813 1323/93/813 1325/95/813 1324/96/813
f 1324/96/814 1325/95/814 1327/97/814 1326/98/814
f 1326/98/815 1327/97/815 1329/99/815 1328/100/815
f 1328/100/816 1329/99/816 1331/101/816 1330/102/816
f 1330/102/817 1331/101/817 1333/103/817 1332/104/817
f 1332/104/818 1333/103/818 1335/105/818 1334/106/818
f 1334/106/819 1335/105/819 1337/107/819 1336/108/819
f 1336/108/820 1337/107/820 1339/109/820 1338/110/820
f 1338/110/821 1339/109/821 1341/111/821 1340/112/821
f 1340/112/822 1341/111/822 1343/113/822 1342/114/822
f 1342/114/823 1343/113/823 1345/115/823 1344/116/823
f 1344/116/824 1345/115/824 1347/117/824 1346/118/824
f 1346/118/825 1347/117/825 1349/119/825 1348/120/825
f 1348/120/826 1349/119/826 1351/121/826 1350/122/826
f 1350/122/827 1351/121/827 1353/123/827 1352/124/827
f 1352/124/828 1353/123/828 1355/125/828 1354/126/828
f 1354/126/829 1355/125/829 1357/127/829 1356/128/829
f 1356/128/830 1357/127/830 1359/129/830 1358/130/830
f 1358/130/831 1359/129/831 1361/131/831 1360/132/831
f 1360/132/832 1361/131/832 1363/133/832 1362/134/832
f 1305/135/833 1303/136/833 1365/137/833 1363/138/833 1361/139/833 1359/140/833 1357/141/833 1355/142/833 1353/143/833 1351/144/833 1349/145/833 1347/146/833 1345/147/833 1343/148/833 1341/149/833 1339/150/833 1337/151/833 1335/152/833 1333/153/833 1331/154/833 1329/155/833 1327/156/833 1325/157/833 1323/158/833 1321/159/833 1319/160/833 1317/161/833 1315/162/833 1313/163/833 1311/164/833 1309/165/833 1307/166/833
f 1362/134/834 1363/133/834 1365/167/834 1364/168/834
f 1364/168/835 1365/167/835 1303/169/835 1302/170/835
f 1302/171/836 1304/172/836 1306/173/836 1308/174/836 1310/175/836 1312/176/836 1314/177/836 1316/178/836 1318/179/836 1320/180/836 1322/181/836 1324/182/836 1326/183/836 1328/184/836 1330/185/836 1332/186/836 1334/187/836 1336/188/836 1338/189/836 1340/190/836 1342/191/836 1344/192/836 1346/193/836 1348/194/836 1350/195/836 1352/196/836 1354/197/836 1356/198/836 1358/199/836 1360/200/836 1362/201/836 1364/202/836
f 1366/73/803 1367/74/803 1369/75/803 1368/76/803
f 1368/76/837 1369/75/837 1371/77/837 1370/78/837
f 1370/78/838 1371/77/838 1373/79/838 1372/80/838
f 1372/80/839 1373/79/839 1375/81/839 1374/82/839
f 1374/82/840 1375/81/840 1377/83/840 1376/84/840
f 1376/84/841 1377/83/841 1379/85/841 1378/86/841
f 1378/86/842 1379/85/842 1381/87/842 1380/88/842
f 1380/88/843 1381/87/843 1383/89/843 1382/90/843
f 1382/90/844 1383/89/844 1385/91/844 1384/92/844
f 1384/92/845 1385/91/845 1387/93/845 1386/94/845
f 1386/94/846 1387/93/846 1389/95/846 1388/96/846
f 1388/96/847 1389/95/847 1391/97/847 1390/98/847
f 1390/98/848 1391/97/848 1393/99/848 1392/100/848
f 1392/100/849 1393/99/849 1395/101/849 1394/102/849
f 1394/102/850 1395/101/850 1397/103/850 1396/104/850
f 1396/104/818 1397/103/818 1399/105/818 1398/106/818
f 1398/106/819 1399/105/819 1401/107/819 1400/108/819
f 1400/108/851 1401/107/851 1403/109/851 1402/110/851
f 1402/110/852 1403/109/852 1405/111/852 1404/112/852
f 1404/112/853 1405/111/853 1407/113/853 1406/114/853
f 1406/114/854 1407/113/854 1409/115/854 1408/116/854
f 1408/116/855 1409/115/855 1411/117/855 1410/118/855
f 1410/118/856 1411/117/856 1413/119/856 1412/120/856
f 1412/120/857 1413/119/857 1415/121/857 1414/122/857
f 1414/122/858 1415/121/858 1417/123/858 1416/124/858
f 1416/124/859 1417/123/859 1419/125/859 1418/126/859
f 1418/126/860 1419/125/860 1421/127/860 1420/128/860
f 1420/128/861 1421/127/861 1423/129/861 1422/130/861
f 1422/130/862 1423/129/862 1425/131/862 1424/132/862
f 1424/132/863 1425/131/863 1427/133/863 1426/134/863
f 1369/135/864 1367/136/864 1429/137/864 1427/138/864 1425/139/864 1423/140/864 1421/141/864 1419/142/864 1417/143/864 1415/144/864 1413/145/864 1411/146/864 1409/147/864 1407/148/864 1405/149/864 1403/150/864 1401/151/864 1399/152/864 1397/153/864 1395/154/864 1393/155/864 1391/156/864 1389/157/864 1387/158/864 1385/159/864 1383/160/864 1381/161/864 1379/162/864 1377/163/864 1375/164/864 1373/165/864 1371/166/864
f 1426/134/865 1427/133/865 1429/167/865 1428/168/865
f 1428/168/835 1429/167/835 1367/169/835 1366/170/835
f 1366/171/866 1368/172/866 1370/173/866 1372/174/866 1374/175/866 1376/176/866 1378/177/866 1380/178/866 1382/179/866 1384/180/866 1386/181/866 1388/182/866 1390/183/866 1392/184/866 1394/185/866 1396/186/866 1398/187/866 1400/188/866 1402/189/866 1404/190/866 1406/191/866 1408/192/866 1410/193/866 1412/194/866 1414/195/866 1416/196/866 1418/197/866 1420/198/866 1422/199/866 1424/200/866 1426/201/866 1428/202/866
f 1430/73/867 1431/74/867 1433/75/867 1432/76/867
f 1432/76/868 1433/75/868 1435/77/868 1434/78/868
f 1434/78/869 1435/77/869 1437/79/869 1436/80/869
f 1436/80/870 1437/79/870 1439/81/870 1438/82/870
f 1438/82/871 1439/81/871 1441/83/871 1440/84/871
f 1440/84/872 1441/83/872 1443/85/872 1442/86/872
f 1442/86/873 1443/85/873 1445/87/873 1444/88/873
f 1444/88/874 1445/87/874 1447/89/874 1446/90/874
f 1446/90/875 1447/89/875 1449/91/875 1448/92/875
f 1448/92/876 1449/91/876 1451/93/876 1450/94/876
f 1450/94/877 1451/93/877 1453/95/877 1452/96/877
f 1452/96/878 1453/95/878 1455/97/878 1454/98/878
f 1454/98/879 1455/97/879 1457/99/879 1456/100/879
f 1456/100/880 1457/99/880 1459/101/880 1458/102/880
f 1458/102/881 1459/101/881 1461/103/881 1460/104/881
f 1460/104/882 1461/103/882 1463/105/882 1462/106/882
f 1462/106/883 1463/105/883 1465/107/883 1464/108/883
f 1464/108/884 1465/107/884 1467/109/884 1466/110/884
f 1466/110/885 1467/109/885 1469/111/885 1468/112/885
f 1468/112/886 1469/111/886 1471/113/886 1470/114/886
f 1470/114/887 1471/113/887 1473/115/887 1472/116/887
f 1472/116/888 1473/115/888 1475/117/888 1474/118/888
f 1474/118/889 1475/117/889 1477/119/889 1476/120/889
f 1476/120/890 1477/119/890 1479/121/890 1478/122/890
f 1478/122/891 1479/121/891 1481/123/891 1480/124/891
f 1480/124/892 1481/123/892 1483/125/892 1482/126/892
f 1482/126/893 1483/125/893 1485/127/893 1484/128/893
f 1484/128/894 1485/127/894 1487/129/894 1486/130/894
f 1486/130/895 1487/129/895 1489/131/895 1488/132/895
f 1488/132/896 1489/131/896 1491/133/896 1490/134/896
f 1433/135/897 1431/136/897 1493/137/897 1491/138/897 1489/139/897 1487/140/897 1485/141/897 1483/142/897 1481/143/897 1479/144/897 1477/145/897 1475/146/897 1473/147/897 1471/148/897 1469/149/897 1467/150/897 1465/151/897 1463/152/897 1461/153/897 1459/154/897 1457/155/897 1455/156/897 1453/157/897 1451/158/897 1449/159/897 1447/160/897 1445/161/897 1443/162/897 1441/163/897 1439/164/897 1437/165/897 1435/166/897
f 1490/134/898 1491/133/898 1493/167/898 1492/168/898
f 1492/168/899 1493/167/899 1431/169/899 1430/170/899
f 1430/171/900 1432/172/900 1434/173/900 1436/174/900 1438/175/900 1440/176/900 1442/177/900 1444/178/900 1446/179/900 1448/180/900 1450/181/900 1452/182/900 1454/183/900 1456/184/900 1458/185/900 1460/186/900 1462/187/900 1464/188/900 1466/189/900 1468/190/900 1470/191/900 1472/192/900 1474/193/900 1476/194/900 1478/195/900 1480/196/900 1482/197/900 1484/198/900 1486/199/900 1488/200/900 1490/201/900 1492/202/900
f 1494/73/901 1495/74/901 1497/75/901 1496/76/901
f 1496/76/902 1497/75/902 1499/77/902 1498/78/902
f 1498/78/903 1499/77/903 1501/79/903 1500/80/903
f 1500/80/904 1501/79/904 1503/81/904 1502/82/904
f 1502/82/905 1503/81/905 1505/83/905 1504/84/905
f 1504/84/906 1505/83/906 1507/85/906 1506/86/906
f 1506/86/907 1507/85/907 1509/87/907 1508/88/907
f 1508/88/908 1509/87/908 1511/89/908 1510/90/908
f 1510/90/909 1511/89/909 1513/91/909 1512/92/909
f 1512/92/910 1513/91/910 1515/93/910 1514/94/910
f 1514/94/911 1515/93/911 1517/95/911 1516/96/911
f 1516/96/912 1517/95/912 1519/97/912 1518/98/912
f 1518/98/913 1519/97/913 1521/99/913 1520/100/913
f 1520/100/914 1521/99/914 1523/101/914 1522/102/914
f 1522/102/915 1523/101/915 1525/103/915 1524/104/915
f 1524/104/916 1525/103/916 1527/105/916 1526/106/916
f 1526/106/917 1527/105/917 1529/107/917 1528/108/917
f 1528/108/918 1529/107/918 1531/109/918 1530/110/918
f 1530/110/919 1531/109/919 1533/111/919 1532/112/919
f 1532/112/920 1533/111/920 1535/113/920 1534/114/920
f 1534/114/921 1535/113/921 1537/115/921 1536/116/921
f 1536/116/922 1537/115/922 1539/117/922 1538/118/922
f 1538/118/923 1539/117/923 1541/119/923 1540/120/923
f 1540/120/924 1541/119/924 1543/121/924 1542/122/924
f 1542/122/925 1543/121/925 1545/123/925 1544/124/925
f 1544/124/926 1545/123/926 1547/125/926 1546/126/926
f 1546/126/927 1547/125/927 1549/127/927 1548/128/927
f 1548/128/928 1549/127/928 1551/129/928 1550/130/928
f 1550/130/929 1551/129/929 1553/131/929 1552/132/929
f 1552/132/930 1553/131/930 1555/133/930 1554/134/930
f 1497/135/931 1495/136/931 1557/137/931 1555/138/931 1553/139/931 1551/140/931 1549/141/931 1547/142/931 1545/143/931 1543/144/931 1541/145/931 1539/146/931 1537/147/931 1535/148/931 1533/149/931 1531/150/931 1529/151/931 1527/152/931 1525/153/931 1523/154/931 1521/155/931 1519/156/931 1517/157/931 1515/158/931 1513/159/931 1511/160/931 1509/161/931 1507/162/931 1505/163/931 1503/164/931 1501/165/931 1499/166/931
f 1554/134/932 1555/133/932 1557/167/932 1556/168/932
f 1556/168/933 1557/167/933 1495/169/933 1494/170/933
f 1494/171/934 1496/172/934 1498/173/934 1500/174/934 1502/175/934 1504/176/934 1506/177/934 1508/178/934 1510/179/934 1512/180/934 1514/181/934 1516/182/934 1518/183/934 1520/184/934 1522/185/934 1524/186/934 1526/187/934 1528/188/934 1530/189/934 1532/190/934 1534/191/934 1536/192/934 1538/193/934 1540/194/934 1542/195/934 1544/196/934 1546/197/934 1548/198/934 1550/199/934 1552/200/934 1554/201/934 1556/202/934
f 1558/73/935 1559/74/935 1561/75/935 1560/76/935
f 1560/76/936 1561/75/936 1563/77/936 1562/78/936
f 1562/78/937 1563/77/937 1565/79/937 1564/80/937
f 1564/80/938 1565/79/938 1567/81/938 1566/82/938
f 1566/82/939 1567/81/939 1569/83/939 1568/84/939
f 1568/84/940 1569/83/940 1571/85/940 1570/86/940
f 1570/86/941 1571/85/941 1573/87/941 1572/88/941
f 1572/88/942 1573/87/942 1575/89/942 1574/90/942
f 1574/90/943 1575/89/943 1577/91/943 1576/92/943
f 1576/92/944 1577/91/944 1579/93/944 1578/94/944
f 1578/94/945 1579/93/945 1581/95/945 1580/96/945
f 1580/96/946 1581/95/946 1583/97/946 1582/98/946
f 1582/98/947 1583/97/947 1585/99/947 1584/100/947
f 1584/100/948 1585/99/948 1587/101/948 1586/102/948
f 1586/102/949 1587/101/949 1589/103/949 1588/104/949
f 1588/104/950 1589/103/950 1591/105/950 1590/106/950
f 1590/106/951 1591/105/951 1593/107/951 1592/108/951
f 1592/108/952 1593/107/952 1595/109/952 1594/110/952
f 1594/110/953 1595/109/953 1597/111/953 1596/112/953
f 1596/112/954 1597/111/954 1599/113/954 1598/114/954
f 1598/114/955 1599/113/955 1601/115/955 1600/116/955
f 1600/116/956 1601/115/956 1603/117/956 1602/118/956
f 1602/118/957 1603/117/957 1605/119/957 1604/120/957
f 1604/120/958 1605/119/958 1607/121/958 1606/122/958
f 1606/122/959 1607/121/959 1609/123/959 1608/124/959
f 1608/124/960 1609/123/960 1611/125/960 1610/126/960
f 1610/126/961 1611/125/961 1613/127/961 1612/128/961
f 1612/128/962 1613/127/962 1615/129/962 1614/130/962
f 1614/130/963 1615/129/963 1617/131/963 1616/132/963
f 1616/132/964 1617/131/964 1619/133/964 1618/134/964
f 1561/135/965 1559/136/965 1621/137/965 1619/138/965 1617/139/965 1615/140/965 1613/141/965 1611/142/965 1609/143/965 1607/144/965 1605/145/965 1603/146/965 1601/147/965 1599/148/965 1597/149/965 1595/150/965 1593/151/965 1591/152/965 1589/153/965 1587/154/965 1585/155/965 1583/156/965 1581/157/965 1579/158/965 1577/159/965 1575/160/965 1573/161/965 1571/162/965 1569/163/965 1567/164/965 1565/165/965 1563/166/965
f 1618/134/966 1619/133/966 1621/167/966 1620/168/966
f 1620/168/967 1621/167/967 1559/169/967 1558/170/967
f 1558/171/968 1560/172/968 1562/173/968 1564/174/968 1566/175/968 1568/176/968 1570/177/968 1572/178/968 1574/179/968 1576/180/968 1578/181/968 1580/182/968 1582/183/968 1584/184/968 1586/185/968 1588/186/968 1590/187/968 1592/188/968 1594/189/968 1596/190/968 1598/191/968 1600/192/968 1602/193/968 1604/194/968 1606/195/968 1608/196/968 1610/197/968 1612/198/968 1614/199/968 1616/200/968 1618/201/968 1620/202/968
f 1622/73/969 1623/74/969 1625/75/969 1624/76/969
f 1624/76/970 1625/75/970 1627/77/970 1626/78/970
f 1626/78/971 1627/77/971 1629/79/971 1628/80/971
f 1628/80/972 1629/79/972 1631/81/972 1630/82/972
f 1630/82/973 1631/81/973 1633/83/973 1632/84/973
f 1632/84/974 1633/83/974 1635/85/974 1634/86/974
f 1634/86/975 1635/85/975 1637/87/975 1636/88/975
f 1636/88/976 1637/87/976 1639/89/976 1638/90/976
f 1638/90/977 1639/89/977 1641/91/977 1640/92/977
f 1640/92/978 1641/91/978 1643/93/978 1642/94/978
f 1642/94/979 1643/93/979 1645/95/979 1644/96/979
f 1644/96/980 1645/95/980 1647/97/980 1646/98/980
f 1646/98/981 1647/97/981 1649/99/981 1648/100/981
f 1648/100/982 1649/99/982 1651/101/982 1650/102/982
f 1650/102/983 1651/101/983 1653/103/983 1652/104/983
f 1652/104/984 1653/103/984 1655/105/984 1654/106/984
f 1654/106/985 1655/105/985 1657/107/985 1656/108/985
f 1656/108/986 1657/107/986 1659/109/986 1658/110/986
f 1658/110/987 1659/109/987 1661/111/987 1660/112/987
f 1660/112/988 1661/111/988 1663/113/988 1662/114/988
f 1662/114/989 1663/113/989 1665/115/989 1664/116/989
f 1664/116/990 1665/115/990 1667/117/990 1666/118/990
f 1666/118/991 1667/117/991 1669/119/991 1668/120/991
f 1668/120/992 1669/119/992 1671/121/992 1670/122/992
f 1670/122/993 1671/121/993 1673/123/993 1672/124/993
f 1672/124/994 1673/123/994 1675/125/994 1674/126/994
f 1674/126/995 1675/125/995 1677/127/995 1676/128/995
f 1676/128/996 1677/127/996 1679/129/996 1678/130/996
f 1678/130/997 1679/129/997 1681/131/997 1680/132/997
f 1680/132/998 1681/131/998 1683/133/998 1682/134/998
f 1625/135/999 1623/136/999 1685/137/999 1683/138/999 1681/139/999 1679/140/999 1677/141/999 1675/142/999 1673/143/999 1671/144/999 1669/145/999 1667/146/999 1665/147/999 1663/148/999 1661/149/999 1659/150/999 1657/151/999 1655/152/999 1653/153/999 1651/154/999 1649/155/999 1647/156/999 1645/157/999 1643/158/999 1641/159/999 1639/160/999 1637/161/999 1635/162/999 1633/163/999 1631/164/999 1629/165/999 1627/166/999
f 1682/134/1000 1683/133/1000 1685/167/1000 1684/168/1000
f 1684/168/1001 1685/167/1001 1623/169/1001 1622/170/1001
f 1622/171/1002 1624/172/1002 1626/173/1002 1628/174/1002 1630/175/1002 1632/176/1002 1634/177/1002 1636/178/1002 1638/179/1002 1640/180/1002 1642/181/1002 1644/182/1002 1646/183/1002 1648/184/1002 1650/185/1002 1652/186/1002 1654/187/1002 1656/188/1002 1658/189/1002 1660/190/1002 1662/191/1002 1664/192/1002 1666/193/1002 1668/194/1002 1670/195/1002 1672/196/1002 1674/197/1002 1676/198/1002 1678/199/1002 1680/200/1002 1682/201/1002 1684/202/1002
f 1686/73/1003 1687/74/1003 1689/75/1003 1688/76/1003
f 1688/76/1004 1689/75/1004 1691/77/1004 1690/78/1004
f 1690/78/1005 1691/77/1005 1693/79/1005 1692/80/1005
f 1692/80/1006 1693/79/1006 1695/81/1006 1694/82/1006
f 1694/82/1007 1695/81/1007 1697/83/1007 1696/84/1007
f 1696/84/1008 1697/83/1008 1699/85/1008 1698/86/1008
f 1698/86/1009 1699/85/1009 1701/87/1009 1700/88/1009
f 1700/88/1010 1701/87/1010 1703/89/1010 1702/90/1010
f 1702/90/1011 1703/89/1011 1705/91/1011 1704/92/1011
f 1704/92/1012 1705/91/1012 1707/93/1012 1706/94/1012
f 1706/94/1013 1707/93/1013 1709/95/1013 1708/96/1013
f 1708/96/1014 1709/95/1014 1711/97/1014 1710/98/1014
f 1710/98/1015 1711/97/1015 1713/99/1015 1712/100/1015
f 1712/100/1016 1713/99/1016 1715/101/1016 1714/102/1016
f 1714/102/1017 1715/101/1017 1717/103/1017 1716/104/1017
f 1716/104/1018 1717/103/1018 1719/105/1018 1718/106/1018
f 1718/106/1019 1719/105/1019 1721/107/1019 1720/108/1019
f 1720/108/1020 1721/107/1020 1723/109/1020 1722/110/1020
f 1722/110/1021 1723/109/1021 1725/111/1021 1724/112/1021
f 1724/112/1022 1725/111/1022 1727/113/1022 1726/114/1022
f 1726/114/1023 1727/113/1023 1729/115/1023 1728/116/1023
f 1728/116/1024 1729/115/1024 1731/117/1024 1730/118/1024
f 1730/118/1025 1731/117/1025 1733/119/1025 1732/120/1025
f 1732/120/1026 1733/119/1026 1735/121/1026 1734/122/1026
f 1734/122/1027 1735/121/1027 1737/123/1027 1736/124/1027
f 1736/124/1028 1737/123/1028 1739/125/1028 1738/126/1028
f 1738/126/1029 1739/125/1029 1741/127/1029 1740/128/1029
f 1740/128/1030 1741/127/1030 1743/129/1030 1742/130/1030
f 1742/130/1031 1743/129/1031 1745/131/1031 1744/132/1031
f 1744/132/1032 1745/131/1032 1747/133/1032 1746/134/1032
f 1689/135/1033 1687/136/1033 1749/137/1033 1747/138/1033 1745/139/1033 1743/140/1033 1741/141/1033 1739/142/1033 1737/143/1033 1735/144/1033 1733/145/1033 1731/146/1033 1729/147/1033 1727/148/1033 1725/149/1033 1723/150/1033 1721/151/1033 1719/152/1033 1717/153/1033 1715/154/1033 1713/155/1033 1711/156/1033 1709/157/1033 1707/158/1033 1705/159/1033 1703/160/1033 1701/161/1033 1699/162/1033 1697/163/1033 1695/164/1033 1693/165/1033 1691/166/1033
f 1746/134/1034 1747/133/1034 1749/167/1034 1748/168/1034
f 1748/168/1035 1749/167/1035 1687/169/1035 1686/170/1035
f 1686/171/1036 1688/172/1036 1690/173/1036 1692/174/1036 1694/175/1036 1696/176/1036 1698/177/1036 1700/178/1036 1702/179/1036 1704/180/1036 1706/181/1036 1708/182/1036 1710/183/1036 1712/184/1036 1714/185/1036 1716/186/1036 1718/187/1036 1720/188/1036 1722/189/1036 1724/190/1036 1726/191/1036 1728/192/1036 1730/193/1036 1732/194/1036 1734/195/1036 1736/196/1036 1738/197/1036 1740/198/1036 1742/199/1036 1744/200/1036 1746/201/1036 1748/202/1036
f 1750/73/667 1751/74/667 1753/75/667 1752/76/667
f 1752/76/1037 1753/75/1037 1755/77/1037 1754/78/1037
f 1754/78/1038 1755/77/1038 1757/79/1038 1756/80/1038
f 1756/80/1039 1757/79/1039 1759/81/1039 1758/82/1039
f 1758/82/1040 1759/81/1040 1761/83/1040 1760/84/1040
f 1760/84/1041 1761/83/1041 1763/85/1041 1762/86/1041
f 1762/86/1042 1763/85/1042 1765/87/1042 1764/88/1042
f 1764/88/1043 1765/87/1043 1767/89/1043 1766/90/1043
f 1766/90/1044 1767/89/1044 1769/91/1044 1768/92/1044
f 1768/92/1045 1769/91/1045 1771/93/1045 1770/94/1045
f 1770/94/1046 1771/93/1046 1773/95/1046 1772/96/1046
f 1772/96/1047 1773/95/1047 1775/97/1047 1774/98/1047
f 1774/98/1048 1775/97/1048 1777/99/1048 1776/100/1048
f 1776/100/1049 1777/99/1049 1779/101/1049 1778/102/1049
f 1778/102/1050 1779/101/1050 1781/103/1050 1780/104/1050
f 1780/104/1051 1781/103/1051 1783/105/1051 1782/106/1051
f 1782/106/1052 1783/105/1052 1785/107/1052 1784/108/1052
f 1784/108/1053 1785/107/1053 1787/109/1053 1786/110/1053
f 1786/110/1054 1787/109/1054 1789/111/1054 1788/112/1054
f 1788/112/1055 1789/111/1055 1791/113/1055 1790/114/1055
f 1790/114/1056 1791/113/1056 1793/115/1056 1792/116/1056
f 1792/116/1057 1793/115/1057 1795/117/1057 1794/118/1057
f 1794/118/1058 1795/117/1058 1797/119/1058 1796/120/1058
f 1796/120/1059 1797/119/1059 1799/121/1059 1798/122/1059
f 1798/122/1060 1799/121/1060 1801/123/1060 1800/124/1060
f 1800/124/1061 1801/123/1061 1803/125/1061 1802/126/1061
f 1802/126/1062 1803/125/1062 1805/127/1062 1804/128/1062
f 1804/128/1063 1805/127/1063 1807/129/1063 1806/130/1063
f 1806/130/1064 1807/129/1064 1809/131/1064 1808/132/1064
f 1808/132/1065 1809/131/1065 1811/133/1065 1810/134/1065
f 1753/135/1066 1751/136/1066 1813/137/1066 1811/138/1066 1809/139/1066 1807/140/1066 1805/141/1066 1803/142/1066 1801/143/1066 1799/144/1066 1797/145/1066 1795/146/1066 1793/147/1066 1791/148/1066 1789/149/1066 1787/150/1066 1785/151/1066 1783/152/1066 1781/153/1066 1779/154/1066 1777/155/1066 1775/156/1066 1773/157/1066 1771/158/1066 1769/159/1066 1767/160/1066 1765/161/1066 1763/162/1066 1761/163/1066 1759/164/1066 1757/165/1066 1755/166/1066
f 1810/134/1067 1811/133/1067 1813/167/1067 1812/168/1067
f 1812/168/1068 1813/167/1068 1751/169/1068 1750/170/1068
f 1750/171/1069 1752/172/1069 1754/173/1069 1756/174/1069 1758/175/1069 1760/176/1069 1762/177/1069 1764/178/1069 1766/179/1069 1768/180/1069 1770/181/1069 1772/182/1069 1774/183/1069 1776/184/1069 1778/185/1069 1780/186/1069 1782/187/1069 1784/188/1069 1786/189/1069 1788/190/1069 1790/191/1069 1792/192/1069 1794/193/1069 1796/194/1069 1798/195/1069 1800/196/1069 1802/197/1069 1804/198/1069 1806/199/1069 1808/200/1069 1810/201/1069 1812/202/1069
f 1814/73/1070 1815/74/1070 1817/75/1070 1816/76/1070
f 1816/76/1071 1817/75/1071 1819/77/1071 1818/78/1071
f 1818/78/1072 1819/77/1072 1821/79/1072 1820/80/1072
f 1820/80/1073 1821/79/1073 1823/81/1073 1822/82/1073
f 1822/82/1074 1823/81/1074 1825/83/1074 1824/84/1074
f 1824/84/1075 1825/83/1075 1827/85/1075 1826/86/1075
f 1826/86/1076 1827/85/1076 1829/87/1076 1828/88/1076
f 1828/88/1077 1829/87/1077 1831/89/1077 1830/90/1077
f 1830/90/1078 1831/89/1078 1833/91/1078 1832/92/1078
f 1832/92/1079 1833/91/1079 1835/93/1079 1834/94/1079
f 1834/94/1080 1835/93/1080 1837/95/1080 1836/96/1080
f 1836/96/1081 1837/95/1081 1839/97/1081 1838/98/1081
f 1838/98/1082 1839/97/1082 1841/99/1082 1840/100/1082
f 1840/100/1083 1841/99/1083 1843/101/1083 1842/102/1083
f 1842/102/1084 1843/101/1084 1845/103/1084 1844/104/1084
f 1844/104/1085 1845/103/1085 1847/105/1085 1846/106/1085
f 1846/106/1086 1847/105/1086 1849/107/1086 1848/108/1086
f 1848/108/1087 1849/107/1087 1851/109/1087 1850/110/1087
f 1850/110/1088 1851/109/1088 1853/111/1088 1852/112/1088
f 1852/112/1089 1853/111/1089 1855/113/1089 1854/114/1089
f 1854/114/1090 1855/113/1090 1857/115/1090 1856/116/1090
f 1856/116/1091 1857/115/1091 1859/117/1091 1858/118/1091
f 1858/118/1092 1859/117/1092 1861/119/1092 1860/120/1092
f 1860/120/1093 1861/119/1093 1863/121/1093 1862/122/1093
f 1862/122/1094 1863/121/1094 1865/123/1094 1864/124/1094
f 1864/124/1095 1865/123/1095 1867/125/1095 1866/126/1095
f 1866/126/1096 1867/125/1096 1869/127/1096 1868/128/1096
f 1868/128/1097 1869/127/1097 1871/129/1097 1870/130/1097
f 1870/130/1098 1871/129/1098 1873/131/1098 1872/132/1098
f 1872/132/1099 1873/131/1099 1875/133/1099 1874/134/1099
f 1817/135/1100 1815/136/1100 1877/137/1100 1875/138/1100 1873/139/1100 1871/140/1100 1869/141/1100 1867/142/1100 1865/143/1100 1863/144/1100 1861/145/1100 1859/146/1100 1857/147/1100 1855/148/1100 1853/149/1100 1851/150/1100 1849/151/1100 1847/152/1100 1845/153/1100 1843/154/1100 1841/155/1100 1839/156/1100 1837/157/1100 1835/158/1100 1833/159/1100 1831/160/1100 1829/161/1100 1827/162/1100 1825/163/1100 1823/164/1100 1821/165/1100 1819/166/1100
f 1874/134/1101 1875/133/1101 1877/167/1101 1876/168/1101
f 1876/168/1102 1877/167/1102 1815/169/1102 1814/170/1102
f 1814/171/1103 1816/172/1103 1818/173/1103 1820/174/1103 1822/175/1103 1824/176/1103 1826/177/1103 1828/178/1103 1830/179/1103 1832/180/1103 1834/181/1103 1836/182/1103 1838/183/1103 1840/184/1103 1842/185/1103 1844/186/1103 1846/187/1103 1848/188/1103 1850/189/1103 1852/190/1103 1854/191/1103 1856/192/1103 1858/193/1103 1860/194/1103 1862/195/1103 1864/196/1103 1866/197/1103 1868/198/1103 1870/199/1103 1872/200/1103 1874/201/1103 1876/202/1103
f 1878/73/1104 1879/74/1104 1881/75/1104 1880/76/1104
f 1880/76/1105 1881/75/1105 1883/77/1105 1882/78/1105
f 1882/78/1106 1883/77/1106 1885/79/1106 1884/80/1106
f 1884/80/1107 1885/79/1107 1887/81/1107 1886/82/1107
f 1886/82/1108 1887/81/1108 1889/83/1108 1888/84/1108
f 1888/84/1109 1889/83/1109 1891/85/1109 1890/86/1109
f 1890/86/1110 1891/85/1110 1893/87/1110 1892/88/1110
f 1892/88/1111 1893/87/1111 1895/89/1111 1894/90/1111
f 1894/90/1112 1895/89/1112 1897/91/1112 1896/92/1112
f 1896/92/1113 1897/91/1113 1899/93/1113 1898/94/1113
f 1898/94/1114 1899/93/1114 1901/95/1114 1900/96/1114
f 1900/96/1115 1901/95/1115 1903/97/1115 1902/98/1115
f 1902/98/1116 1903/97/1116 1905/99/1116 1904/100/1116
f 1904/100/1117 1905/99/1117 1907/101/1117 1906/102/1117
f 1906/102/1118 1907/101/1118 1909/103/1118 1908/104/1118
f 1908/104/1119 1909/103/1119 1911/105/1119 1910/106/1119
f 1910/106/1120 1911/105/1120 1913/107/1120 1912/108/1120
f 1912/108/1121 1913/107/1121 1915/109/1121 1914/110/1121
f 1914/110/1122 1915/109/1122 1917/111/1122 1916/112/1122
f 1916/112/1123 1917/111/1123 1919/113/1123 1918/114/1123
f 1918/114/1124 1919/113/1124 1921/115/1124 1920/116/1124
f 1920/116/1125 1921/115/1125 1923/117/1125 1922/118/1125
f 1922/118/1126 1923/117/1126 1925/119/1126 1924/120/1126
f 1924/120/1127 1925/119/1127 1927/121/1127 1926/122/1127
f 1926/122/1128 1927/121/1128 1929/123/1128 1928/124/1128
f 1928/124/1129 1929/123/1129 1931/125/1129 1930/126/1129
f 1930/126/1130 1931/125/1130 1933/127/1130 1932/128/1130
f 1932/128/1131 1933/127/1131 1935/129/1131 1934/130/1131
f 1934/130/1132 1935/129/1132 1937/131/1132 1936/132/1132
f 1936/132/1133 1937/131/1133 1939/133/1133 1938/134/1133
f 1881/135/1134 1879/136/1134 1941/137/1134 1939/138/1134 1937/139/1134 1935/140/1134 1933/141/1134 1931/142/1134 1929/143/1134 1927/144/1134 1925/145/1134 1923/146/1134 1921/147/1134 1919/148/1134 1917/149/1134 1915/150/1134 1913/151/1134 1911/152/1134 1909/153/1134 1907/154/1134 1905/155/1134 1903/156/1134 1901/157/1134 1899/158/1134 1897/159/1134 1895/160/1134 1893/161/1134 1891/162/1134 1889/163/1134 1887/164/1134 1885/165/1134 1883/166/1134
f 1938/134/1135 1939/133/1135 1941/167/1135 1940/168/1135
f 1940/168/1136 1941/167/1136 1879/169/1136 1878/170/1136
f 1878/171/1137 1880/172/1137 1882/173/1137 1884/174/1137 1886/175/1137 1888/176/1137 1890/177/1137 1892/178/1137 1894/179/1137 1896/180/1137 1898/181/1137 1900/182/1137 1902/183/1137 1904/184/1137 1906/185/1137 1908/186/1137 1910/187/1137 1912/188/1137 1914/189/1137 1916/190/1137 1918/191/1137 1920/192/1137 1922/193/1137 1924/194/1137 1926/195/1137 1928/196/1137 1930/197/1137 1932/198/1137 1934/199/1137 1936/200/1137 1938/201/1137 1940/202/1137
f 1942/73/1138 1943/74/1138 1945/75/1138 1944/76/1138
f 1944/76/1139 1945/75/1139 1947/77/1139 1946/78/1139
f 1946/78/1140 1947/77/1140 1949/79/1140 1948/80/1140
f 1948/80/1141 1949/79/1141 1951/81/1141 1950/82/1141
f 1950/82/1142 1951/81/1142 1953/83/1142 1952/84/1142
f 1952/84/1143 1953/83/1143 1955/85/1143 1954/86/1143
f 1954/86/1144 1955/85/1144 1957/87/1144 1956/88/1144
f 1956/88/1145 1957/87/1145 1959/89/1145 1958/90/1145
f 1958/90/1146 1959/89/1146 1961/91/1146 1960/92/1146
f 1960/92/1147 1961/91/1147 1963/93/1147 1962/94/1147
f 1962/94/1148 1963/93/1148 1965/95/1148 1964/96/1148
f 1964/96/1149 1965/95/1149 1967/97/1149 1966/98/1149
f 1966/98/1150 1967/97/1150 1969/99/1150 1968/100/1150
f 1968/100/1151 1969/99/1151 1971/101/1151 1970/102/1151
f 1970/102/1152 1971/101/1152 1973/103/1152 1972/104/1152
f 1972/104/1153 1973/103/1153 1975/105/1153 1974/106/1153
f 1974/106/1154 1975/105/1154 1977/107/1154 1976/108/1154
f 1976/108/1155 1977/107/1155 1979/109/1155 1978/110/1155
f 1978/110/1156 1979/109/1156 1981/111/1156 1980/112/1156
f 1980/112/1157 1981/111/1157 1983/113/1157 1982/114/1157
f 1982/114/1158 1983/113/1158 1985/115/1158 1984/116/1158
f 1984/116/1159 1985/115/1159 1987/117/1159 1986/118/1159
f 1986/118/1160 1987/117/1160 1989/119/1160 1988/120/1160
f 1988/120/1161 1989/119/1161 1991/121/1161 1990/122/1161
f 1990/122/1162 1991/121/1162 1993/123/1162 1992/124/1162
f 1992/124/1163 1993/123/1163 1995/125/1163 1994/126/1163
f 1994/126/1164 1995/125/1164 1997/127/1164 1996/128/1164
f 1996/128/1165 1997/127/1165 1999/129/1165 1998/130/1165
f 1998/130/1166 1999/129/1166 2001/131/1166 2000/132/1166
f 2000/132/1167 2001/131/1167 2003/133/1167 2002/134/1167
f 1945/135/1168 1943/136/1168 2005/137/1168 2003/138/1168 2001/139/1168 1999/140/1168 1997/141/1168 1995/142/1168 1993/143/1168 1991/144/1168 1989/145/1168 1987/146/1168 1985/147/1168 1983/148/1168 1981/149/1168 1979/150/1168 1977/151/1168 1975/152/1168 1973/153/1168 1971/154/1168 1969/155/1168 1967/156/1168 1965/157/1168 1963/158/1168 1961/159/1168 1959/160/1168 1957/161/1168 1955/162/1168 1953/163/1168 1951/164/1168 1949/165/1168 1947/166/1168
f 2002/134/1169 2003/133/1169 2005/167/1169 2004/168/1169
f 2004/168/1170 2005/167/1170 1943/169/1170 1942/170/1170
f 1942/171/1171 1944/172/1171 1946/173/1171 1948/174/1171 1950/175/1171 1952/176/1171 1954/177/1171 1956/178/1171 1958/179/1171 1960/180/1171 1962/181/1171 1964/182/1171 1966/183/1171 1968/184/1171 1970/185/1171 1972/186/1171 1974/187/1171 1976/188/1171 1978/189/1171 1980/190/1171 1982/191/1171 1984/192/1171 1986/193/1171 1988/194/1171 1990/195/1171 1992/196/1171 1994/197/1171 1996/198/1171 1998/199/1171 2000/200/1171 2002/201/1171 2004/202/1171
f 2006/73/1172 2007/74/1172 2009/75/1172 2008/76/1172
f 2008/76/1173 2009/75/1173 2011/77/1173 2010/78/1173
f 2010/78/1174 2011/77/1174 2013/79/1174 2012/80/1174
f 2012/80/1175 2013/79/1175 2015/81/1175 2014/82/1175
f 2014/82/1176 2015/81/1176 2017/83/1176 2016/84/1176
f 2016/84/1177 2017/83/1177 2019/85/1177 2018/86/1177
f 2018/86/1178 2019/85/1178 2021/87/1178 2020/88/1178
f 2020/88/1179 2021/87/1179 2023/89/1179 2022/90/1179
f 2022/90/1180 2023/89/1180 2025/91/1180 2024/92/1180
f 2024/92/1181 2025/91/1181 2027/93/1181 2026/94/1181
f 2026/94/1182 2027/93/1182 2029/95/1182 2028/96/1182
f 2028/96/1183 2029/95/1183 2031/97/1183 2030/98/1183
f 2030/98/1184 2031/97/1184 2033/99/1184 2032/100/1184
f 2032/100/1185 2033/99/1185 2035/101/1185 2034/102/1185
f 2034/102/1186 2035/101/1186 2037/103/1186 2036/104/1186
f 2036/104/1187 2037/103/1187 2039/105/1187 2038/106/1187
f 2038/106/1188 2039/105/1188 2041/107/1188 2040/108/1188
f 2040/108/1189 2041/107/1189 2043/109/1189 2042/110/1189
f 2042/110/1190 2043/109/1190 2045/111/1190 2044/112/1190
f 2044/112/1191 2045/111/1191 2047/113/1191 2046/114/1191
f 2046/114/1192 2047/113/1192 2049/115/1192 2048/116/1192
f 2048/116/1193 2049/115/1193 2051/117/1193 2050/118/1193
f 2050/118/1194 2051/117/1194 2053/119/1194 2052/120/1194
f 2052/120/1195 2053/119/1195 2055/121/1195 2054/122/1195
f 2054/122/1196 2055/121/1196 2057/123/1196 2056/124/1196
f 2056/124/1197 2057/123/1197 2059/125/1197 2058/126/1197
f 2058/126/1198 2059/125/1198 2061/127/1198 2060/128/1198
f 2060/128/1199 2061/127/1199 2063/129/1199 2062/130/1199
f 2062/130/1200 2063/129/1200 2065/131/1200 2064/132/1200
f 2064/132/1201 2065/131/1201 2067/133/1201 2066/134/1201
f 2009/135/1202 2007/136/1202 2069/137/1202 2067/138/1202 2065/139/1202 2063/140/1202 2061/141/1202 2059/142/1202 2057/143/1202 2055/144/1202 2053/145/1202 2051/146/1202 2049/147/1202 2047/148/1202 2045/149/1202 2043/150/1202 2041/151/1202 2039/152/1202 2037/153/1202 2035/154/1202 2033/155/1202 2031/156/1202 2029/157/1202 2027/158/1202 2025/159/1202 2023/160/1202 2021/161/1202 2019/162/1202 2017/163/1202 2015/164/1202 2013/165/1202 2011/166/1202
f 2066/134/1203 2067/133/1203 2069/167/1203 2068/168/1203
f 2068/168/1204 2069/167/1204 2007/169/1204 2006/170/1204
f 2006/171/1205 2008/172/1205 2010/173/1205 2012/174/1205 2014/175/1205 2016/176/1205 2018/177/1205 2020/178/1205 2022/179/1205 2024/180/1205 2026/181/1205 2028/182/1205 2030/183/1205 2032/184/1205 2034/185/1205 2036/186/1205 2038/187/1205 2040/188/1205 2042/189/1205 2044/190/1205 2046/191/1205 2048/192/1205 2050/193/1205 2052/194/1205 2054/195/1205 2056/196/1205 2058/197/1205 2060/198/1205 2062/199/1205 2064/200/1205 2066/201/1205 2068/202/1205
f 2070/73/1206 2071/74/1206 2073/75/1206 2072/76/1206
f 2072/76/1207 2073/75/1207 2075/77/1207 2074/78/1207
f 2074/78/1208 2075/77/1208 2077/79/1208 2076/80/1208
f 2076/80/1209 2077/79/1209 2079/81/1209 2078/82/1209
f 2078/82/1210 2079/81/1210 2081/83/1210 2080/84/1210
f 2080/84/1211 2081/83/1211 2083/85/1211 2082/86/1211
f 2082/86/1212 2083/85/1212 2085/87/1212 2084/88/1212
f 2084/88/1213 2085/87/1213 2087/89/1213 2086/90/1213
f 2086/90/1214 2087/89/1214 2089/91/1214 2088/92/1214
f 2088/92/1215 2089/91/1215 2091/93/1215 2090/94/1215
f 2090/94/1216 2091/93/1216 2093/95/1216 2092/96/1216
f 2092/96/1217 2093/95/1217 2095/97/1217 2094/98/1217
f 2094/98/1218 2095/97/1218 2097/99/1218 2096/100/1218
f 2096/100/1219 2097/99/1219 2099/101/1219 2098/102/1219
f 2098/102/1220 2099/101/1220 2101/103/1220 2100/104/1220
f 2100/104/1221 2101/103/1221 2103/105/1221 2102/106/1221
f 2102/106/1222 2103/105/1222 2105/107/1222 2104/108/1222
f 2104/108/1223 2105/107/1223 2107/109/1223 2106/110/1223
f 2106/110/1224 2107/109/1224 2109/111/1224 2108/112/1224
f 2108/112/1225 2109/111/1225 2111/113/1225 2110/114/1225
f 2110/114/1226 2111/113/1226 2113/115/1226 2112/116/1226
f 2112/116/1227 2113/115/1227 2115/117/1227 2114/118/1227
f 2114/118/1228 2115/117/1228 2117/119/1228 2116/120/1228
f 2116/120/1229 2117/119/1229 2119/121/1229 2118/122/1229
f 2118/122/1230 2119/121/1230 2121/123/1230 2120/124/1230
f 2120/124/1231 2121/123/1231 2123/125/1231 2122/126/1231
f 2122/126/1232 2123/125/1232 2125/127/1232 2124/128/1232
f 2124/128/1233 2125/127/1233 2127/129/1233 2126/130/1233
f 2126/130/1234 2127/129/1234 2129/131/1234 2128/132/1234
f 2128/132/1235 2129/131/1235 2131/133/1235 2130/134/1235
f 2073/135/1236 2071/136/1236 2133/137/1236 2131/138/1236 2129/139/1236 2127/140/1236 2125/141/1236 2123/142/1236 2121/143/1236 2119/144/1236 2117/145/1236 2115/146/1236 2113/147/1236 2111/148/1236 2109/149/1236 2107/150/1236 2105/151/1236 2103/152/1236 2101/153/1236 2099/154/1236 2097/155/1236 2095/156/1236 2093/157/1236 2091/158/1236 2089/159/1236 2087/160/1236 2085/161/1236 2083/162/1236 2081/163/1236 2079/164/1236 2077/165/1236 2075/166/1236
f 2130/134/1237 2131/133/1237 2133/167/1237 2132/168/1237
f 2132/168/1238 2133/167/1238 2071/169/1238 2070/170/1238
f 2070/171/1239 2072/172/1239 2074/173/1239 2076/174/1239 2078/175/1239 2080/176/1239 2082/177/1239 2084/178/1239 2086/179/1239 2088/180/1239 2090/181/1239 2092/182/1239 2094/183/1239 2096/184/1239 2098/185/1239 2100/186/1239 2102/187/1239 2104/188/1239 2106/189/1239 2108/190/1239 2110/191/1239 2112/192/1239 2114/193/1239 2116/194/1239 2118/195/1239 2120/196/1239 2122/197/1239 2124/198/1239 2126/199/1239 2128/200/1239 2130/201/1239 2132/202/1239
f 2134/73/1240 2135/74/1240 2137/75/1240 2136/76/1240
f 2136/76/1241 2137/75/1241 2139/77/1241 2138/78/1241
f 2138/78/1242 2139/77/1242 2141/79/1242 2140/80/1242
f 2140/80/1243 2141/79/1243 2143/81/1243 2142/82/1243
f 2142/82/1244 2143/81/1244 2145/83/1244 2144/84/1244
f 2144/84/1245 2145/83/1245 2147/85/1245 2146/86/1245
f 2146/86/1246 2147/85/1246 2149/87/1246 2148/88/1246
f 2148/88/1247 2149/87/1247 2151/89/1247 2150/90/1247
f 2150/90/1248 2151/89/1248 2153/91/1248 2152/92/1248
f 2152/92/1249 2153/91/1249 2155/93/1249 2154/94/1249
f 2154/94/1250 2155/93/1250 2157/95/1250 2156/96/1250
f 2156/96/1251 2157/95/1251 2159/97/1251 2158/98/1251
f 2158/98/1252 2159/97/1252 2161/99/1252 2160/100/1252
f 2160/100/1253 2161/99/1253 2163/101/1253 2162/102/1253
f 2162/102/1254 2163/101/1254 2165/103/1254 2164/104/1254
f 2164/104/1255 2165/103/1255 2167/105/1255 2166/106/1255
f 2166/106/1256 2167/105/1256 2169/107/1256 2168/108/1256
f 2168/108/1257 2169/107/1257 2171/109/1257 2170/110/1257
f 2170/110/1258 2171/109/1258 2173/111/1258 2172/112/1258
f 2172/112/1259 2173/111/1259 2175/113/1259 2174/114/1259
f 2174/114/1260 2175/113/1260 2177/115/1260 2176/116/1260
f 2176/116/1261 2177/115/1261 2179/117/1261 2178/118/1261
f 2178/118/1262 2179/117/1262 2181/119/1262 2180/120/1262
f 2180/120/1263 2181/119/1263 2183/121/1263 2182/122/1263
f 2182/122/1264 2183/121/1264 2185/123/1264 2184/124/1264
f 2184/124/1265 2185/123/1265 2187/125/1265 2186/126/1265
f 2186/126/1266 2187/125/1266 2189/127/1266 2188/128/1266
f 2188/128/1267 2189/127/1267 2191/129/1267 2190/130/1267
f 2190/130/1268 2191/129/1268 2193/131/1268 2192/132/1268
f 2192/132/1269 2193/131/1269 2195/133/1269 2194/134/1269
f 2137/135/1270 2135/136/1270 2197/137/1270 2195/138/1270 2193/139/1270 2191/140/1270 2189/141/1270 2187/142/1270 2185/143/1270 2183/144/1270 2181/145/1270 2179/146/1270 2177/147/1270 2175/148/1270 2173/149/1270 2171/150/1270 2169/151/1270 2167/152/1270 2165/153/1270 2163/154/1270 2161/155/1270 2159/156/1270 2157/157/1270 2155/158/1270 2153/159/1270 2151/160/1270 2149/161/1270 2147/162/1270 2145/163/1270 2143/164/1270 2141/165/1270 2139/166/1270
f 2194/134/1271 2195/133/1271 2197/167/1271 2196/168/1271
f 2196/168/1272 2197/167/1272 2135/169/1272 2134/170/1272
f 2134/171/1273 2136/172/1273 2138/173/1273 2140/174/1273 2142/175/1273 2144/176/1273 2146/177/1273 2148/178/1273 2150/179/1273 2152/180/1273 2154/181/1273 2156/182/1273 2158/183/1273 2160/184/1273 2162/185/1273 2164/186/1273 2166/187/1273 2168/188/1273 2170/189/1273 2172/190/1273 2174/191/1273 2176/192/1273 2178/193/1273 2180/194/1273 2182/195/1273 2184/196/1273 2186/197/1273 2188/198/1273 2190/199/1273 2192/200/1273 2194/201/1273 2196/202/1273
f 2198/73/565 2199/74/565 2201/75/565 2200/76/565
f 2200/76/566 2201/75/566 2203/77/566 2202/78/566
f 2202/78/1274 2203/77/1274 2205/79/1274 2204/80/1274
f 2204/80/1275 2205/79/1275 2207/81/1275 2206/82/1275
f 2206/82/1276 2207/81/1276 2209/83/1276 2208/84/1276
f 2208/84/1277 2209/83/1277 2211/85/1277 2210/86/1277
f 2210/86/1278 2211/85/1278 2213/87/1278 2212/88/1278
f 2212/88/1279 2213/87/1279 2215/89/1279 2214/90/1279
f 2214/90/1280 2215/89/1280 2217/91/1280 2216/92/1280
f 2216/92/1281 2217/91/1281 2219/93/1281 2218/94/1281
f 2218/94/1282 2219/93/1282 2221/95/1282 2220/96/1282
f 2220/96/1283 2221/95/1283 2223/97/1283 2222/98/1283
f 2222/98/1284 2223/97/1284 2225/99/1284 2224/100/1284
f 2224/100/1285 2225/99/1285 2227/101/1285 2226/102/1285
f 2226/102/579 2227/101/579 2229/103/579 2228/104/579
f 2228/104/580 2229/103/580 2231/105/580 2230/106/580
f 2230/106/581 2231/105/581 2233/107/581 2232/108/581
f 2232/108/582 2233/107/582 2235/109/582 2234/110/582
f 2234/110/1286 2235/109/1286 2237/111/1286 2236/112/1286
f 2236/112/1287 2237/111/1287 2239/113/1287 2238/114/1287
f 2238/114/1288 2239/113/1288 2241/115/1288 2240/116/1288
f 2240/116/1289 2241/115/1289 2243/117/1289 2242/118/1289
f 2242/118/1290 2243/117/1290 2245/119/1290 2244/120/1290
f 2244/120/1291 2245/119/1291 2247/121/1291 2246/122/1291
f 2246/122/1292 2247/121/1292 2249/123/1292 2248/124/1292
f 2248/124/1293 2249/123/1293 2251/125/1293 2250/126/1293
f 2250/126/1294 2251/125/1294 2253/127/1294 2252/128/1294
f 2252/128/1295 2253/127/1295 2255/129/1295 2254/130/1295
f 2254/130/1296 2255/129/1296 2257/131/1296 2256/132/1296
f 2256/132/1297 2257/131/1297 2259/133/1297 2258/134/1297
f 2201/135/1298 2199/136/1298 2261/137/1298 2259/138/1298 2257/139/1298 2255/140/1298 2253/141/1298 2251/142/1298 2249/143/1298 2247/144/1298 2245/145/1298 2243/146/1298 2241/147/1298 2239/148/1298 2237/149/1298 2235/150/1298 2233/151/1298 2231/152/1298 2229/153/1298 2227/154/1298 2225/155/1298 2223/156/1298 2221/157/1298 2219/158/1298 2217/159/1298 2215/160/1298 2213/161/1298 2211/162/1298 2209/163/1298 2207/164/1298 2205/165/1298 2203/166/1298
f 2258/134/596 2259/133/596 2261/167/596 2260/168/596
f 2260/168/597 2261/167/597 2199/169/597 2198/170/597
f 2198/171/1299 2200/172/1299 2202/173/1299 2204/174/1299 2206/175/1299 2208/176/1299 2210/177/1299 2212/178/1299 2214/179/1299 2216/180/1299 2218/181/1299 2220/182/1299 2222/183/1299 2224/184/1299 2226/185/1299 2228/186/1299 2230/187/1299 2232/188/1299 2234/189/1299 2236/190/1299 2238/191/1299 2240/192/1299 2242/193/1299 2244/194/1299 2246/195/1299 2248/196/1299 2250/197/1299 2252/198/1299 2254/199/1299 2256/200/1299 2258/201/1299 2260/202/1299
o Cylinder.003
v 2.888875 5.114893 -24.302265
v 2.891735 4.838871 -23.670050
v 2.810755 5.051906 -24.927464
v 2.824134 4.791527 -24.243650
v 2.685723 5.046548 -24.980646
v 2.701504 4.780319 -24.347546
v 2.588603 5.081226 -24.636442
v 2.600336 4.804117 -24.057514
v 2.576289 5.135625 -24.096479
v 2.573150 4.859300 -23.593290
v 2.655993 5.177880 -23.677063
v 2.631237 4.908543 -23.128738
v 2.781025 5.183238 -23.623882
v 2.754553 4.929624 -22.986443
v 2.852295 5.166634 -23.788698
v 2.858673 4.926405 -23.243219
v 2.891485 4.627533 -23.042442
v 2.824134 4.568258 -23.627516
v 2.701504 4.556263 -23.729370
v 2.597543 4.589705 -23.437410
v 2.573150 4.648994 -22.922661
v 2.638844 4.692275 -22.484825
v 2.754554 4.715602 -22.397543
v 2.851153 4.710633 -22.609211
v 2.891485 4.409185 -22.433119
v 2.824135 4.345071 -23.010532
v 2.701504 4.332304 -23.110203
v 2.597543 4.367959 -22.824331
v 2.573150 4.431150 -22.320375
v 2.642615 4.484861 -21.893545
v 2.760603 4.492689 -21.773825
v 2.840469 4.501606 -22.008875
v 2.891735 4.190835 -21.785927
v 2.831314 4.129692 -22.375870
v 2.701504 4.108464 -22.490101
v 2.597543 4.146284 -22.210705
v 2.573150 4.213293 -21.718218
v 2.642615 4.270235 -21.301136
v 2.760603 4.279315 -21.180151
v 2.840469 4.284651 -21.430769
v 2.891735 3.975031 -21.162212
v 2.831314 3.909159 -21.740408
v 2.701504 3.886956 -21.850323
v 2.597543 3.927036 -21.578293
v 2.573150 3.998065 -21.098993
v 2.642615 4.058436 -20.693193
v 2.760603 4.068441 -20.573786
v 2.840469 4.072177 -20.826946
v 2.891735 3.763798 -20.500893
v 2.824134 3.693170 -21.016130
v 2.701504 3.677608 -21.106150
v 2.597543 3.720704 -20.845100
v 2.572459 3.788694 -20.387810
v 2.631237 3.854903 -20.038939
v 2.760603 3.872411 -19.888393
v 2.858673 3.868545 -20.172218
v 2.891485 3.584356 -19.674149
v 2.824134 3.497425 -20.177437
v 2.701504 3.480577 -20.261967
v 2.597543 3.527395 -20.016115
v 2.573150 3.610455 -19.583893
v 2.638844 3.674391 -19.205219
v 2.669015 3.916183 -20.041544
v 2.760603 3.693645 -19.108612
v 2.797733 3.916183 -20.041544
v 2.851152 3.685326 -19.361265
v 2.891735 3.399484 -18.820282
v 2.831314 3.310109 -19.329281
v 2.701504 3.284134 -19.414629
v 2.597543 3.334450 -19.185221
v 2.573150 3.423655 -18.782154
v 2.642615 3.499493 -18.441545
v 2.669015 3.728049 -19.311434
v 2.760603 3.514505 -18.331779
v 2.797733 3.728049 -19.311434
v 2.840469 3.506572 -18.596779
v 2.891485 3.222474 -17.994658
v 2.824134 3.121068 -18.428925
v 2.701504 3.101659 -18.499628
v 2.597543 3.155627 -18.290436
v 2.573150 3.251361 -17.923889
v 2.638844 3.326097 -17.595636
v 2.760603 3.348279 -17.514832
v 2.851152 3.333989 -17.761917
v 2.891735 3.070378 -17.005756
v 2.824134 2.968533 -17.387005
v 2.701504 2.947627 -17.446993
v 2.597543 3.005771 -17.265697
v 2.572459 3.100929 -16.936049
v 2.631237 3.186684 -16.709824
v 2.669015 3.379548 -17.748217
v 2.760603 3.213712 -16.593777
v 2.797733 3.379548 -17.748217
v 2.858673 3.190159 -16.867924
v 2.891735 2.956365 -15.921911
v 2.831314 2.839594 -16.278406
v 2.701504 2.809454 -16.322456
v 2.594308 2.878309 -16.183207
v 2.573826 2.988718 -15.869783
v 2.638844 3.070793 -15.672764
v 2.669015 3.244180 -16.829165
v 2.760603 3.096177 -15.617905
v 2.797733 3.244180 -16.829165
v 2.851152 3.065182 -15.858028
v 2.891735 2.840581 -14.848925
v 2.824134 2.723125 -15.108871
v 2.701504 2.699877 -15.143740
v 2.597543 2.765194 -15.032129
v 2.572459 2.873668 -14.816130
v 2.638844 2.973367 -14.648994
v 2.669015 3.105912 -15.905272
v 2.771495 2.988822 -14.503736
v 2.797733 3.105912 -15.905272
v 2.851152 2.972216 -14.821222
v 2.891735 2.782246 -13.674479
v 2.824134 2.659153 -13.859577
v 2.701504 2.635176 -13.880079
v 2.597543 2.702865 -13.808268
v 2.572459 2.815987 -13.660103
v 2.577997 2.930845 -15.002447
v 2.638844 2.919230 -13.553854
v 2.711921 3.024653 -14.876783
v 2.760603 2.946632 -13.530424
v 2.797733 3.018508 -14.885015
v 2.851152 2.914069 -13.718922
v 2.888751 2.930845 -15.002447
v 2.891735 2.756753 -12.465830
v 2.831314 2.620655 -12.594755
v 2.701504 2.589349 -12.583170
v 2.594308 2.663912 -12.573015
v 2.573826 2.790703 -12.473127
v 2.577997 2.868633 -13.869009
v 2.638844 2.882051 -12.431927
v 2.669015 2.958708 -13.806334
v 2.771495 2.911486 -12.309717
v 2.797733 2.958708 -13.806334
v 2.851152 2.862254 -12.597523
v 2.888751 2.868633 -13.869009
v 2.890190 2.732266 -11.281733
v 2.817123 2.603959 -11.277126
v 2.701504 2.587446 -11.298198
v 2.600336 2.651286 -11.277102
v 2.573150 2.763235 -11.315869
v 2.631237 2.871737 -11.333165
v 2.711921 2.902579 -12.714773
v 2.760603 2.906383 -11.309112
v 2.797733 2.896200 -12.715296
v 2.858673 2.861702 -11.471619
v 2.891735 2.776852 -10.058487
v 2.824134 2.647114 -10.042053
v 2.701504 2.622986 -10.025492
v 2.597543 2.691939 -10.062952
v 2.572459 2.809426 -10.098743
v 2.631237 2.905432 -10.184398
v 2.669015 2.914727 -11.581350
v 2.760603 2.941974 -10.176993
v 2.797733 2.914727 -11.581350
v 2.858673 2.886154 -10.311981
v 2.891485 2.824995 -8.889640
v 2.824134 2.690155 -8.791159
v 2.701504 2.666394 -8.765036
v 2.597543 2.734427 -8.831001
v 2.573150 2.854402 -8.950417
v 2.638844 2.955127 -9.018221
v 2.669015 2.932437 -10.440498
v 2.760603 2.982283 -9.048075
v 2.797733 2.932437 -10.440498
v 2.851152 2.932134 -9.146183
v 2.891735 2.885258 -7.693839
v 2.824134 2.758914 -7.585535
v 2.701504 2.735482 -7.553106
v 2.600336 2.799328 -7.607309
v 2.573150 2.905280 -7.774445
v 2.631237 3.009936 -7.914306
v 2.669015 2.962424 -9.299065
v 2.760603 3.045582 -7.931738
v 2.797733 2.962424 -9.299065
v 2.858673 2.990530 -8.023765
v 2.891485 2.973983 -6.579502
v 2.824134 2.842995 -6.410069
v 2.701504 2.819910 -6.372367
v 2.597543 2.885982 -6.474924
v 2.573150 3.002506 -6.657663
v 2.638844 3.100351 -6.779156
v 2.669015 3.035009 -8.177729
v 2.760603 3.126734 -6.822243
v 2.797733 3.035009 -8.177729
v 2.851152 3.077965 -6.890749
v 2.891485 3.059367 -5.439258
v 2.824134 2.929521 -5.240802
v 2.701504 2.906796 -5.198318
v 2.597543 2.971841 -5.315075
v 2.573150 3.086548 -5.522680
v 2.642615 3.183727 -5.699522
v 2.669015 3.107358 -7.054219
v 2.760603 3.209611 -5.714631
v 2.797733 3.107358 -7.054219
v 2.840469 3.163350 -5.801137
v 2.891735 3.151686 -4.289383
v 2.824134 3.028260 -4.105327
v 2.701504 3.005753 -4.060246
v 2.597543 3.070001 -4.186878
v 2.572459 3.180804 -4.374312
v 2.631237 3.268971 -4.580183
v 2.754553 3.300092 -4.667814
v 2.858673 3.245572 -4.668313
v 2.891485 3.260929 -3.219572
v 2.824134 3.133845 -2.992412
v 2.701503 3.111506 -2.945428
v 2.597542 3.175278 -3.077489
v 2.573150 3.287803 -3.311235
v 2.642614 3.383166 -3.509741
v 2.765244 3.405505 -3.556725
v 2.851151 3.359094 -3.572445
v 2.891485 3.366034 -2.118234
v 2.824134 3.239469 -1.879579
v 2.701503 3.217307 -1.830708
v 2.597542 3.280582 -1.968157
v 2.573149 3.392228 -2.211409
v 2.642614 3.486845 -2.417970
v 2.765244 3.509007 -2.466840
v 2.851151 3.461534 -2.476361
v 2.891485 3.473801 -1.022982
v 2.824134 3.347950 -0.777911
v 2.701503 3.325863 -0.728268
v 2.597542 3.388799 -0.869277
v 2.573149 3.499892 -1.118335
v 2.642614 3.594065 -1.329549
v 2.765244 3.616153 -1.379192
v 2.851151 3.569279 -1.385670
v 2.891485 3.583667 0.067421
v 2.824134 3.457988 0.313330
v 2.701503 3.435905 0.363022
v 2.597542 3.498786 0.221446
v 2.573149 3.609797 -0.028464
v 2.642614 3.703907 -0.240316
v 2.765244 3.725991 -0.290008
v 2.851151 3.679416 -0.296171
v 2.891484 3.693933 1.156916
v 2.824133 3.568233 1.402408
v 2.701502 3.546144 1.452032
v 2.597542 3.609044 1.310651
v 2.573149 3.720088 1.061082
v 2.642614 3.814227 0.849522
v 2.765244 3.836317 0.799898
v 2.851151 3.789780 0.793505
v 2.891484 3.804090 2.246656
v 2.824133 3.678329 2.491593
v 2.701502 3.656228 2.541094
v 2.597541 3.719155 2.399995
v 2.573149 3.830250 2.150949
v 2.642613 3.924434 1.939845
v 2.765244 3.946536 1.890343
v 2.851151 3.899972 1.883889
v 2.891483 3.912076 3.341302
v 2.824132 3.785579 3.582936
v 2.701502 3.763373 3.631349
v 2.597541 3.826487 3.492191
v 2.573149 3.937949 3.246979
v 2.642613 4.032466 3.039354
v 2.765244 4.054672 2.990942
v 2.851151 4.007080 2.986918
v 2.891483 4.015286 4.446668
v 2.824131 3.888388 4.679699
v 2.701502 3.866050 4.726696
v 2.597541 3.929543 4.591563
v 2.573148 4.041673 4.353456
v 2.642613 4.136755 4.151858
v 2.765243 4.159092 4.104863
v 2.851151 4.112281 4.096192
v 2.891483 4.118495 5.552014
v 2.824131 3.991219 5.776420
v 2.701502 3.968752 5.821990
v 2.597541 4.032613 5.690905
v 2.573148 4.145391 5.459947
v 2.642613 4.241023 5.264411
v 2.765243 4.263487 5.218838
v 2.851151 4.217470 5.205574
v 2.891483 4.220977 6.658741
v 2.824131 4.093178 6.874483
v 2.701502 4.070581 6.918538
v 2.597541 4.134810 6.791659
v 2.573148 4.248240 6.568171
v 2.642613 4.344424 6.378987
v 2.765243 4.367022 6.334932
v 2.851151 4.321379 6.317994
v 2.891483 4.316295 7.779449
v 2.824131 4.186751 7.985689
v 2.701502 4.163970 8.027483
v 2.597541 4.228662 7.906175
v 2.573148 4.342931 7.692831
v 2.642613 4.439841 7.512424
v 2.765243 4.462625 7.470632
v 2.851151 4.414307 7.456095
v 2.891483 4.401673 8.919462
v 2.824131 4.271633 9.110588
v 2.701502 4.248656 9.149855
v 2.597541 4.313912 9.035719
v 2.573148 4.429175 8.835041
v 2.642613 4.526927 8.665377
v 2.765243 4.549902 8.626110
v 2.851151 4.503038 8.603951
v 2.891483 4.487044 10.059416
v 2.824131 4.356578 10.235369
v 2.701502 4.333419 10.272087
v 2.597541 4.399206 10.165184
v 2.573148 4.515402 9.977285
v 2.642612 4.613940 9.818457
v 2.765243 4.637099 9.781738
v 2.851151 4.591726 9.752113
v 2.891730 4.567547 11.228634
v 2.824131 4.441589 11.360052
v 2.706143 4.418678 11.425014
v 2.608917 4.473642 11.310221
v 2.573148 4.586193 11.141665
v 2.635432 4.692549 10.961103
v 2.765242 4.724212 10.937494
v 2.858670 4.669466 10.895802
v 2.891730 4.654419 12.367184
v 2.835508 4.524683 12.486946
v 2.712193 4.488819 12.509232
v 2.597540 4.556966 12.440662
v 2.573148 4.674953 12.280586
v 2.642612 4.775013 12.145498
v 2.765242 4.798534 12.114531
v 2.851150 4.749825 12.079929
v 2.891482 4.704898 13.533682
v 2.824131 4.571206 13.660151
v 2.701500 4.547500 13.687670
v 2.597540 4.614844 13.606131
v 2.573147 4.733789 13.463297
v 2.642611 4.834658 13.342840
v 2.765241 4.858364 13.315321
v 2.851150 4.811496 13.272066
v 2.891482 4.762074 14.713690
v 2.824131 4.628266 14.819860
v 2.701500 4.604396 14.843895
v 2.597540 4.672227 14.772255
v 2.573147 4.792026 14.646906
v 2.642611 4.893614 14.541273
v 2.765241 4.917485 14.517241
v 2.851150 4.872797 14.465158
v 2.891730 4.813656 15.919882
v 2.824131 4.685443 15.979460
v 2.706142 4.661065 16.031246
v 2.608917 4.718472 15.947474
v 2.573147 4.834366 15.843510
v 2.635432 4.944460 15.724768
v 2.765241 4.976452 15.719301
v 2.858669 4.923322 15.647818
v 2.891482 4.867022 17.080477
v 2.827902 4.735433 17.175119
v 2.712193 4.706945 17.139894
v 2.597540 4.775964 17.112343
v 2.573147 4.897151 17.022856
v 2.642611 4.999909 16.947676
v 2.765241 5.024046 16.930847
v 2.851150 4.978251 16.866440
v 2.891730 4.902205 18.300123
v 2.835508 4.770248 18.321751
v 2.712193 4.734120 18.316635
v 2.597540 4.803630 18.299814
v 2.573147 4.925369 18.229723
v 2.642611 5.028593 18.171024
v 2.765241 5.052833 18.158102
v 2.851150 5.005995 18.088108
v 2.891482 4.915161 19.489977
v 2.824131 4.779199 19.512699
v 2.701500 4.754880 19.521652
v 2.597540 4.824069 19.492512
v 2.573147 4.946234 19.442350
v 2.642611 5.049813 19.400545
v 2.765241 5.074132 19.391590
v 2.851150 5.029964 19.313322
v 2.891482 4.934942 20.697744
v 2.824131 4.799614 20.698011
v 2.706141 4.774317 20.733788
v 2.608917 4.833230 20.687023
v 2.573685 4.956571 20.634733
v 2.642611 5.070869 20.630148
v 2.765241 5.095236 20.625172
v 2.851149 5.053797 20.539057
v 2.891730 4.948068 21.926878
v 2.824130 4.820178 21.883327
v 2.706141 4.794029 21.915146
v 2.608916 4.853852 21.877842
v 2.573146 4.971734 21.867659
v 2.635431 5.084653 21.838512
v 2.765241 5.116146 21.858747
v 2.858669 5.067554 21.745914
v 2.888871 4.963477 23.281906
v 2.810752 4.818707 23.281906
v 2.685719 4.806392 23.281906
v 2.588600 4.886096 23.281906
v 2.576285 5.011129 23.281906
v 2.655989 5.108248 23.281906
v 2.781022 5.120562 23.281906
v 2.852291 5.082398 23.281906
vn 0.9722 -0.2125 -0.0986
vn 0.2883 -0.8869 -0.3610
vn -0.8304 -0.5152 -0.2121
vn -0.9966 -0.0759 -0.0309
vn -0.9528 0.2792 0.1196
vn -0.3747 0.8542 0.3605
vn 0.7295 0.6267 0.2740
vn 0.9890 0.1381 0.0528
vn 0.0223 -0.9931 0.1152
vn -0.0000 0.9950 -0.1002
vn 0.9585 -0.2703 -0.0906
vn 0.9669 -0.2400 -0.0870
vn 0.3508 -0.8804 -0.3190
vn 0.3507 -0.8804 -0.3190
vn 0.3511 -0.8803 -0.3191
vn -0.7677 -0.6025 -0.2184
vn -0.7772 -0.5936 -0.2088
vn -0.9923 -0.1155 -0.0444
vn -0.9925 -0.1144 -0.0426
vn -0.9932 -0.1107 -0.0362
vn -0.9934 -0.1098 -0.0344
vn -0.9545 0.2844 0.0892
vn -0.9470 0.3011 0.1123
vn -0.4722 0.8339 0.2857
vn -0.4082 0.8580 0.3118
vn 0.6570 0.7086 0.2575
vn 0.6113 0.7469 0.2615
vn 0.9866 0.1506 0.0630
vn 0.0215 -0.9925 0.1201
vn 0.9889 0.1406 0.0478
vn 0.9664 -0.2420 -0.0867
vn 0.9669 -0.2402 -0.0865
vn 0.9668 -0.2404 -0.0865
vn 0.9673 -0.2386 -0.0863
vn 0.3507 -0.8806 -0.3186
vn 0.3506 -0.8807 -0.3186
vn -0.7827 -0.5852 -0.2117
vn -0.7828 -0.5852 -0.2117
vn -0.9945 -0.0988 -0.0357
vn -0.9449 0.3078 0.1113
vn -0.9447 0.3082 0.1119
vn -0.9441 0.3094 0.1140
vn -0.9439 0.3097 0.1146
vn -0.4040 0.8624 0.3051
vn -0.3773 0.8709 0.3149
vn 0.6108 0.7475 0.2612
vn 0.6710 0.6964 0.2544
vn 0.9809 0.1776 0.0793
vn 0.9842 0.1665 0.0597
vn 0.0200 -0.9915 0.1288
vn 0.9645 -0.2501 -0.0847
vn 0.9764 -0.2008 -0.0792
vn 0.3409 -0.8891 -0.3056
vn 0.4123 -0.8569 -0.3093
vn -0.7824 -0.5858 -0.2115
vn -0.7822 -0.5860 -0.2117
vn -0.7823 -0.5858 -0.2115
vn -0.7821 -0.5860 -0.2117
vn -0.9945 -0.0989 -0.0357
vn -0.9945 -0.0989 -0.0358
vn -0.9424 0.3145 0.1138
vn -0.9424 0.3146 0.1139
vn -0.9424 0.3146 0.1138
vn -0.9423 0.3146 0.1140
vn -0.3778 0.8705 0.3154
vn -0.3801 0.8699 0.3145
vn -0.3843 0.8686 0.3128
vn -0.3866 0.8679 0.3119
vn 0.6650 0.7029 0.2526
vn 0.7208 0.6489 0.2435
vn 0.9721 0.2195 0.0824
vn 0.9747 0.2118 0.0711
vn 0.0169 -0.9903 0.1378
vn 0.9722 -0.2214 -0.0766
vn 0.9723 -0.2209 -0.0766
vn 0.9723 -0.2210 -0.0766
vn 0.9724 -0.2204 -0.0765
vn 0.4050 -0.8638 -0.2998
vn 0.4042 -0.8641 -0.2997
vn 0.4024 -0.8650 -0.2997
vn 0.4017 -0.8654 -0.2996
vn -0.7742 -0.5981 -0.2071
vn -0.7740 -0.5983 -0.2073
vn -0.7738 -0.5985 -0.2074
vn -0.7737 -0.5986 -0.2075
vn -0.9942 -0.1020 -0.0354
vn -0.9941 -0.1020 -0.0354
vn -0.9941 -0.1021 -0.0355
vn -0.9396 0.3233 0.1124
vn -0.9395 0.3234 0.1126
vn -0.9395 0.3235 0.1127
vn -0.3794 0.8737 0.3044
vn -0.3799 0.8736 0.3042
vn -0.3808 0.8733 0.3038
vn -0.3813 0.8731 0.3036
vn 0.6954 0.6788 0.2361
vn 0.7099 0.6643 0.2338
vn 0.9695 0.2311 0.0813
vn 0.9701 0.2295 0.0794
vn 0.0180 -0.9886 0.1498
vn 0.9694 -0.2338 -0.0747
vn 0.9480 -0.3073 -0.0823
vn 0.3738 -0.8899 -0.2617
vn 0.3056 -0.9166 -0.2578
vn -0.7337 -0.6541 -0.1840
vn -0.7335 -0.6542 -0.1841
vn -0.9925 -0.1176 -0.0331
vn -0.9924 -0.1182 -0.0339
vn -0.9921 -0.1199 -0.0357
vn -0.9920 -0.1206 -0.0365
vn -0.9270 0.3601 0.1051
vn -0.9336 0.3465 0.0915
vn -0.3517 0.8956 0.2725
vn -0.4105 0.8767 0.2508
vn 0.6372 0.7410 0.2119
vn 0.6380 0.7403 0.2119
vn 0.6407 0.7380 0.2116
vn 0.6413 0.7375 0.2116
vn 0.9792 0.1997 0.0349
vn 0.9670 0.2427 0.0775
vn 0.0285 -0.9852 0.1692
vn 0.9348 -0.3471 -0.0751
vn 0.9472 -0.3121 -0.0728
vn 0.2789 -0.9352 -0.2183
vn -0.6979 -0.6975 -0.1628
vn -0.6983 -0.6971 -0.1626
vn -0.6982 -0.6972 -0.1626
vn -0.6983 -0.6971 -0.1625
vn -0.9893 -0.1421 -0.0331
vn -0.9895 -0.1409 -0.0322
vn -0.9899 -0.1384 -0.0304
vn -0.9901 -0.1371 -0.0295
vn -0.9228 0.3759 0.0841
vn -0.9158 0.3906 0.0929
vn -0.8426 0.5246 0.1213
vn -0.0050 0.9607 0.2776
vn -0.3146 0.9252 0.2121
vn -0.2218 0.9504 0.2179
vn 0.8049 0.5692 0.1678
vn 0.5855 0.7896 0.1838
vn 0.9754 0.2127 0.0571
vn 0.0270 -0.9814 0.1900
vn 0.9821 0.1839 0.0402
vn -0.0357 0.9806 -0.1929
vn 0.9435 -0.3237 -0.0704
vn 0.9613 -0.2673 -0.0672
vn 0.2735 -0.9388 -0.2096
vn 0.3248 -0.9213 -0.2136
vn -0.6973 -0.6983 -0.1619
vn -0.6970 -0.6985 -0.1620
vn -0.6968 -0.6987 -0.1622
vn -0.6965 -0.6990 -0.1623
vn -0.9908 -0.1318 -0.0306
vn -0.9908 -0.1320 -0.0307
vn -0.9908 -0.1320 -0.0308
vn -0.9142 0.3947 0.0920
vn -0.9134 0.3964 0.0931
vn -0.9117 0.3996 0.0953
vn -0.9109 0.4013 0.0964
vn -0.6812 0.7129 0.1666
vn -0.1839 0.9520 0.2446
vn -0.3160 0.9245 0.2132
vn 0.3087 0.9268 0.2137
vn 0.7096 0.6824 0.1756
vn 0.6652 0.7249 0.1788
vn 0.9541 0.2883 0.0807
vn 0.9713 0.2327 0.0501
vn 0.0239 -0.9750 0.2207
vn -0.0343 0.9757 -0.2166
vn 0.9546 -0.2913 -0.0622
vn 0.9366 -0.3444 -0.0648
vn 0.3128 -0.9300 -0.1928
vn 0.2588 -0.9473 -0.1889
vn -0.6715 -0.7267 -0.1449
vn -0.6711 -0.7270 -0.1451
vn -0.6707 -0.7274 -0.1452
vn -0.6704 -0.7276 -0.1454
vn -0.9894 -0.1422 -0.0284
vn -0.9894 -0.1425 -0.0286
vn -0.8975 0.4323 0.0868
vn -0.8984 0.4307 0.0859
vn -0.9000 0.4276 0.0842
vn -0.9009 0.4260 0.0833
vn -0.2963 0.9359 0.1905
vn -0.2965 0.9359 0.1905
vn -0.2967 0.9358 0.1904
vn -0.2968 0.9358 0.1904
vn 0.6045 0.7806 0.1588
vn 0.5647 0.8096 0.1601
vn 0.9643 0.2616 0.0417
vn 0.9474 0.3129 0.0674
vn 0.0347 -0.9665 0.2544
vn 0.9270 -0.3706 -0.0572
vn 0.9176 -0.3934 -0.0576
vn 0.2335 -0.9621 -0.1408
vn 0.2334 -0.9621 -0.1408
vn 0.2329 -0.9622 -0.1408
vn -0.6271 -0.7708 -0.1128
vn -0.6274 -0.7705 -0.1127
vn -0.6271 -0.7707 -0.1128
vn -0.9866 -0.1612 -0.0236
vn -0.9863 -0.1632 -0.0243
vn -0.9857 -0.1665 -0.0256
vn -0.9854 -0.1685 -0.0263
vn -0.8819 0.4661 0.0704
vn -0.8926 0.4466 0.0626
vn -0.7102 0.6963 0.1035
vn -0.1179 0.9771 0.1772
vn -0.3189 0.9378 0.1370
vn 0.0752 0.9867 0.1442
vn 0.6623 0.7383 0.1274
vn 0.5544 0.8224 0.1277
vn 0.9717 0.2343 0.0295
vn 0.9636 0.2642 0.0404
vn 0.0458 -0.9466 0.3192
vn -0.0448 0.9551 -0.2929
vn 0.9019 -0.4295 -0.0452
vn 0.9377 -0.3444 -0.0461
vn 0.2209 -0.9686 -0.1141
vn 0.2623 -0.9578 -0.1177
vn -0.6090 -0.7873 -0.0967
vn -0.6212 -0.7781 -0.0935
vn -0.9839 -0.1770 -0.0238
vn -0.9895 -0.1441 -0.0139
vn -0.8810 0.4703 0.0506
vn -0.8517 0.5201 0.0644
vn -0.7501 0.6566 0.0789
vn -0.0488 0.9880 0.1469
vn -0.2524 0.9607 0.1157
vn -0.0565 0.9912 0.1194
vn 0.6970 0.7088 0.1080
vn 0.5614 0.8208 0.1058
vn 0.9447 0.3246 0.0472
vn 0.0469 -0.9207 0.3874
vn 0.9707 0.2390 0.0251
vn -0.0599 0.9270 -0.3702
vn 0.9312 -0.3624 -0.0391
vn 0.8999 -0.4344 -0.0377
vn 0.2554 -0.9622 -0.0943
vn 0.2103 -0.9734 -0.0905
vn -0.6050 -0.7928 -0.0737
vn -0.5887 -0.8047 -0.0774
vn -0.9860 -0.1658 -0.0163
vn -0.8447 0.5322 0.0570
vn -0.8662 0.4974 0.0473
vn -0.3940 0.9150 0.0871
vn -0.2036 0.9741 0.0979
vn -0.2180 0.9712 0.0957
vn 0.4086 0.9089 0.0836
vn 0.5590 0.8253 0.0794
vn 0.4910 0.8677 0.0778
vn 0.9568 0.2895 0.0260
vn 0.9430 0.3308 0.0357
vn 0.0603 -0.8784 0.4741
vn -0.0643 0.8874 -0.4565
vn 0.8875 -0.4602 -0.0229
vn 0.8883 -0.4588 -0.0230
vn 0.8899 -0.4555 -0.0232
vn 0.8906 -0.4541 -0.0233
vn 0.1998 -0.9786 -0.0501
vn 0.1997 -0.9786 -0.0501
vn -0.5636 -0.8249 -0.0422
vn -0.5641 -0.8246 -0.0422
vn -0.5648 -0.8241 -0.0420
vn -0.5653 -0.8238 -0.0420
vn -0.9786 -0.2055 -0.0105
vn -0.9787 -0.2050 -0.0104
vn -0.9789 -0.2043 -0.0103
vn -0.9790 -0.2038 -0.0102
vn -0.9934 0.1149 0.0057
vn -0.7585 0.6495 0.0524
vn -0.8527 0.5218 0.0258
vn -0.4799 0.8762 0.0433
vn -0.0866 0.9944 0.0608
vn -0.2944 -0.9546 -0.0447
vn 0.0766 0.9956 0.0549
vn 0.6129 0.7880 0.0586
vn 0.4245 0.9042 0.0477
vn 0.9541 0.2991 0.0158
vn 0.8499 0.5239 0.0567
vn 0.0935 -0.7059 0.7022
vn 0.9993 0.0361 0.0018
vn -0.0922 0.6703 -0.7364
vn 0.8827 -0.4699 -0.0099
vn 0.9198 -0.3921 -0.0172
vn 0.1968 -0.9800 -0.0309
vn 0.2314 -0.9722 -0.0344
vn -0.5595 -0.8283 -0.0293
vn -0.5726 -0.8194 -0.0273
vn -0.9787 -0.2052 -0.0090
vn -0.9875 -0.1578 -0.0022
vn -0.9929 0.1190 0.0037
vn -0.7406 0.6710 0.0353
vn -0.8186 0.5741 0.0190
vn -0.7177 0.6960 0.0231
vn -0.0339 0.9979 0.0549
vn -0.2429 0.9696 0.0301
vn -0.1038 0.9942 0.0295
vn 0.6058 0.7948 0.0357
vn 0.6171 0.7861 0.0363
vn 0.9257 0.3779 0.0175
vn 0.8337 0.5507 0.0421
vn 0.0842 -0.5134 0.8540
vn 0.9993 0.0362 0.0008
vn -0.0993 0.4274 -0.8986
vn 0.9164 -0.4001 -0.0071
vn 0.8690 -0.4948 0.0031
vn 0.2336 -0.9723 -0.0098
vn 0.1417 -0.9899 -0.0015
vn -0.5711 -0.8209 -0.0012
vn -0.5345 -0.8451 -0.0057
vn -0.9807 -0.1955 -0.0011
vn -0.8174 0.5759 0.0132
vn -0.8817 0.4718 -0.0017
vn -0.2437 0.9698 0.0074
vn -0.2417 0.9703 0.0069
vn -0.2401 0.9707 0.0065
vn -0.2366 0.9716 0.0056
vn 0.1690 -0.9856 -0.0032
vn 0.0741 0.9972 -0.0053
vn 0.5242 0.8516 0.0077
vn 0.4114 0.9114 -0.0023
vn 0.9737 0.2277 -0.0064
vn 0.9295 0.3686 0.0088
vn 0.1145 0.2534 0.9606
vn -0.1456 -0.1077 -0.9835
vn 0.8784 -0.4777 0.0140
vn 0.1353 -0.9902 0.0338
vn 0.1965 -0.9801 0.0274
vn -0.5300 -0.8477 0.0237
vn -0.5591 -0.8286 0.0265
vn -0.9722 -0.2341 0.0056
vn -0.9784 -0.2067 0.0073
vn -0.8827 0.4696 -0.0183
vn -0.8587 0.5123 -0.0150
vn -0.7993 0.6007 -0.0176
vn 0.0659 0.9978 0.0084
vn -0.2701 0.9624 -0.0303
vn -0.4141 0.9098 -0.0286
vn 0.6537 0.7567 0.0026
vn 0.4752 0.8797 -0.0185
vn 0.9608 0.2771 -0.0058
vn 0.0961 0.5396 0.8364
vn 0.9746 0.2236 -0.0094
vn -0.1185 -0.5084 -0.8529
vn 0.8877 -0.4601 0.0191
vn 0.8989 -0.4380 0.0151
vn 0.1973 -0.9798 0.0337
vn 0.1971 -0.9798 0.0337
vn 0.1970 -0.9798 0.0337
vn -0.5596 -0.8283 0.0285
vn -0.5599 -0.8280 0.0286
vn -0.5597 -0.8282 0.0285
vn -0.5600 -0.8280 0.0286
vn -0.9784 -0.2067 0.0071
vn -0.9815 -0.1915 0.0081
vn -0.8603 0.5094 -0.0194
vn -0.8428 0.5380 -0.0174
vn -0.6928 0.7207 -0.0262
vn -0.0548 0.9984 -0.0171
vn -0.2257 0.9736 -0.0348
vn 0.0035 0.9994 -0.0357
vn 0.6201 0.7844 -0.0115
vn 0.4574 0.8887 -0.0321
vn 0.9414 0.3371 -0.0072
vn 0.0721 0.7103 0.7002
vn 0.9638 0.2665 -0.0108
vn -0.0976 -0.7004 -0.7071
vn 0.9006 -0.4340 0.0217
vn 0.8905 -0.4543 0.0259
vn 0.2014 -0.9779 0.0558
vn 0.2016 -0.9779 0.0557
vn -0.5676 -0.8220 0.0469
vn -0.5505 -0.8336 0.0455
vn -0.9822 -0.1876 0.0122
vn -0.9723 -0.2335 0.0101
vn -0.8444 0.5352 -0.0232
vn -0.8898 0.4554 -0.0287
vn -0.6006 0.7984 -0.0438
vn -0.1134 0.9928 -0.0372
vn -0.2721 0.9607 -0.0545
vn 0.1496 0.9872 -0.0560
vn 0.5663 0.8235 -0.0347
vn 0.4533 0.8900 -0.0493
vn 0.9695 0.2443 -0.0192
vn 0.9479 0.3180 -0.0162
vn 0.0551 0.8184 0.5720
vn -0.0734 -0.8058 -0.5876
vn 0.8936 -0.4474 0.0358
vn 0.9044 -0.4256 0.0304
vn 0.2050 -0.9763 0.0698
vn 0.2052 -0.9762 0.0698
vn -0.5553 -0.8295 0.0593
vn -0.5775 -0.8141 0.0609
vn -0.9739 -0.2264 0.0149
vn -0.9833 -0.1811 0.0158
vn -0.8948 0.4449 -0.0387
vn -0.8499 0.5257 -0.0362
vn -0.7579 0.6507 -0.0468
vn 0.0095 0.9989 -0.0465
vn -0.2351 0.9694 -0.0709
vn -0.1954 0.9781 -0.0715
vn 0.6440 0.7643 -0.0341
vn 0.4337 0.8986 -0.0665
vn 0.9491 0.3144 -0.0180
vn 0.0499 0.8451 0.5322
vn 0.9695 0.2442 -0.0192
vn -0.0585 -0.8696 -0.4903
vn 0.9050 -0.4242 0.0318
vn 0.9053 -0.4236 0.0316
vn 0.9057 -0.4227 0.0314
vn 0.9060 -0.4222 0.0312
vn 0.2059 -0.9759 0.0722
vn -0.5771 -0.8145 0.0603
vn -0.5772 -0.8144 0.0603
vn -0.5771 -0.8144 0.0603
vn -0.9828 -0.1843 0.0136
vn -0.8512 0.5234 -0.0388
vn -0.8496 0.5260 -0.0387
vn -0.8463 0.5314 -0.0385
vn -0.8446 0.5340 -0.0383
vn -0.6710 0.7395 -0.0548
vn -0.0653 0.9962 -0.0574
vn -0.2226 0.9722 -0.0727
vn 0.0542 0.9957 -0.0745
vn 0.5851 0.8097 -0.0456
vn 0.4460 0.8926 -0.0656
vn 0.9243 0.3811 -0.0208
vn 0.9530 0.3020 -0.0226
vn 0.0421 0.8840 0.4656
vn -0.0526 -0.8879 -0.4570
vn 0.9072 -0.4194 0.0335
vn 0.8992 -0.4359 0.0379
vn 0.2098 -0.9741 0.0847
vn 0.2099 -0.9740 0.0847
vn -0.5846 -0.8083 0.0703
vn -0.5849 -0.8080 0.0703
vn -0.5847 -0.8082 0.0703
vn -0.5850 -0.8080 0.0703
vn -0.9834 -0.1807 0.0157
vn -0.9805 -0.1958 0.0155
vn -0.8487 0.5270 -0.0438
vn -0.8768 0.4786 -0.0454
vn -0.2230 0.9718 -0.0763
vn -0.2995 0.9504 -0.0839
vn 0.4378 0.8959 -0.0749
vn 0.4624 0.8838 -0.0716
vn 0.9757 0.2168 -0.0314
vn 0.9335 0.3574 -0.0289
vn 0.0436 0.9067 0.4196
vn 0.9024 -0.4287 0.0440
vn 0.9102 -0.4124 0.0391
vn 0.2125 -0.9728 0.0923
vn 0.2126 -0.9728 0.0923
vn -0.5898 -0.8040 0.0763
vn -0.5899 -0.8038 0.0763
vn -0.5900 -0.8038 0.0763
vn -0.9813 -0.1914 0.0182
vn -0.9843 -0.1754 0.0183
vn -0.8785 0.4753 -0.0473
vn -0.8512 0.5228 -0.0467
vn -0.3082 0.9463 -0.0977
vn -0.2119 0.9731 -0.0903
vn 0.4617 0.8826 -0.0882
vn 0.4616 0.8827 -0.0882
vn 0.4612 0.8829 -0.0883
vn 0.4609 0.8830 -0.0883
vn 0.9529 0.3024 -0.0248
vn 0.0256 0.9093 0.4154
vn 0.9698 0.2425 -0.0245
vn 0.9103 -0.4121 0.0393
vn 0.9104 -0.4118 0.0392
vn 0.9106 -0.4114 0.0391
vn 0.9108 -0.4111 0.0390
vn -0.5901 -0.8038 0.0763
vn -0.5901 -0.8037 0.0763
vn -0.9839 -0.1781 0.0169
vn -0.8533 0.5190 -0.0493
vn -0.8534 0.5190 -0.0493
vn -0.8534 0.5189 -0.0493
vn -0.2126 0.9728 -0.0924
vn 0.4617 0.8831 -0.0839
vn 0.4751 0.8761 -0.0819
vn 0.9540 0.2984 -0.0279
vn 0.9559 0.2924 -0.0279
vn 0.0248 0.9163 0.3997
vn 0.9116 -0.4092 0.0403
vn 0.9115 -0.4093 0.0403
vn 0.2138 -0.9722 0.0957
vn -0.5924 -0.8018 0.0790
vn -0.5924 -0.8017 0.0790
vn -0.9841 -0.1770 0.0174
vn -0.8548 0.5165 -0.0509
vn -0.8548 0.5164 -0.0509
vn -0.2139 0.9722 -0.0958
vn 0.4745 0.8760 -0.0863
vn 0.4739 0.8763 -0.0864
vn 0.4727 0.8769 -0.0866
vn 0.4721 0.8773 -0.0867
vn 0.9555 0.2935 -0.0290
vn 0.9552 0.2947 -0.0290
vn 0.0226 0.9202 0.3908
vn 0.9120 -0.4080 0.0411
vn 0.9120 -0.4082 0.0412
vn 0.2147 -0.9718 0.0980
vn -0.5940 -0.8004 0.0807
vn -0.9842 -0.1763 0.0178
vn -0.9842 -0.1762 0.0178
vn -0.8557 0.5148 -0.0519
vn -0.2147 0.9718 -0.0980
vn -0.2147 0.9717 -0.0980
vn 0.4720 0.8772 -0.0885
vn 0.4713 0.8775 -0.0886
vn 0.4704 0.8780 -0.0887
vn 0.4698 0.8783 -0.0888
vn 0.9562 0.2911 -0.0294
vn 0.9559 0.2921 -0.0294
vn 0.0220 0.9207 0.3896
vn 0.9121 -0.4080 0.0413
vn 0.9120 -0.4080 0.0413
vn 0.2148 -0.9717 0.0984
vn -0.5943 -0.8002 0.0810
vn -0.9842 -0.1761 0.0178
vn -0.8559 0.5145 -0.0521
vn -0.2148 0.9717 -0.0984
vn 0.4698 0.8783 -0.0889
vn 0.4696 0.8784 -0.0889
vn 0.4693 0.8785 -0.0890
vn 0.9563 0.2908 -0.0294
vn 0.9563 0.2910 -0.0295
vn 0.0220 0.9205 0.3902
vn 0.9120 -0.4081 0.0413
vn 0.9120 -0.4081 0.0412
vn 0.2148 -0.9717 0.0982
vn -0.5942 -0.8002 0.0809
vn -0.5942 -0.8003 0.0809
vn -0.8558 0.5146 -0.0520
vn -0.2148 0.9717 -0.0982
vn 0.4693 0.8786 -0.0888
vn 0.4695 0.8785 -0.0888
vn 0.4693 0.8785 -0.0888
vn 0.9563 0.2910 -0.0294
vn 0.9563 0.2909 -0.0294
vn 0.0220 0.9201 0.3910
vn 0.9114 -0.4094 0.0404
vn 0.9117 -0.4090 0.0403
vn 0.9118 -0.4087 0.0402
vn 0.2138 -0.9722 0.0955
vn -0.5923 -0.8018 0.0788
vn -0.5923 -0.8019 0.0788
vn -0.9840 -0.1771 0.0174
vn -0.8547 0.5166 -0.0508
vn -0.2138 0.9722 -0.0955
vn 0.4697 0.8786 -0.0863
vn 0.4725 0.8771 -0.0859
vn 0.4770 0.8748 -0.0852
vn 0.4798 0.8733 -0.0848
vn 0.9543 0.2974 -0.0289
vn 0.9557 0.2928 -0.0289
vn 0.0207 0.9174 0.3974
vn 0.9106 -0.4115 0.0384
vn 0.9103 -0.4121 0.0386
vn 0.9104 -0.4119 0.0385
vn 0.9103 -0.4122 0.0386
vn 0.2122 -0.9730 0.0912
vn -0.5893 -0.8044 0.0754
vn -0.9838 -0.1785 0.0167
vn -0.8529 0.5198 -0.0487
vn -0.2122 0.9730 -0.0912
vn 0.4800 0.8734 -0.0819
vn 0.4773 0.8749 -0.0823
vn 0.4730 0.8772 -0.0829
vn 0.4703 0.8786 -0.0833
vn 0.9549 0.2957 -0.0280
vn 0.9535 0.3002 -0.0280
vn 0.0212 0.9123 0.4090
vn 0.9102 -0.4124 0.0385
vn 0.9101 -0.4127 0.0386
vn 0.9099 -0.4130 0.0386
vn 0.9098 -0.4132 0.0387
vn -0.5892 -0.8044 0.0754
vn -0.8529 0.5199 -0.0487
vn -0.2121 0.9730 -0.0912
vn 0.4704 0.8786 -0.0823
vn 0.4677 0.8800 -0.0827
vn 0.4632 0.8823 -0.0834
vn 0.4604 0.8837 -0.0838
vn 0.9559 0.2925 -0.0277
vn 0.9545 0.2968 -0.0277
vn 0.0217 0.9068 0.4210
vn 0.9096 -0.4138 0.0383
vn 0.9095 -0.4138 0.0383
vn 0.9094 -0.4142 0.0385
vn 0.9093 -0.4143 0.0385
vn 0.2119 -0.9731 0.0904
vn 0.2118 -0.9731 0.0904
vn -0.5887 -0.8049 0.0747
vn -0.5886 -0.8050 0.0747
vn -0.9837 -0.1788 0.0166
vn -0.8525 0.5205 -0.0483
vn -0.8524 0.5206 -0.0483
vn -0.2118 0.9731 -0.0903
vn 0.4607 0.8837 -0.0820
vn 0.4591 0.8846 -0.0822
vn 0.4565 0.8859 -0.0826
vn 0.4548 0.8867 -0.0828
vn 0.9561 0.2916 -0.0272
vn 0.9554 0.2940 -0.0272
vn 0.0221 0.9006 0.4341
vn 0.9076 -0.4183 0.0356
vn 0.9079 -0.4178 0.0355
vn 0.9082 -0.4170 0.0352
vn 0.9085 -0.4165 0.0351
vn 0.2090 -0.9745 0.0821
vn -0.5833 -0.8094 0.0682
vn -0.5832 -0.8094 0.0682
vn -0.9833 -0.1814 0.0153
vn -0.8492 0.5262 -0.0443
vn -0.2090 0.9745 -0.0820
vn 0.4564 0.8867 -0.0746
vn 0.4798 0.8745 -0.0714
vn 0.9510 0.3083 -0.0252
vn 0.9544 0.2975 -0.0253
vn 0.0216 0.8914 0.4528
vn 0.9065 -0.4211 0.0315
vn 0.9063 -0.4215 0.0316
vn 0.9061 -0.4220 0.0318
vn 0.9059 -0.4223 0.0319
vn 0.2064 -0.9757 0.0736
vn -0.5780 -0.8137 0.0614
vn -0.5781 -0.8136 0.0614
vn -0.9828 -0.1839 0.0139
vn -0.9829 -0.1838 0.0139
vn -0.8460 0.5317 -0.0401
vn -0.8461 0.5316 -0.0401
vn -0.2064 0.9757 -0.0737
vn 0.4806 0.8744 -0.0660
vn 0.4641 0.8831 -0.0683
vn 0.9520 0.3053 -0.0236
vn 0.9494 0.3133 -0.0235
vn 0.0226 0.8785 0.4772
vn 0.9058 -0.4226 0.0316
vn 0.9056 -0.4229 0.0317
vn 0.9053 -0.4236 0.0319
vn 0.9051 -0.4240 0.0320
vn 0.2064 -0.9757 0.0737
vn 0.2063 -0.9757 0.0737
vn -0.5782 -0.8136 0.0615
vn -0.5781 -0.8137 0.0614
vn -0.9829 -0.1839 0.0139
vn -0.8460 0.5316 -0.0401
vn -0.2064 0.9757 -0.0736
vn -0.2063 0.9757 -0.0736
vn 0.4645 0.8830 -0.0666
vn 0.4472 0.8918 -0.0689
vn 0.9538 0.2996 -0.0231
vn 0.9514 0.3070 -0.0230
vn 0.0236 0.8636 0.5036
vn 0.9037 -0.4271 0.0292
vn 0.8948 -0.4451 0.0336
vn 0.2276 -0.9712 0.0709
vn -0.5788 -0.8131 0.0625
vn -0.5438 -0.8371 0.0598
vn -0.9847 -0.1727 0.0210
vn -0.9600 -0.2796 0.0170
vn -0.8410 0.5400 -0.0328
vn -0.8885 0.4574 -0.0371
vn -0.2049 0.9764 -0.0685
vn -0.2488 0.9658 -0.0728
vn 0.4477 0.8916 -0.0672
vn 0.4837 0.8730 -0.0625
vn 0.9704 0.2405 -0.0227
vn 0.9522 0.3047 -0.0212
vn 0.0119 0.8617 0.5073
vn 0.8949 -0.4449 0.0339
vn 0.9236 -0.3828 0.0189
vn 0.2268 -0.9715 0.0693
vn 0.2888 -0.9555 0.0602
vn -0.5417 -0.8386 0.0573
vn -0.5399 -0.8398 0.0571
vn -0.5366 -0.8419 0.0569
vn -0.5350 -0.8430 0.0567
vn -0.9578 -0.2871 0.0115
vn -0.9829 -0.1838 0.0143
vn -0.8877 0.4591 -0.0358
vn -0.8410 0.5400 -0.0325
vn -0.2477 0.9666 -0.0658
vn -0.2030 0.9772 -0.0617
vn 0.4864 0.8720 -0.0551
vn 0.4833 0.8737 -0.0555
vn 0.4782 0.8765 -0.0562
vn 0.4751 0.8781 -0.0566
vn 0.9380 0.3462 -0.0175
vn -0.0004 0.8159 0.5782
vn 0.9677 0.2513 -0.0192
vn 0.9230 -0.3844 0.0168
vn 0.9024 -0.4302 0.0258
vn 0.2858 -0.9574 0.0407
vn 0.2005 -0.9784 0.0505
vn -0.5270 -0.8490 0.0375
vn -0.5656 -0.8236 0.0409
vn -0.9817 -0.1901 0.0094
vn -0.9817 -0.1900 0.0094
vn -0.9817 -0.1900 0.0095
vn -0.8379 0.5451 -0.0271
vn -0.8381 0.5448 -0.0271
vn -0.8380 0.5451 -0.0271
vn -0.2000 0.9786 -0.0487
vn -0.2001 0.9786 -0.0488
vn 0.4794 0.8765 -0.0437
vn 0.4605 0.8865 -0.0459
vn 0.9479 0.3182 -0.0165
vn 0.9356 0.3526 -0.0151
vn 0.0266 0.7908 0.6115
vn 0.9007 -0.4339 0.0210
vn 0.9005 -0.4344 0.0211
vn 0.9000 -0.4353 0.0213
vn 0.8998 -0.4359 0.0214
vn 0.2000 -0.9786 0.0482
vn 0.1999 -0.9786 0.0482
vn -0.5654 -0.8238 0.0405
vn -0.8380 0.5451 -0.0268
vn -0.8379 0.5451 -0.0268
vn -0.2000 0.9786 -0.0481
vn -0.1999 0.9786 -0.0481
vn 0.4615 0.8861 -0.0436
vn 0.4388 0.8974 -0.0461
vn 0.9505 0.3104 -0.0159
vn 0.9472 0.3203 -0.0155
vn 0.0284 0.7506 0.6601
vn 0.8989 -0.4377 0.0185
vn 0.8886 -0.4580 0.0226
vn 0.1999 -0.9786 0.0483
vn 0.2213 -0.9741 0.0456
vn -0.5659 -0.8234 0.0415
vn -0.5324 -0.8456 0.0384
vn -0.9830 -0.1827 0.0167
vn -0.9580 -0.2866 0.0101
vn -0.8346 0.5505 -0.0195
vn -0.8817 0.4712 -0.0256
vn -0.1991 0.9790 -0.0433
vn -0.2409 0.9694 -0.0476
vn 0.4399 0.8970 -0.0440
vn 0.4702 0.8816 -0.0407
vn 0.9681 0.2501 -0.0168
vn 0.9490 0.3150 -0.0137
vn 0.0136 0.7350 0.6780
vn 0.8884 -0.4585 0.0213
vn 0.9045 -0.4263 0.0150
vn 0.2190 -0.9749 0.0401
vn 0.2213 -0.9744 0.0398
vn 0.2253 -0.9735 0.0393
vn 0.2277 -0.9730 0.0390
vn -0.5321 -0.8458 0.0379
vn -0.5293 -0.8476 0.0377
vn -0.5245 -0.8506 0.0372
vn -0.5219 -0.8522 0.0370
vn -0.9568 -0.2908 0.0050
vn -0.9817 -0.1901 0.0101
vn -0.8815 0.4716 -0.0251
vn -0.8350 0.5498 -0.0200
vn -0.2408 0.9697 -0.0426
vn -0.1981 0.9794 -0.0385
vn 0.4739 0.8799 -0.0346
vn 0.4480 0.8932 -0.0375
vn 0.9454 0.3258 -0.0089
vn 0.0022 0.6373 0.7706
vn 0.9651 0.2616 -0.0118
vn 0.9037 -0.4279 0.0122
vn 0.9203 -0.3912 0.0058
vn 0.2309 -0.9726 0.0280
vn 0.2802 -0.9597 0.0222
vn -0.5191 -0.8545 0.0197
vn -0.5195 -0.8543 0.0198
vn -0.5200 -0.8539 0.0198
vn -0.5205 -0.8537 0.0199
vn -0.9810 -0.1941 0.0045
vn -0.9810 -0.1940 0.0045
vn -0.8328 0.5535 -0.0129
vn -0.8330 0.5532 -0.0130
vn -0.1961 0.9803 -0.0230
vn -0.1962 0.9803 -0.0230
vn 0.4581 0.8887 -0.0208
vn 0.4602 0.8876 -0.0206
vn 0.4638 0.8857 -0.0203
vn 0.4659 0.8846 -0.0201
vn 0.9367 0.3500 -0.0079
vn 0.9458 0.3246 -0.0096
vn -0.0017 0.5306 0.8476
vn 0.9202 -0.3913 0.0045
vn 0.8968 -0.4423 0.0119
vn 0.2808 -0.9597 0.0099
vn 0.1958 -0.9805 0.0186
vn -0.5195 -0.8544 0.0101
vn -0.5567 -0.8306 0.0142
vn -0.9809 -0.1946 0.0033
vn -0.9809 -0.1945 0.0033
vn -0.8321 0.5545 -0.0095
vn -0.8323 0.5543 -0.0096
vn -0.1956 0.9805 -0.0169
vn -0.1957 0.9805 -0.0169
vn 0.4690 0.8831 -0.0152
vn 0.4445 0.8956 -0.0175
vn 0.9465 0.3228 -0.0063
vn 0.9339 0.3576 -0.0037
vn 0.0368 0.4449 0.8948
vn 0.8965 -0.4429 0.0073
vn 0.8962 -0.4436 0.0074
vn 0.8956 -0.4447 0.0076
vn 0.8952 -0.4455 0.0077
vn 0.1957 -0.9805 0.0169
vn 0.2139 -0.9767 0.0148
vn -0.5570 -0.8304 0.0154
vn -0.5222 -0.8527 0.0115
vn -0.9814 -0.1915 0.0108
vn -0.9618 -0.2736 0.0028
vn -0.8313 0.5557 -0.0044
vn -0.8565 0.5161 -0.0088
vn -0.1957 0.9805 -0.0168
vn -0.1955 0.9806 -0.0168
vn 0.4461 0.8948 -0.0153
vn 0.4200 0.9074 -0.0176
vn 0.9494 0.3140 -0.0061
vn 0.9460 0.3242 -0.0053
vn 0.0097 0.3566 0.9342
vn 0.8952 -0.4455 0.0046
vn 0.8829 -0.4695 0.0081
vn 0.2145 -0.9766 0.0169
vn 0.2162 -0.9762 0.0167
vn 0.2189 -0.9756 0.0164
vn 0.2205 -0.9752 0.0163
vn -0.5232 -0.8521 0.0142
vn -0.5245 -0.8513 0.0143
vn -0.5268 -0.8499 0.0146
vn -0.5281 -0.8491 0.0147
vn -0.9621 -0.2728 0.0047
vn -0.9570 -0.2901 0.0031
vn -0.8564 0.5162 -0.0067
vn -0.8767 0.4808 -0.0107
vn -0.1954 0.9807 -0.0123
vn -0.2333 0.9723 -0.0165
vn 0.4219 0.9065 -0.0154
vn 0.4490 0.8934 -0.0130
vn 0.9671 0.2541 -0.0089
vn 0.9484 0.3171 -0.0036
vn 0.0179 0.2564 0.9664
vn 0.8831 -0.4692 0.0072
vn 0.8823 -0.4707 0.0074
vn 0.8808 -0.4734 0.0077
vn 0.8800 -0.4749 0.0079
vn 0.2166 -0.9763 0.0010
vn 0.0980 -0.9951 0.0105
vn -0.5240 -0.8517 -0.0001
vn -0.6344 -0.7730 0.0086
vn -0.9567 -0.2909 -0.0072
vn -0.9952 -0.0980 0.0049
vn -0.8768 0.4807 -0.0114
vn -0.7730 0.6344 0.0006
vn -0.2339 0.9722 -0.0126
vn -0.0980 0.9952 -0.0020
vn 0.4540 0.8910 -0.0078
vn 0.4721 0.8815 -0.0066
vn 0.9558 0.2940 0.0011
vn -0.0000 -0.0000 1.0000
vn 0.9642 0.2653 -0.0010
vt 0.906250 0.500000
vt 0.906250 1.000000
vt 0.875000 1.000000
vt 0.875000 0.500000
vt 0.781250 0.500000
vt 0.781250 1.000000
vt 0.750000 1.000000
vt 0.750000 0.500000
vt 0.656250 0.500000
vt 0.656250 1.000000
vt 0.625000 1.000000
vt 0.625000 0.500000
vt 0.531250 0.500000
vt 0.531250 1.000000
vt 0.500000 1.000000
vt 0.500000 0.500000
vt 0.406250 0.500000
vt 0.406250 1.000000
vt 0.375000 1.000000
vt 0.375000 0.500000
vt 0.281250 0.500000
vt 0.281250 1.000000
vt 0.250000 1.000000
vt 0.250000 0.500000
vt 0.156250 0.500000
vt 0.156250 1.000000
vt 0.125000 1.000000
vt 0.125000 0.500000
vt 0.093750 1.000000
vt 0.093750 0.500000
vt 0.250000 0.471906
vt 0.080294 0.419706
vt 0.025832 0.318001
vt 0.043406 0.139573
vt 0.181999 0.025832
vt 0.360427 0.043406
vt 0.474168 0.181999
vt 0.456594 0.360427
vt 0.750000 0.471906
vt 0.956595 0.360427
vt 0.974168 0.181999
vt 0.860427 0.043406
vt 0.681999 0.025832
vt 0.543406 0.139573
vt 0.525832 0.318001
vt 0.580294 0.419706
vt 0.937500 0.500000
vt 0.921875 1.000000
vt 0.890625 0.500000
vt 0.812500 0.500000
vt 0.796875 1.000000
vt 0.765625 0.500000
vt 0.687500 0.500000
vt 0.671875 1.000000
vt 0.640625 0.500000
vt 0.593750 0.500000
vt 0.578125 1.000000
vt 0.562500 0.500000
vt 0.515625 0.500000
vt 0.468750 0.500000
vt 0.453125 1.000000
vt 0.437500 0.500000
vt 0.390625 0.500000
vt 0.343750 0.500000
vt 0.328125 1.000000
vt 0.312500 0.500000
vt 0.265625 0.500000
vt 0.187500 0.500000
vt 0.171875 1.000000
vt 0.140625 0.500000
vt 0.109375 0.500000
vt 0.062500 0.500000
vt 0.046875 1.000000
vt 0.031250 0.500000
vt 0.546875 1.000000
vt 0.421875 1.000000
vt 0.078125 1.000000
vt 0.296875 1.000000
vt 0.218750 0.500000
vt 0.203125 1.000000
vt 0.968750 0.500000
vt 0.953125 1.000000
vt 0.772961 0.483127
vt 0.931082 0.398610
vt 0.983127 0.227039
vt 0.898610 0.068918
vt 0.750000 0.013074
vt 0.601390 0.068918
vt 0.528269 0.158156
vt 0.513074 0.250000
vt 0.528269 0.341844
vt 0.601390 0.431082
vt 0.750000 0.480848
vt 0.727039 0.016873
vt 0.582468 0.082468
vt 0.582468 0.417532
vt 0.727039 0.483127
vt 0.913234 0.413234
vt 0.878252 0.058057
vt 0.703778 0.017627
vt 0.234375 1.000000
vt 0.658156 0.028269
vt 0.519164 0.219385
vt 0.658156 0.471731
vt 0.795036 0.476412
vt 0.946997 0.381629
vt 0.917532 0.082468
vt 0.772961 0.016873
vt 0.718750 0.500000
vt 0.703125 1.000000
vt 0.843750 0.500000
vt 0.828125 1.000000
s 1
usemtl Material.001
f 2262/203/1300 2263/204/1300 2265/205/1300 2264/206/1300
f 2264/207/1301 2265/208/1301 2267/209/1301 2266/210/1301
f 2266/211/1302 2267/212/1302 2269/213/1302 2268/214/1302
f 2268/215/1303 2269/216/1303 2271/217/1303 2270/218/1303
f 2270/219/1304 2271/220/1304 2273/221/1304 2272/222/1304
f 2272/223/1305 2273/224/1305 2275/225/1305 2274/226/1305
f 2274/227/1306 2275/228/1306 2277/229/1306 2276/230/1306
f 2276/230/1307 2277/229/1307 2263/231/1307 2262/232/1307
f 2263/233/1308 2277/234/1308 2275/235/1308 2273/236/1308 2271/237/1308 2269/238/1308 2267/239/1308 2265/240/1308
f 2262/241/1309 2264/242/1309 2266/243/1309 2268/244/1309 2270/245/1309 2272/246/1309 2274/247/1309 2276/248/1309
f 2263/249/1310 2278/250/1310 2265/203/1310
f 2265/251/1311 2278/204/1311 2279/205/1311
f 2265/252/1312 2279/253/1313 2267/207/1314
f 2267/254/1314 2279/208/1313 2280/209/1314
f 2267/255/1315 2280/256/1315 2269/211/1315
f 2269/257/1316 2280/212/1316 2281/213/1316
f 2269/258/1317 2281/259/1318 2271/260/1319
f 2271/261/1319 2281/216/1318 2282/217/1320
f 2271/262/1321 2282/263/1321 2273/264/1321
f 2273/265/1322 2282/220/1322 2283/221/1322
f 2273/266/1323 2283/267/1323 2275/268/1323
f 2275/269/1324 2283/224/1324 2284/225/1324
f 2275/270/1325 2284/271/1325 2277/227/1325
f 2277/272/1326 2284/228/1326 2285/229/1326
f 2277/273/1327 2285/229/1327 2278/231/1327
f 2278/233/1328 2285/234/1328 2284/235/1328 2283/236/1328 2282/237/1328 2281/238/1328 2280/239/1328 2279/240/1328
f 2277/274/1329 2278/275/1329 2263/276/1329
f 2278/249/1330 2286/250/1331 2279/203/1332
f 2279/251/1332 2286/204/1331 2287/205/1333
f 2279/252/1334 2287/253/1335 2280/207/1334
f 2280/254/1334 2287/208/1335 2288/209/1335
f 2280/255/1336 2288/256/1337 2281/211/1336
f 2281/257/1336 2288/212/1337 2289/213/1337
f 2281/260/1338 2289/277/1338 2282/215/1338
f 2282/261/1338 2289/216/1338 2290/217/1338
f 2282/264/1339 2290/278/1340 2283/219/1341
f 2283/265/1341 2290/220/1340 2291/221/1342
f 2283/266/1343 2291/267/1343 2284/268/1343
f 2284/269/1344 2291/224/1344 2292/225/1344
f 2284/270/1345 2292/271/1345 2285/227/1345
f 2285/272/1346 2292/228/1346 2293/229/1346
f 2285/273/1347 2293/229/1347 2286/231/1347
f 2285/232/1348 2286/279/1348 2278/274/1348
f 2286/233/1349 2293/234/1349 2292/235/1349 2291/236/1349 2290/237/1349 2289/238/1349 2288/239/1349 2287/240/1349
f 2286/249/1350 2294/250/1350 2287/203/1350
f 2287/251/1351 2294/204/1351 2295/205/1351
f 2287/252/1352 2295/253/1352 2288/207/1352
f 2288/254/1353 2295/208/1353 2296/209/1353
f 2288/255/1354 2296/256/1355 2289/211/1356
f 2289/257/1356 2296/212/1355 2297/213/1357
f 2289/260/1358 2297/277/1359 2290/215/1359
f 2290/261/1359 2297/216/1359 2298/217/1359
f 2290/264/1360 2298/278/1361 2291/219/1362
f 2291/265/1362 2298/220/1361 2299/221/1363
f 2291/268/1364 2299/280/1365 2292/223/1366
f 2292/269/1366 2299/224/1365 2300/225/1367
f 2292/281/1368 2300/282/1368 2293/270/1368
f 2293/272/1369 2300/228/1369 2301/229/1369
f 2293/273/1370 2301/229/1370 2294/231/1370
f 2293/232/1371 2294/279/1371 2286/274/1371
f 2294/233/1372 2301/234/1372 2300/235/1372 2299/236/1372 2298/237/1372 2297/238/1372 2296/239/1372 2295/240/1372
f 2294/283/1373 2302/284/1374 2295/249/1375
f 2295/251/1375 2302/204/1374 2303/205/1376
f 2295/252/1377 2303/253/1378 2296/207/1379
f 2296/254/1379 2303/208/1378 2304/209/1380
f 2296/255/1381 2304/256/1382 2297/211/1383
f 2297/257/1383 2304/212/1382 2305/213/1384
f 2297/260/1385 2305/277/1386 2298/215/1385
f 2298/261/1385 2305/216/1386 2306/217/1387
f 2298/264/1388 2306/278/1389 2299/219/1388
f 2299/265/1388 2306/220/1389 2307/221/1390
f 2299/268/1391 2307/280/1392 2300/223/1393
f 2300/269/1393 2307/224/1392 2308/225/1394
f 2300/281/1395 2308/282/1395 2301/270/1395
f 2301/272/1396 2308/228/1396 2309/229/1396
f 2301/273/1397 2309/229/1397 2302/231/1397
f 2301/232/1398 2302/279/1398 2294/274/1398
f 2302/233/1399 2309/234/1399 2308/235/1399 2307/236/1399 2306/237/1399 2305/238/1399 2304/239/1399 2303/240/1399
f 2302/283/1400 2310/284/1400 2303/249/1400
f 2303/251/1401 2310/204/1401 2311/205/1401
f 2303/252/1402 2311/253/1402 2304/207/1402
f 2304/254/1403 2311/208/1403 2312/209/1403
f 2304/255/1404 2312/256/1405 2305/211/1404
f 2305/257/1404 2312/212/1405 2313/213/1405
f 2305/260/1406 2313/277/1407 2306/215/1408
f 2306/261/1408 2313/216/1407 2314/217/1409
f 2306/264/1410 2314/278/1410 2307/219/1410
f 2307/265/1411 2314/220/1411 2315/221/1411
f 2307/268/1412 2315/280/1412 2308/223/1412
f 2308/269/1413 2315/224/1413 2316/225/1413
f 2308/281/1414 2316/282/1415 2309/270/1416
f 2309/272/1416 2316/228/1415 2317/229/1417
f 2309/273/1418 2317/229/1418 2310/231/1418
f 2309/232/1419 2310/279/1419 2302/274/1419
f 2310/233/1420 2317/234/1420 2316/235/1420 2315/236/1420 2314/237/1420 2313/238/1420 2312/239/1420 2311/240/1420
f 2310/249/1421 2318/250/1421 2311/203/1421
f 2311/251/1422 2318/204/1422 2319/205/1422
f 2311/252/1423 2319/253/1423 2312/207/1423
f 2312/254/1423 2319/208/1423 2320/209/1423
f 2312/255/1424 2320/256/1425 2313/211/1426
f 2313/257/1426 2320/212/1425 2321/213/1427
f 2313/260/1428 2321/277/1429 2314/215/1430
f 2314/261/1430 2321/216/1429 2322/217/1431
f 2314/262/1432 2322/263/1432 2315/264/1432
f 2315/265/1433 2322/220/1433 2323/221/1433
f 2315/266/1434 2323/267/1434 2324/268/1434
f 2324/268/1435 2323/280/1435 2316/223/1435
f 2316/269/1436 2323/224/1436 2325/225/1436
f 2316/281/1437 2325/282/1437 2326/270/1437
f 2326/270/1438 2325/271/1438 2317/227/1438
f 2317/272/1439 2325/228/1439 2327/229/1439
f 2317/273/1440 2327/229/1440 2318/231/1440
f 2318/233/1441 2327/234/1441 2325/235/1441 2323/236/1441 2322/237/1441 2321/238/1441 2320/239/1441 2319/240/1441
f 2317/274/1442 2318/275/1442 2310/276/1442
f 2310/285/1443 2311/286/1443 2312/287/1443 2313/288/1443 2314/289/1443 2315/290/1443 2324/291/1443 2316/292/1443 2326/293/1443 2317/294/1443
f 2318/249/1444 2328/250/1444 2319/203/1444
f 2319/251/1445 2328/204/1445 2329/205/1445
f 2319/252/1446 2329/253/1446 2320/207/1446
f 2320/254/1447 2329/208/1447 2330/209/1447
f 2320/255/1448 2330/256/1449 2321/211/1450
f 2321/257/1450 2330/212/1449 2331/213/1451
f 2321/260/1452 2331/277/1453 2322/215/1452
f 2322/261/1452 2331/216/1453 2332/217/1454
f 2322/264/1455 2332/278/1456 2323/219/1457
f 2323/265/1457 2332/220/1456 2333/221/1458
f 2323/266/1459 2333/267/1459 2334/268/1459
f 2334/268/1460 2333/280/1460 2325/223/1460
f 2325/269/1461 2333/224/1461 2335/225/1461
f 2325/281/1462 2335/282/1462 2336/270/1462
f 2336/270/1463 2335/271/1463 2327/227/1463
f 2327/272/1464 2335/228/1464 2337/229/1464
f 2327/273/1465 2337/229/1465 2328/231/1465
f 2327/232/1466 2328/279/1466 2318/274/1466
f 2328/233/1467 2337/234/1467 2335/235/1467 2333/236/1467 2332/237/1467 2331/238/1467 2330/239/1467 2329/240/1467
f 2318/295/1468 2319/286/1468 2320/287/1468 2321/288/1468 2322/296/1468 2323/297/1468 2334/291/1468 2325/292/1468 2336/293/1468 2327/298/1468
f 2328/283/1469 2338/284/1469 2329/249/1469
f 2329/251/1470 2338/204/1470 2339/205/1470
f 2329/252/1471 2339/253/1471 2330/207/1471
f 2330/254/1472 2339/208/1472 2340/209/1472
f 2330/255/1473 2340/256/1474 2331/211/1475
f 2331/257/1475 2340/212/1474 2341/213/1476
f 2331/260/1477 2341/277/1478 2332/215/1477
f 2332/261/1477 2341/216/1478 2342/217/1478
f 2332/264/1479 2342/278/1480 2333/219/1481
f 2333/265/1481 2342/220/1480 2343/221/1482
f 2333/268/1483 2343/280/1484 2335/223/1485
f 2335/269/1485 2343/224/1484 2344/225/1486
f 2335/281/1487 2344/282/1487 2337/270/1487
f 2337/272/1488 2344/228/1488 2345/229/1488
f 2337/273/1489 2345/229/1489 2338/231/1489
f 2337/232/1490 2338/279/1490 2328/274/1490
f 2338/233/1491 2345/234/1491 2344/235/1491 2343/236/1491 2342/237/1491 2341/238/1491 2340/239/1491 2339/240/1491
f 2338/249/1492 2346/250/1492 2339/203/1492
f 2339/251/1493 2346/204/1493 2347/205/1493
f 2339/252/1494 2347/253/1495 2340/207/1495
f 2340/254/1495 2347/208/1495 2348/209/1496
f 2340/255/1497 2348/256/1498 2341/211/1499
f 2341/257/1499 2348/212/1498 2349/213/1498
f 2341/260/1500 2349/277/1501 2342/215/1502
f 2342/261/1502 2349/216/1501 2350/217/1503
f 2342/264/1504 2350/278/1504 2343/219/1504
f 2343/265/1505 2350/220/1505 2351/221/1505
f 2343/266/1506 2351/267/1506 2352/268/1506
f 2352/268/1507 2351/280/1507 2344/223/1507
f 2344/269/1508 2351/224/1508 2353/225/1508
f 2344/281/1509 2353/282/1509 2354/270/1509
f 2354/270/1510 2353/271/1510 2345/227/1510
f 2345/272/1511 2353/228/1511 2355/229/1511
f 2345/273/1512 2355/229/1512 2346/231/1512
f 2345/232/1513 2346/279/1513 2338/274/1513
f 2346/233/1514 2355/234/1514 2353/235/1514 2351/236/1514 2350/237/1514 2349/238/1514 2348/239/1514 2347/240/1514
f 2338/295/1515 2339/286/1515 2340/287/1515 2341/288/1515 2342/296/1515 2343/297/1515 2352/291/1515 2344/292/1515 2354/293/1515 2345/298/1515
f 2346/249/1516 2356/250/1516 2347/203/1516
f 2347/251/1517 2356/204/1517 2357/205/1517
f 2347/252/1518 2357/253/1518 2348/207/1518
f 2348/254/1519 2357/208/1519 2358/209/1519
f 2348/255/1520 2358/256/1520 2349/211/1520
f 2349/257/1521 2358/212/1521 2359/213/1521
f 2349/260/1522 2359/277/1522 2350/215/1522
f 2350/261/1523 2359/216/1523 2360/217/1523
f 2350/262/1524 2360/263/1524 2351/264/1524
f 2351/265/1525 2360/220/1525 2361/221/1525
f 2351/266/1526 2361/267/1526 2362/268/1526
f 2362/268/1527 2361/280/1527 2353/223/1527
f 2353/269/1528 2361/224/1528 2363/225/1528
f 2353/281/1529 2363/282/1529 2364/270/1529
f 2364/270/1530 2363/271/1530 2355/227/1530
f 2355/272/1531 2363/228/1531 2365/229/1531
f 2355/273/1532 2365/229/1532 2356/231/1532
f 2356/233/1533 2365/234/1533 2363/235/1533 2361/236/1533 2360/237/1533 2359/238/1533 2358/239/1533 2357/240/1533
f 2355/274/1534 2356/275/1534 2346/276/1534
f 2346/285/1535 2347/286/1535 2348/287/1535 2349/288/1535 2350/289/1535 2351/290/1535 2362/291/1535 2353/292/1535 2364/293/1535 2355/294/1535
f 2356/283/1536 2366/284/1536 2357/249/1536
f 2357/251/1537 2366/204/1537 2367/205/1537
f 2357/252/1538 2367/253/1538 2358/207/1538
f 2358/254/1539 2367/208/1539 2368/209/1539
f 2358/255/1540 2368/256/1540 2359/211/1540
f 2359/257/1541 2368/212/1541 2369/213/1541
f 2359/215/1542 2369/216/1542 2370/217/1542 2360/218/1542
f 2360/264/1543 2370/278/1543 2361/219/1543
f 2361/265/1544 2370/220/1544 2371/221/1544
f 2361/266/1545 2371/267/1545 2372/268/1545
f 2372/268/1546 2371/280/1546 2363/223/1546
f 2363/269/1547 2371/224/1547 2373/225/1547
f 2363/281/1548 2373/282/1548 2374/270/1548
f 2374/270/1549 2373/271/1549 2365/227/1549
f 2365/272/1550 2373/228/1550 2375/229/1550
f 2365/273/1551 2375/229/1551 2366/231/1551
f 2365/232/1552 2366/279/1552 2356/274/1552
f 2366/233/1553 2375/234/1553 2373/235/1553 2371/236/1553 2370/237/1553 2369/238/1553 2368/239/1553 2367/240/1553
f 2356/299/1554 2357/300/1554 2358/287/1554 2359/301/1554 2360/302/1554 2361/297/1554 2372/291/1554 2363/292/1554 2374/293/1554 2365/298/1554
f 2366/249/1555 2376/250/1556 2367/203/1557
f 2367/251/1557 2376/204/1556 2377/205/1558
f 2367/252/1559 2377/253/1560 2368/207/1559
f 2368/254/1559 2377/208/1560 2378/209/1560
f 2368/255/1561 2378/256/1562 2369/211/1563
f 2369/257/1563 2378/212/1562 2379/213/1564
f 2369/260/1565 2379/277/1566 2370/215/1567
f 2370/261/1567 2379/216/1566 2380/217/1568
f 2370/262/1569 2380/263/1569 2381/264/1569
f 2381/264/1570 2380/278/1570 2371/219/1570
f 2371/265/1571 2380/220/1571 2382/221/1571
f 2371/266/1572 2382/267/1572 2383/268/1572
f 2383/223/1573 2382/224/1573 2384/225/1573 2373/226/1573
f 2373/226/1574 2384/303/1574 2383/281/1574
f 2383/281/1575 2384/282/1575 2385/270/1575
f 2385/270/1576 2384/271/1576 2375/227/1576
f 2375/272/1577 2384/228/1577 2386/229/1577
f 2375/273/1578 2386/229/1578 2376/231/1578
f 2375/232/1579 2376/279/1579 2387/274/1579
f 2376/233/1580 2386/234/1580 2384/235/1580 2382/236/1580 2380/237/1580 2379/238/1580 2378/239/1580 2377/240/1580
f 2387/274/1581 2376/275/1581 2366/276/1581
f 2366/285/1582 2367/286/1582 2368/287/1582 2369/288/1582 2370/289/1582 2381/304/1582 2371/297/1582 2383/305/1582 2385/293/1582 2375/298/1582 2387/306/1582
f 2376/249/1583 2388/250/1583 2377/203/1583
f 2377/251/1584 2388/204/1584 2389/205/1584
f 2377/252/1585 2389/253/1585 2378/207/1585
f 2378/254/1586 2389/208/1586 2390/209/1586
f 2378/255/1587 2390/256/1587 2379/211/1587
f 2379/257/1588 2390/212/1588 2391/213/1588
f 2379/260/1589 2391/277/1589 2380/215/1589
f 2380/261/1590 2391/216/1590 2392/217/1590
f 2380/262/1591 2392/263/1591 2393/264/1591
f 2393/264/1592 2392/278/1592 2382/219/1592
f 2382/265/1593 2392/220/1593 2394/221/1593
f 2382/266/1594 2394/267/1594 2395/268/1594
f 2395/268/1595 2394/280/1595 2384/223/1595
f 2384/269/1596 2394/224/1596 2396/225/1596
f 2384/281/1597 2396/282/1597 2397/270/1597
f 2397/270/1598 2396/271/1598 2386/227/1598
f 2386/272/1599 2396/228/1599 2398/229/1599
f 2386/273/1600 2398/229/1600 2388/231/1600
f 2386/232/1601 2388/279/1601 2399/274/1601
f 2388/233/1602 2398/234/1602 2396/235/1602 2394/236/1602 2392/237/1602 2391/238/1602 2390/239/1602 2389/240/1602
f 2399/274/1603 2388/275/1603 2376/276/1603
f 2376/285/1604 2377/286/1604 2378/287/1604 2379/288/1604 2380/289/1604 2393/304/1604 2382/297/1604 2395/291/1604 2384/292/1604 2397/293/1604 2386/298/1604 2399/306/1604
f 2388/283/1605 2400/284/1605 2389/249/1605
f 2389/251/1606 2400/204/1606 2401/205/1606
f 2389/252/1607 2401/253/1607 2390/207/1607
f 2390/254/1608 2401/208/1608 2402/209/1608
f 2390/255/1609 2402/256/1609 2391/211/1609
f 2391/257/1610 2402/212/1610 2403/213/1610
f 2391/215/1611 2403/216/1611 2404/217/1611 2392/218/1611
f 2392/264/1612 2404/278/1612 2394/219/1612
f 2394/265/1613 2404/220/1613 2405/221/1613
f 2394/266/1614 2405/267/1615 2406/268/1616
f 2406/223/1616 2405/224/1615 2407/225/1617 2396/226/1617
f 2396/226/1618 2407/303/1618 2406/281/1618
f 2406/281/1619 2407/282/1619 2408/270/1619
f 2408/270/1620 2407/271/1620 2398/227/1620
f 2398/272/1621 2407/228/1621 2409/229/1621
f 2398/273/1622 2409/229/1622 2400/231/1622
f 2398/232/1623 2400/279/1623 2388/274/1623
f 2400/233/1624 2409/234/1624 2407/235/1624 2405/236/1624 2404/237/1624 2403/238/1624 2402/239/1624 2401/240/1624
f 2388/299/1625 2389/300/1625 2390/287/1625 2391/301/1625 2392/302/1625 2394/297/1625 2406/305/1625 2408/293/1625 2398/298/1625
f 2400/203/1626 2410/204/1626 2411/205/1626 2401/206/1626
f 2401/252/1627 2411/253/1627 2402/207/1627
f 2402/254/1628 2411/208/1628 2412/209/1628
f 2402/255/1629 2412/256/1629 2403/211/1629
f 2403/257/1630 2412/212/1630 2413/213/1630
f 2403/258/1631 2413/259/1631 2404/260/1631
f 2404/261/1632 2413/216/1632 2414/217/1632
f 2404/262/1633 2414/263/1633 2405/264/1633
f 2405/265/1634 2414/220/1634 2415/221/1634
f 2405/266/1635 2415/267/1635 2416/268/1635
f 2416/268/1636 2415/280/1636 2407/223/1636
f 2407/269/1637 2415/224/1637 2417/225/1637
f 2407/281/1638 2417/282/1638 2418/270/1638
f 2418/270/1639 2417/271/1639 2409/227/1639
f 2409/272/1640 2417/228/1640 2419/229/1640
f 2409/273/1641 2419/229/1641 2410/231/1641
f 2410/233/1642 2419/234/1642 2417/235/1642 2415/236/1642 2414/237/1642 2413/238/1642 2412/239/1642 2411/240/1642
f 2409/274/1643 2410/275/1643 2400/276/1643
f 2400/307/1644 2401/308/1644 2402/287/1644 2403/309/1644 2404/310/1644 2405/290/1644 2416/291/1644 2407/292/1644 2418/293/1644 2409/294/1644
f 2410/249/1645 2420/250/1645 2411/203/1645
f 2411/251/1646 2420/204/1646 2421/205/1646
f 2411/252/1647 2421/253/1648 2412/207/1647
f 2412/254/1647 2421/208/1648 2422/209/1649
f 2412/255/1650 2422/256/1651 2413/211/1652
f 2413/257/1652 2422/212/1651 2423/213/1653
f 2413/260/1654 2423/277/1654 2414/215/1654
f 2414/261/1655 2423/216/1655 2424/217/1655
f 2414/262/1656 2424/263/1656 2415/264/1656
f 2415/265/1657 2424/220/1657 2425/221/1657
f 2415/266/1658 2425/267/1658 2426/268/1658
f 2426/268/1659 2425/280/1659 2417/223/1659
f 2417/269/1660 2425/224/1660 2427/225/1660
f 2417/281/1661 2427/282/1661 2428/270/1661
f 2428/270/1662 2427/271/1662 2419/227/1662
f 2419/272/1663 2427/228/1663 2429/229/1663
f 2419/273/1664 2429/229/1664 2420/231/1664
f 2420/233/1665 2429/234/1665 2427/235/1665 2425/236/1665 2424/237/1665 2423/238/1665 2422/239/1665 2421/240/1665
f 2419/274/1666 2420/275/1666 2410/276/1666
f 2410/285/1667 2411/286/1667 2412/287/1667 2413/288/1667 2414/289/1667 2415/290/1667 2426/291/1667 2417/292/1667 2428/293/1667 2419/294/1667
f 2420/249/1668 2430/250/1668 2421/203/1668
f 2421/251/1669 2430/204/1669 2431/205/1669
f 2421/252/1670 2431/253/1671 2422/207/1670
f 2422/254/1670 2431/208/1671 2432/209/1671
f 2422/255/1672 2432/256/1672 2423/211/1672
f 2423/257/1673 2432/212/1673 2433/213/1673
f 2423/260/1674 2433/277/1674 2424/215/1674
f 2424/261/1675 2433/216/1675 2434/217/1675
f 2424/264/1676 2434/278/1676 2425/219/1676
f 2425/265/1677 2434/220/1677 2435/221/1677
f 2425/266/1678 2435/267/1678 2436/268/1678
f 2436/268/1679 2435/280/1679 2427/223/1679
f 2427/269/1680 2435/224/1680 2437/225/1680
f 2427/281/1681 2437/282/1681 2438/270/1681
f 2438/270/1682 2437/271/1682 2429/227/1682
f 2429/272/1683 2437/228/1683 2439/229/1683
f 2429/273/1684 2439/229/1684 2430/231/1684
f 2429/232/1685 2430/279/1685 2420/274/1685
f 2430/233/1686 2439/234/1686 2437/235/1686 2435/236/1686 2434/237/1686 2433/238/1686 2432/239/1686 2431/240/1686
f 2420/295/1687 2421/286/1687 2422/287/1687 2423/288/1687 2424/296/1687 2425/297/1687 2436/291/1687 2427/292/1687 2438/293/1687 2429/298/1687
f 2430/249/1688 2440/250/1688 2431/203/1688
f 2431/251/1689 2440/204/1689 2441/205/1689
f 2431/252/1690 2441/253/1691 2432/207/1690
f 2432/254/1690 2441/208/1691 2442/209/1691
f 2432/255/1692 2442/256/1692 2433/211/1692
f 2433/257/1693 2442/212/1693 2443/213/1693
f 2433/258/1694 2443/259/1694 2434/260/1694
f 2434/261/1695 2443/216/1695 2444/217/1695
f 2434/262/1696 2444/263/1696 2435/264/1696
f 2435/265/1697 2444/220/1697 2445/221/1697
f 2435/266/1698 2445/267/1698 2446/268/1698
f 2446/268/1699 2445/280/1699 2437/223/1699
f 2437/269/1700 2445/224/1700 2447/225/1700
f 2437/281/1701 2447/282/1701 2448/270/1701
f 2448/270/1702 2447/271/1702 2439/227/1702
f 2439/272/1703 2447/228/1703 2449/229/1703
f 2439/273/1704 2449/229/1704 2440/231/1704
f 2440/233/1705 2449/234/1705 2447/235/1705 2445/236/1705 2444/237/1705 2443/238/1705 2442/239/1705 2441/240/1705
f 2439/274/1706 2440/275/1706 2430/276/1706
f 2430/285/1707 2431/286/1707 2432/287/1707 2433/309/1707 2434/310/1707 2435/290/1707 2446/291/1707 2437/292/1707 2448/293/1707 2439/294/1707
f 2440/249/1708 2450/250/1709 2441/203/1710
f 2441/251/1710 2450/204/1709 2451/205/1711
f 2441/252/1712 2451/253/1712 2442/207/1712
f 2442/254/1712 2451/208/1712 2452/209/1712
f 2442/255/1713 2452/256/1714 2443/211/1715
f 2443/257/1715 2452/212/1714 2453/213/1714
f 2443/260/1716 2453/277/1716 2444/215/1716
f 2444/261/1716 2453/216/1716 2454/217/1716
f 2444/264/1717 2454/278/1718 2445/219/1719
f 2445/265/1719 2454/220/1718 2455/221/1720
f 2445/266/1721 2455/267/1721 2456/268/1721
f 2456/268/1722 2455/280/1722 2447/223/1722
f 2447/269/1723 2455/224/1723 2457/225/1723
f 2447/281/1724 2457/282/1724 2458/270/1724
f 2458/270/1725 2457/271/1725 2449/227/1725
f 2449/272/1726 2457/228/1726 2459/229/1726
f 2449/273/1727 2459/229/1727 2450/231/1727
f 2449/232/1728 2450/279/1728 2440/274/1728
f 2450/233/1729 2459/234/1729 2457/235/1729 2455/236/1729 2454/237/1729 2453/238/1729 2452/239/1729 2451/240/1729
f 2440/295/1730 2441/286/1730 2442/287/1730 2443/288/1730 2444/296/1730 2445/297/1730 2456/291/1730 2447/292/1730 2458/293/1730 2449/298/1730
f 2450/249/1731 2460/250/1731 2451/203/1731
f 2451/251/1732 2460/204/1732 2461/205/1732
f 2451/252/1733 2461/253/1734 2452/207/1733
f 2452/254/1733 2461/208/1734 2462/209/1734
f 2452/255/1735 2462/256/1736 2453/211/1737
f 2453/257/1737 2462/212/1736 2463/213/1738
f 2453/260/1739 2463/277/1739 2454/215/1739
f 2454/261/1740 2463/216/1740 2464/217/1740
f 2454/264/1741 2464/278/1741 2455/219/1741
f 2455/265/1742 2464/220/1742 2465/221/1742
f 2455/268/1743 2465/280/1743 2457/223/1743
f 2457/269/1744 2465/224/1744 2466/225/1744
f 2457/281/1745 2466/282/1745 2459/270/1745
f 2459/272/1746 2466/228/1746 2467/229/1746
f 2459/273/1747 2467/229/1747 2460/231/1747
f 2459/232/1748 2460/279/1748 2450/274/1748
f 2460/233/1749 2467/234/1749 2466/235/1749 2465/236/1749 2464/237/1749 2463/238/1749 2462/239/1749 2461/240/1749
f 2460/249/1750 2468/250/1750 2461/203/1750
f 2461/251/1751 2468/204/1751 2469/205/1751
f 2461/252/1752 2469/253/1753 2462/207/1752
f 2462/254/1752 2469/208/1753 2470/209/1753
f 2462/255/1754 2470/256/1755 2463/211/1754
f 2463/257/1754 2470/212/1755 2471/213/1756
f 2463/260/1757 2471/277/1757 2464/215/1757
f 2464/261/1758 2471/216/1758 2472/217/1758
f 2464/262/1759 2472/263/1759 2465/264/1759
f 2465/265/1760 2472/220/1760 2473/221/1760
f 2465/266/1761 2473/267/1761 2466/268/1761
f 2466/269/1762 2473/224/1762 2474/225/1762
f 2466/270/1763 2474/271/1764 2467/227/1765
f 2467/272/1765 2474/228/1764 2475/229/1766
f 2467/273/1767 2475/229/1767 2468/231/1767
f 2468/233/1768 2475/234/1768 2474/235/1768 2473/236/1768 2472/237/1768 2471/238/1768 2470/239/1768 2469/240/1768
f 2467/274/1769 2468/275/1769 2460/276/1769
f 2468/249/1770 2476/250/1771 2469/203/1772
f 2469/251/1772 2476/204/1771 2477/205/1773
f 2469/252/1753 2477/253/1753 2470/207/1753
f 2470/254/1753 2477/208/1753 2478/209/1753
f 2470/255/1756 2478/256/1774 2471/211/1756
f 2471/257/1756 2478/212/1774 2479/213/1775
f 2471/260/1776 2479/277/1776 2472/215/1776
f 2472/261/1776 2479/216/1776 2480/217/1776
f 2472/264/1777 2480/278/1778 2473/219/1778
f 2473/265/1778 2480/220/1778 2481/221/1779
f 2473/268/1780 2481/280/1780 2474/223/1780
f 2474/269/1780 2481/224/1780 2482/225/1780
f 2474/270/1781 2482/271/1781 2475/227/1781
f 2475/272/1782 2482/228/1782 2483/229/1782
f 2475/273/1783 2483/229/1783 2476/231/1783
f 2475/232/1784 2476/279/1784 2468/274/1784
f 2476/233/1785 2483/234/1785 2482/235/1785 2481/236/1785 2480/237/1785 2479/238/1785 2478/239/1785 2477/240/1785
f 2476/249/1786 2484/250/1787 2477/203/1786
f 2477/251/1786 2484/204/1787 2485/205/1787
f 2477/252/1788 2485/253/1788 2478/207/1788
f 2478/254/1788 2485/208/1788 2486/209/1788
f 2478/255/1789 2486/256/1790 2479/211/1789
f 2479/257/1789 2486/212/1790 2487/213/1790
f 2479/260/1791 2487/277/1791 2480/215/1791
f 2480/261/1791 2487/216/1791 2488/217/1791
f 2480/264/1792 2488/278/1793 2481/219/1792
f 2481/265/1792 2488/220/1793 2489/221/1793
f 2481/268/1794 2489/280/1794 2482/223/1794
f 2482/269/1794 2489/224/1794 2490/225/1794
f 2482/270/1795 2490/271/1796 2483/227/1797
f 2483/272/1797 2490/228/1796 2491/229/1798
f 2483/273/1799 2491/229/1799 2484/231/1799
f 2483/232/1800 2484/279/1800 2476/274/1800
f 2484/233/1801 2491/234/1801 2490/235/1801 2489/236/1801 2488/237/1801 2487/238/1801 2486/239/1801 2485/240/1801
f 2484/249/1802 2492/250/1803 2485/203/1802
f 2485/251/1802 2492/204/1803 2493/205/1803
f 2485/252/1804 2493/253/1804 2486/207/1804
f 2486/254/1804 2493/208/1804 2494/209/1804
f 2486/255/1805 2494/256/1805 2487/211/1805
f 2487/257/1805 2494/212/1805 2495/213/1805
f 2487/260/1806 2495/277/1806 2488/215/1806
f 2488/261/1806 2495/216/1806 2496/217/1807
f 2488/264/1808 2496/278/1808 2489/219/1808
f 2489/265/1808 2496/220/1808 2497/221/1808
f 2489/268/1809 2497/280/1810 2490/223/1809
f 2490/269/1809 2497/224/1810 2498/225/1810
f 2490/270/1811 2498/271/1812 2491/227/1813
f 2491/272/1813 2498/228/1812 2499/229/1814
f 2491/273/1815 2499/229/1815 2492/231/1815
f 2491/232/1816 2492/279/1816 2484/274/1816
f 2492/233/1817 2499/234/1817 2498/235/1817 2497/236/1817 2496/237/1817 2495/238/1817 2494/239/1817 2493/240/1817
f 2492/249/1818 2500/250/1819 2493/203/1818
f 2493/251/1818 2500/204/1819 2501/205/1819
f 2493/252/1820 2501/253/1820 2494/207/1820
f 2494/254/1820 2501/208/1820 2502/209/1820
f 2494/255/1821 2502/256/1821 2495/211/1821
f 2495/257/1821 2502/212/1821 2503/213/1821
f 2495/260/1822 2503/277/1822 2496/215/1822
f 2496/261/1822 2503/216/1822 2504/217/1822
f 2496/264/1823 2504/278/1823 2497/219/1823
f 2497/265/1823 2504/220/1823 2505/221/1823
f 2497/268/1824 2505/280/1824 2498/223/1824
f 2498/269/1824 2505/224/1824 2506/225/1824
f 2498/270/1825 2506/271/1826 2499/227/1825
f 2499/272/1825 2506/228/1826 2507/229/1827
f 2499/273/1828 2507/229/1828 2500/231/1828
f 2499/232/1829 2500/279/1829 2492/274/1829
f 2500/233/1830 2507/234/1830 2506/235/1830 2505/236/1830 2504/237/1830 2503/238/1830 2502/239/1830 2501/240/1830
f 2500/249/1831 2508/250/1831 2501/203/1831
f 2501/251/1831 2508/204/1831 2509/205/1832
f 2501/252/1833 2509/253/1833 2502/207/1833
f 2502/254/1833 2509/208/1833 2510/209/1833
f 2502/255/1834 2510/256/1835 2503/211/1834
f 2503/257/1834 2510/212/1835 2511/213/1835
f 2503/260/1807 2511/277/1807 2504/215/1807
f 2504/261/1807 2511/216/1807 2512/217/1807
f 2504/264/1836 2512/278/1836 2505/219/1836
f 2505/265/1836 2512/220/1836 2513/221/1836
f 2505/268/1837 2513/280/1837 2506/223/1837
f 2506/269/1837 2513/224/1837 2514/225/1837
f 2506/270/1838 2514/271/1839 2507/227/1840
f 2507/272/1840 2514/228/1839 2515/229/1839
f 2507/273/1841 2515/229/1841 2508/231/1841
f 2507/232/1842 2508/279/1842 2500/274/1842
f 2508/233/1843 2515/234/1843 2514/235/1843 2513/236/1843 2512/237/1843 2511/238/1843 2510/239/1843 2509/240/1843
f 2508/249/1844 2516/250/1786 2509/203/1845
f 2509/251/1845 2516/204/1786 2517/205/1846
f 2509/252/1847 2517/253/1847 2510/207/1847
f 2510/254/1847 2517/208/1847 2518/209/1847
f 2510/255/1848 2518/256/1849 2511/211/1849
f 2511/257/1849 2518/212/1849 2519/213/1849
f 2511/260/1850 2519/277/1850 2512/215/1850
f 2512/261/1850 2519/216/1850 2520/217/1850
f 2512/264/1851 2520/278/1851 2513/219/1851
f 2513/265/1851 2520/220/1851 2521/221/1851
f 2513/268/1852 2521/280/1852 2514/223/1852
f 2514/269/1852 2521/224/1852 2522/225/1852
f 2514/270/1853 2522/271/1854 2515/227/1855
f 2515/272/1855 2522/228/1854 2523/229/1856
f 2515/273/1857 2523/229/1857 2516/231/1857
f 2515/232/1858 2516/279/1858 2508/274/1858
f 2516/233/1859 2523/234/1859 2522/235/1859 2521/236/1859 2520/237/1859 2519/238/1859 2518/239/1859 2517/240/1859
f 2516/249/1860 2524/250/1861 2517/203/1862
f 2517/251/1862 2524/204/1861 2525/205/1863
f 2517/252/1864 2525/253/1864 2518/207/1864
f 2518/254/1864 2525/208/1864 2526/209/1864
f 2518/255/1865 2526/256/1865 2519/211/1865
f 2519/257/1865 2526/212/1865 2527/213/1865
f 2519/260/1866 2527/277/1866 2520/215/1866
f 2520/261/1866 2527/216/1866 2528/217/1866
f 2520/264/1867 2528/278/1867 2521/219/1867
f 2521/265/1867 2528/220/1867 2529/221/1867
f 2521/268/1868 2529/280/1868 2522/223/1868
f 2522/269/1868 2529/224/1868 2530/225/1868
f 2522/270/1869 2530/271/1870 2523/227/1871
f 2523/272/1871 2530/228/1870 2531/229/1872
f 2523/273/1873 2531/229/1873 2524/231/1873
f 2523/232/1874 2524/279/1874 2516/274/1874
f 2524/233/1875 2531/234/1875 2530/235/1875 2529/236/1875 2528/237/1875 2527/238/1875 2526/239/1875 2525/240/1875
f 2524/249/1876 2532/250/1877 2525/203/1878
f 2525/251/1878 2532/204/1877 2533/205/1879
f 2525/252/1864 2533/253/1864 2526/207/1864
f 2526/254/1864 2533/208/1864 2534/209/1864
f 2526/255/1865 2534/256/1880 2527/211/1865
f 2527/257/1865 2534/212/1880 2535/213/1880
f 2527/260/1866 2535/277/1866 2528/215/1866
f 2528/261/1866 2535/216/1866 2536/217/1866
f 2528/264/1867 2536/278/1881 2529/219/1867
f 2529/265/1867 2536/220/1881 2537/221/1881
f 2529/268/1868 2537/280/1882 2530/223/1868
f 2530/269/1868 2537/224/1882 2538/225/1882
f 2530/270/1883 2538/271/1884 2531/227/1885
f 2531/272/1885 2538/228/1884 2539/229/1886
f 2531/273/1887 2539/229/1887 2532/231/1887
f 2531/232/1888 2532/279/1888 2524/274/1888
f 2532/233/1889 2539/234/1889 2538/235/1889 2537/236/1889 2536/237/1889 2535/238/1889 2534/239/1889 2533/240/1889
f 2532/249/1890 2540/250/1891 2533/203/1892
f 2533/251/1892 2540/204/1891 2541/205/1893
f 2533/252/1894 2541/253/1895 2534/207/1894
f 2534/254/1894 2541/208/1895 2542/209/1895
f 2534/255/1896 2542/256/1897 2535/211/1896
f 2535/257/1896 2542/212/1897 2543/213/1897
f 2535/260/1898 2543/277/1898 2536/215/1898
f 2536/261/1898 2543/216/1898 2544/217/1898
f 2536/264/1899 2544/278/1900 2537/219/1899
f 2537/265/1899 2544/220/1900 2545/221/1900
f 2537/268/1901 2545/280/1901 2538/223/1901
f 2538/269/1901 2545/224/1901 2546/225/1901
f 2538/270/1902 2546/271/1903 2539/227/1904
f 2539/272/1904 2546/228/1903 2547/229/1905
f 2539/273/1906 2547/229/1906 2540/231/1906
f 2539/232/1907 2540/279/1907 2532/274/1907
f 2540/233/1908 2547/234/1908 2546/235/1908 2545/236/1908 2544/237/1908 2543/238/1908 2542/239/1908 2541/240/1908
f 2540/249/1909 2548/250/1910 2541/203/1911
f 2541/251/1911 2548/204/1910 2549/205/1912
f 2541/252/1913 2549/253/1913 2542/207/1913
f 2542/254/1913 2549/208/1913 2550/209/1913
f 2542/255/1914 2550/256/1915 2543/211/1914
f 2543/257/1914 2550/212/1915 2551/213/1915
f 2543/260/1916 2551/277/1916 2544/215/1916
f 2544/261/1916 2551/216/1916 2552/217/1916
f 2544/264/1917 2552/278/1917 2545/219/1917
f 2545/265/1917 2552/220/1917 2553/221/1917
f 2545/268/1918 2553/280/1918 2546/223/1918
f 2546/269/1918 2553/224/1918 2554/225/1918
f 2546/270/1919 2554/271/1919 2547/227/1919
f 2547/272/1920 2554/228/1920 2555/229/1920
f 2547/273/1921 2555/229/1921 2548/231/1921
f 2547/232/1922 2548/279/1922 2540/274/1922
f 2548/233/1923 2555/234/1923 2554/235/1923 2553/236/1923 2552/237/1923 2551/238/1923 2550/239/1923 2549/240/1923
f 2548/249/1924 2556/250/1925 2549/203/1926
f 2549/251/1926 2556/204/1925 2557/205/1927
f 2549/252/1928 2557/253/1928 2550/207/1928
f 2550/254/1928 2557/208/1928 2558/209/1928
f 2550/255/1929 2558/256/1930 2551/211/1929
f 2551/257/1929 2558/212/1930 2559/213/1930
f 2551/260/1931 2559/277/1932 2552/215/1931
f 2552/261/1931 2559/216/1932 2560/217/1932
f 2552/264/1933 2560/278/1934 2553/219/1933
f 2553/265/1933 2560/220/1934 2561/221/1934
f 2553/268/1935 2561/280/1935 2554/223/1935
f 2554/269/1935 2561/224/1935 2562/225/1935
f 2554/270/1936 2562/271/1936 2555/227/1936
f 2555/272/1937 2562/228/1937 2563/229/1937
f 2555/273/1938 2563/229/1938 2556/231/1938
f 2555/232/1939 2556/279/1939 2548/274/1939
f 2556/233/1940 2563/234/1940 2562/235/1940 2561/236/1940 2560/237/1940 2559/238/1940 2558/239/1940 2557/240/1940
f 2556/249/1941 2564/250/1942 2557/203/1943
f 2557/251/1943 2564/204/1942 2565/205/1944
f 2557/252/1945 2565/253/1946 2558/207/1945
f 2558/254/1945 2565/208/1946 2566/209/1946
f 2558/255/1947 2566/256/1948 2559/211/1947
f 2559/257/1947 2566/212/1948 2567/213/1948
f 2559/260/1932 2567/277/1949 2560/215/1932
f 2560/261/1932 2567/216/1949 2568/217/1949
f 2560/264/1934 2568/278/1933 2561/219/1950
f 2561/265/1950 2568/220/1933 2569/221/1933
f 2561/268/1951 2569/280/1952 2562/223/1951
f 2562/269/1951 2569/224/1952 2570/225/1952
f 2562/270/1953 2570/271/1953 2563/227/1953
f 2563/272/1954 2570/228/1954 2571/229/1954
f 2563/273/1955 2571/229/1955 2564/231/1955
f 2563/232/1956 2564/279/1956 2556/274/1956
f 2564/233/1957 2571/234/1957 2570/235/1957 2569/236/1957 2568/237/1957 2567/238/1957 2566/239/1957 2565/240/1957
f 2564/249/1958 2572/250/1958 2565/203/1958
f 2565/251/1959 2572/204/1959 2573/205/1959
f 2565/252/1946 2573/253/1946 2566/207/1946
f 2566/254/1960 2573/208/1960 2574/209/1960
f 2566/255/1961 2574/256/1961 2567/211/1961
f 2567/257/1962 2574/212/1962 2575/213/1962
f 2567/260/1963 2575/277/1963 2568/215/1963
f 2568/261/1964 2575/216/1964 2576/217/1964
f 2568/264/1965 2576/278/1965 2569/219/1965
f 2569/265/1966 2576/220/1966 2577/221/1966
f 2569/268/1967 2577/280/1967 2570/223/1967
f 2570/269/1968 2577/224/1968 2578/225/1968
f 2570/270/1969 2578/271/1969 2571/227/1969
f 2571/272/1970 2578/228/1970 2579/229/1970
f 2571/273/1971 2579/229/1971 2572/231/1971
f 2571/232/1972 2572/279/1972 2564/274/1972
f 2572/233/1973 2579/234/1973 2578/235/1973 2577/236/1973 2576/237/1973 2575/238/1973 2574/239/1973 2573/240/1973
f 2572/249/1974 2580/250/1974 2573/203/1974
f 2573/251/1975 2580/204/1975 2581/205/1975
f 2573/252/1976 2581/253/1976 2574/207/1976
f 2574/254/1977 2581/208/1977 2582/209/1977
f 2574/311/1978 2582/312/1979 2575/255/1980
f 2575/257/1980 2582/212/1979 2583/213/1981
f 2575/258/1982 2583/259/1982 2576/260/1982
f 2576/261/1983 2583/216/1983 2584/217/1983
f 2576/262/1984 2584/263/1984 2577/264/1984
f 2577/265/1985 2584/220/1985 2585/221/1985
f 2577/268/1986 2585/280/1986 2578/223/1986
f 2578/269/1987 2585/224/1987 2586/225/1987
f 2578/270/1988 2586/271/1989 2579/227/1990
f 2579/272/1990 2586/228/1989 2587/229/1991
f 2579/273/1992 2587/229/1992 2580/231/1992
f 2580/233/1993 2587/234/1993 2586/235/1993 2585/236/1993 2584/237/1993 2583/238/1993 2582/239/1993 2581/240/1993
f 2579/274/1994 2580/275/1994 2572/276/1994
f 2580/283/1995 2588/284/1995 2581/249/1995
f 2581/251/1996 2588/204/1996 2589/205/1996
f 2581/313/1997 2589/314/1997 2582/252/1997
f 2582/254/1998 2589/208/1998 2590/209/1998
f 2582/255/1999 2590/256/1999 2583/211/1999
f 2583/257/2000 2590/212/2000 2591/213/2000
f 2583/260/2001 2591/277/2002 2584/215/2001
f 2584/261/2001 2591/216/2002 2592/217/2003
f 2584/264/2004 2592/278/2005 2585/219/2006
f 2585/265/2006 2592/220/2005 2593/221/2005
f 2585/268/2007 2593/280/2008 2586/223/2007
f 2586/269/2007 2593/224/2008 2594/225/2008
f 2586/270/2009 2594/271/2009 2587/227/2009
f 2587/272/2010 2594/228/2010 2595/229/2010
f 2587/273/2011 2595/229/2011 2588/231/2011
f 2587/232/2012 2588/279/2012 2580/274/2012
f 2588/233/2013 2595/234/2013 2594/235/2013 2593/236/2013 2592/237/2013 2591/238/2013 2590/239/2013 2589/240/2013
f 2588/249/2014 2596/250/2015 2589/203/2016
f 2589/251/2016 2596/204/2015 2597/205/2017
f 2589/252/2018 2597/253/2019 2590/207/2018
f 2590/254/2018 2597/208/2019 2598/209/2019
f 2590/255/2020 2598/256/2020 2591/211/2020
f 2591/257/2020 2598/212/2020 2599/213/2020
f 2591/260/2001 2599/277/2001 2592/215/2001
f 2592/261/2001 2599/216/2001 2600/217/2001
f 2592/264/2021 2600/278/2021 2593/219/2021
f 2593/265/2021 2600/220/2021 2601/221/2022
f 2593/268/2023 2601/280/2024 2594/223/2023
f 2594/269/2023 2601/224/2024 2602/225/2024
f 2594/270/2025 2602/271/2025 2595/227/2025
f 2595/272/2026 2602/228/2026 2603/229/2026
f 2595/273/2027 2603/229/2027 2596/231/2027
f 2595/232/2028 2596/279/2028 2588/274/2028
f 2596/233/2029 2603/234/2029 2602/235/2029 2601/236/2029 2600/237/2029 2599/238/2029 2598/239/2029 2597/240/2029
f 2596/249/2030 2604/250/2030 2597/203/2030
f 2597/251/2031 2604/204/2031 2605/205/2031
f 2597/252/2032 2605/253/2032 2598/207/2032
f 2598/254/2033 2605/208/2033 2606/209/2033
f 2598/255/2034 2606/256/2034 2599/211/2034
f 2599/257/2035 2606/212/2035 2607/213/2035
f 2599/260/2036 2607/277/2036 2600/215/2036
f 2600/261/2037 2607/216/2037 2608/217/2037
f 2600/264/2038 2608/278/2038 2601/219/2038
f 2601/265/2039 2608/220/2039 2609/221/2039
f 2601/268/2040 2609/280/2040 2602/223/2040
f 2602/269/2041 2609/224/2041 2610/225/2041
f 2602/270/2042 2610/271/2042 2603/227/2042
f 2603/272/2043 2610/228/2043 2611/229/2043
f 2603/273/2044 2611/229/2044 2604/231/2044
f 2603/232/2045 2604/279/2045 2596/274/2045
f 2604/233/2046 2611/234/2046 2610/235/2046 2609/236/2046 2608/237/2046 2607/238/2046 2606/239/2046 2605/240/2046
f 2604/249/2047 2612/250/2047 2605/203/2047
f 2605/251/2048 2612/204/2048 2613/205/2048
f 2605/252/2049 2613/253/2050 2606/207/2051
f 2606/254/2051 2613/208/2050 2614/209/2052
f 2606/311/2053 2614/312/2054 2607/255/2055
f 2607/257/2055 2614/212/2054 2615/213/2056
f 2607/258/2057 2615/259/2057 2608/260/2057
f 2608/261/2058 2615/216/2058 2616/217/2058
f 2608/262/2059 2616/263/2059 2609/264/2059
f 2609/265/2060 2616/220/2060 2617/221/2060
f 2609/268/2061 2617/280/2061 2610/223/2061
f 2610/269/2062 2617/224/2062 2618/225/2062
f 2610/270/2063 2618/271/2063 2611/227/2063
f 2611/272/2064 2618/228/2064 2619/229/2064
f 2611/273/2065 2619/229/2065 2612/231/2065
f 2612/233/2066 2619/234/2066 2618/235/2066 2617/236/2066 2616/237/2066 2615/238/2066 2614/239/2066 2613/240/2066
f 2611/274/2067 2612/275/2067 2604/276/2067
f 2612/249/2068 2620/250/2068 2613/203/2068
f 2613/251/2069 2620/204/2069 2621/205/2069
f 2613/313/2070 2621/314/2070 2614/252/2070
f 2614/254/2071 2621/208/2071 2622/209/2071
f 2614/255/2072 2622/256/2073 2615/211/2074
f 2615/257/2074 2622/212/2073 2623/213/2075
f 2615/260/2076 2623/277/2077 2616/215/2076
f 2616/261/2076 2623/216/2077 2624/217/2077
f 2616/264/2078 2624/278/2079 2617/219/2079
f 2617/265/2079 2624/220/2079 2625/221/2079
f 2617/268/2080 2625/280/2081 2618/223/2080
f 2618/269/2080 2625/224/2081 2626/225/2081
f 2618/270/2082 2626/271/2083 2619/227/2084
f 2619/272/2084 2626/228/2083 2627/229/2085
f 2619/273/2086 2627/229/2086 2620/231/2086
f 2619/232/2087 2620/279/2087 2612/274/2087
f 2620/233/2088 2627/234/2088 2626/235/2088 2625/236/2088 2624/237/2088 2623/238/2088 2622/239/2088 2621/240/2088
f 2620/283/2089 2628/284/2089 2621/249/2089
f 2621/251/2090 2628/204/2090 2629/205/2090
f 2621/313/2091 2629/314/2091 2622/252/2091
f 2622/254/2092 2629/208/2092 2630/209/2092
f 2622/255/2093 2630/256/2093 2623/211/2093
f 2623/257/2094 2630/212/2094 2631/213/2094
f 2623/260/2095 2631/277/2096 2624/215/2095
f 2624/261/2095 2631/216/2096 2632/217/2096
f 2624/264/2097 2632/278/2098 2625/219/2097
f 2625/265/2097 2632/220/2098 2633/221/2098
f 2625/268/2099 2633/280/2100 2626/223/2099
f 2626/269/2099 2633/224/2100 2634/225/2100
f 2626/270/2101 2634/271/2101 2627/227/2101
f 2627/272/2102 2634/228/2102 2635/229/2102
f 2627/273/2103 2635/229/2103 2628/231/2103
f 2627/232/2104 2628/279/2104 2620/274/2104
f 2628/233/2105 2635/234/2105 2634/235/2105 2633/236/2105 2632/237/2105 2631/238/2105 2630/239/2105 2629/240/2105
f 2628/249/2106 2636/250/2107 2629/203/2108
f 2629/251/2108 2636/204/2107 2637/205/2109
f 2629/252/2110 2637/253/2110 2630/207/2110
f 2630/254/2111 2637/208/2111 2638/209/2111
f 2630/255/2112 2638/256/2112 2631/211/2112
f 2631/257/2113 2638/212/2113 2639/213/2113
f 2631/260/2114 2639/277/2114 2632/215/2114
f 2632/261/2115 2639/216/2115 2640/217/2115
f 2632/264/2116 2640/278/2116 2633/219/2116
f 2633/265/2117 2640/220/2117 2641/221/2117
f 2633/268/2118 2641/280/2119 2634/223/2118
f 2634/269/2118 2641/224/2119 2642/225/2119
f 2634/270/2120 2642/271/2120 2635/227/2120
f 2635/272/2121 2642/228/2121 2643/229/2121
f 2635/273/2122 2643/229/2122 2636/231/2122
f 2635/232/2123 2636/279/2123 2628/274/2123
f 2636/233/2124 2643/234/2124 2642/235/2124 2641/236/2124 2640/237/2124 2639/238/2124 2638/239/2124 2637/240/2124
f 2636/249/2125 2644/250/2125 2637/203/2125
f 2637/251/2126 2644/204/2126 2645/205/2126
f 2637/252/2127 2645/253/2128 2638/207/2129
f 2638/254/2129 2645/208/2128 2646/209/2130
f 2638/311/2131 2646/312/2132 2639/255/2133
f 2639/257/2133 2646/212/2132 2647/213/2134
f 2639/258/2135 2647/259/2135 2640/260/2135
f 2640/261/2136 2647/216/2136 2648/217/2136
f 2640/264/2137 2648/278/2137 2641/219/2137
f 2641/265/2138 2648/220/2138 2649/221/2138
f 2641/268/2139 2649/280/2139 2642/223/2139
f 2642/269/2140 2649/224/2140 2650/225/2140
f 2642/270/2141 2650/271/2141 2643/227/2141
f 2643/272/2142 2650/228/2142 2651/229/2142
f 2643/273/2143 2651/229/2143 2644/231/2143
f 2643/232/2144 2644/279/2144 2636/274/2144
f 2644/233/2145 2651/234/2145 2650/235/2145 2649/236/2145 2648/237/2145 2647/238/2145 2646/239/2145 2645/240/2145
f 2644/249/2146 2652/250/2147 2645/203/2148
f 2645/251/2148 2652/204/2147 2653/205/2149
f 2645/252/2150 2653/253/2150 2646/207/2150
f 2646/254/2151 2653/208/2151 2654/209/2151
f 2646/311/2152 2654/312/2152 2647/255/2152
f 2647/257/2153 2654/212/2153 2655/213/2153
f 2647/258/2154 2655/259/2154 2648/260/2154
f 2648/261/2155 2655/216/2155 2656/217/2155
f 2648/262/2156 2656/263/2156 2649/264/2156
f 2649/265/2157 2656/220/2157 2657/221/2157
f 2649/268/2158 2657/280/2158 2650/223/2158
f 2650/269/2159 2657/224/2159 2658/225/2159
f 2650/270/2160 2658/271/2160 2651/227/2160
f 2651/272/2161 2658/228/2161 2659/229/2161
f 2651/273/2162 2659/229/2162 2652/231/2162
f 2652/233/2163 2659/234/2163 2658/235/2163 2657/236/2163 2656/237/2163 2655/238/2163 2654/239/2163 2653/240/2163
f 2651/274/2164 2652/275/2164 2644/276/2164
o Cylinder.004
v -3.119193 5.096459 -24.259544
v -3.116333 4.851308 -23.704241
v -3.197311 4.993534 -24.899078
v -3.183933 4.767227 -24.289164
v -3.322344 4.984779 -24.953480
v -3.306563 4.749542 -24.396093
v -3.419463 5.041445 -24.601381
v -3.410524 4.799485 -24.090574
v -3.431777 5.130337 -24.049040
v -3.435609 4.879419 -23.564726
v -3.352074 5.199383 -23.620010
v -3.372632 4.960947 -23.135357
v -3.227041 5.208138 -23.565607
v -3.242822 4.980441 -22.987907
v -3.155772 5.181005 -23.734203
v -3.149395 4.963410 -23.252039
v -3.116582 4.665658 -23.144394
v -3.183933 4.570620 -23.746334
v -3.306563 4.552483 -23.852106
v -3.410524 4.603723 -23.549818
v -3.434916 4.694325 -23.016544
v -3.365452 4.771216 -22.564672
v -3.242822 4.789353 -22.458899
v -3.156914 4.774275 -22.678102
v -3.116582 4.472093 -22.604958
v -3.183933 4.374072 -23.203131
v -3.306563 4.355492 -23.307688
v -3.410524 4.408000 -23.008810
v -3.434916 4.500839 -22.481583
v -3.365452 4.579625 -22.034843
v -3.242822 4.598205 -21.930288
v -3.156914 4.580821 -22.156246
v -3.116582 4.278544 -22.065533
v -3.183933 4.177584 -22.659573
v -3.306563 4.158572 -22.762846
v -3.410524 4.212320 -22.467558
v -3.434916 4.307343 -21.946682
v -3.365452 4.387976 -21.505344
v -3.242822 4.406988 -21.402069
v -3.156915 4.387281 -21.634567
v -3.116333 4.087337 -21.489183
v -3.176754 3.989856 -22.095329
v -3.306563 3.961731 -22.217607
v -3.410524 4.016685 -21.926075
v -3.434916 4.113832 -21.411852
v -3.365452 4.196267 -20.976156
v -3.242822 4.215699 -20.874218
v -3.156915 4.193654 -21.113043
v -3.116582 3.898432 -20.951084
v -3.183933 3.792668 -21.526865
v -3.306563 3.772692 -21.626909
v -3.410524 3.829040 -21.340111
v -3.434916 3.928706 -20.834478
v -3.365452 4.013306 -20.406200
v -3.242822 4.033280 -20.306158
v -3.156915 4.013102 -20.529837
v -3.116582 3.728390 -20.291018
v -3.183933 3.619275 -20.852316
v -3.306563 3.598634 -20.949785
v -3.410524 3.656783 -20.669710
v -3.434916 3.759662 -20.176157
v -3.365452 3.847003 -19.758242
v -3.242822 3.867645 -19.660772
v -3.156915 3.847054 -19.877436
v -3.116582 3.566780 -19.587980
v -3.183933 3.452871 -20.138367
v -3.306563 3.431565 -20.232956
v -3.410524 3.491640 -19.960913
v -3.434917 3.597903 -19.481594
v -3.365452 3.688107 -19.075783
v -3.242822 3.709413 -18.981194
v -3.156915 3.684487 -19.207649
v -3.116333 3.408839 -18.848099
v -3.176754 3.295449 -19.408619
v -3.306563 3.264776 -19.514858
v -3.410524 3.326662 -19.251364
v -3.434917 3.436110 -18.787191
v -3.365453 3.529008 -18.394251
v -3.247464 3.549021 -18.278330
v -3.167599 3.530180 -18.525253
v -3.116582 3.250587 -18.154882
v -3.183933 3.128721 -18.672552
v -3.306563 3.106117 -18.760273
v -3.410524 3.169849 -18.506758
v -3.434917 3.282581 -18.060511
v -3.365453 3.378278 -17.682936
v -3.247464 3.398710 -17.571297
v -3.167598 3.380310 -17.810736
v -3.116333 3.111771 -17.337078
v -3.183933 2.994990 -17.814827
v -3.306563 2.971583 -17.897114
v -3.410524 3.037472 -17.657377
v -3.435609 3.146000 -17.235052
v -3.376830 3.242037 -16.917629
v -3.247464 3.273295 -16.777098
v -3.149395 3.241394 -17.052206
v -3.116582 3.010600 -16.420324
v -3.183933 2.879249 -16.878624
v -3.306564 2.855091 -16.954672
v -3.410524 2.923228 -16.732294
v -3.434917 3.043747 -16.341755
v -3.365453 3.146048 -16.011827
v -3.339052 3.298628 -16.941572
v -3.247464 3.168810 -15.909401
v -3.210334 3.298628 -16.941572
v -3.167599 3.144345 -16.146278
v -3.116334 2.907323 -15.475592
v -3.176754 2.772247 -15.936367
v -3.306564 2.739538 -16.009317
v -3.413760 2.816047 -15.807138
v -3.434242 2.942711 -15.394440
v -3.365453 3.038427 -15.145649
v -3.247464 3.063628 -15.044535
v -3.167599 3.028888 -15.300291
v -3.117877 2.806441 -14.558456
v -3.190945 2.674338 -14.901663
v -3.306564 2.658123 -14.962437
v -3.407732 2.722932 -14.773487
v -3.434917 2.839670 -14.501459
v -3.376830 2.952104 -14.222364
v -3.247464 2.986760 -14.109953
v -3.149395 2.947866 -14.359493
v -3.116582 2.782949 -13.423172
v -3.183934 2.640974 -13.751076
v -3.306564 2.615230 -13.802248
v -3.410525 2.688230 -13.647524
v -3.434917 2.817213 -13.377537
v -3.369224 2.922792 -13.128202
v -3.339053 3.007388 -14.304041
v -3.247464 2.952214 -13.069721
v -3.210334 3.007388 -14.304041
v -3.156915 2.910648 -13.286449
v -3.116334 2.757054 -12.283777
v -3.176754 2.612282 -12.595226
v -3.306564 2.578784 -12.631089
v -3.413760 2.658479 -12.513890
v -3.434242 2.793466 -12.241477
v -3.365453 2.892933 -12.100130
v -3.339053 2.953427 -13.306158
v -3.247464 2.920587 -12.026011
v -3.210334 2.953427 -13.306158
v -3.167599 2.877507 -12.251272
v -3.117878 2.735981 -11.170290
v -3.190945 2.599497 -11.359828
v -3.306564 2.581443 -11.403460
v -3.407732 2.649819 -11.288362
v -3.434917 2.768301 -11.153918
v -3.376830 2.883615 -11.005615
v -3.247464 2.920959 -10.931939
v -3.149395 2.870702 -11.144071
v -3.116583 2.787426 -9.939641
v -3.183934 2.643322 -10.105663
v -3.306564 2.617703 -10.127272
v -3.410525 2.690929 -10.056704
v -3.434917 2.820105 -9.935297
v -3.369225 2.927605 -9.806223
v -3.339053 2.925533 -11.161841
v -3.247464 2.956884 -9.781527
v -3.210334 2.925533 -11.161841
v -3.156915 2.907190 -9.956410
v -3.116583 2.834330 -8.720831
v -3.183934 2.691476 -8.836209
v -3.306564 2.666233 -8.848913
v -3.410525 2.738489 -8.804889
v -3.434917 2.865918 -8.729925
v -3.369225 2.972586 -8.638727
v -3.339053 2.943255 -10.029806
v -3.247464 3.001436 -8.624208
v -3.210334 2.943255 -10.029806
v -3.156916 2.949594 -8.784460
v -3.116334 2.901649 -7.472244
v -3.183934 2.767414 -7.563504
v -3.306564 2.742562 -7.569266
v -3.410525 2.813688 -7.547013
v -3.435610 2.935090 -7.483387
v -3.376831 3.033853 -7.481313
v -3.339053 2.982890 -8.872396
v -3.253515 3.069082 -7.496442
v -3.210334 2.982890 -8.872396
v -3.149396 3.012862 -7.607418
v -3.116583 2.997540 -6.252474
v -3.183934 2.858618 -6.289857
v -3.306564 2.834211 -6.289219
v -3.410525 2.904141 -6.285178
v -3.434918 3.027447 -6.280100
v -3.365453 3.131895 -6.276960
v -3.242823 3.156302 -6.277598
v -3.156916 3.106260 -6.379292
v -3.116583 3.095383 -5.016320
v -3.183934 2.958729 -5.023486
v -3.306564 2.934706 -5.017950
v -3.410525 3.003444 -5.029700
v -3.434918 3.124677 -5.051853
v -3.365453 3.227387 -5.071434
v -3.242823 3.251410 -5.076971
v -3.156916 3.202071 -5.167613
v -3.116583 3.206710 -3.784085
v -3.183935 3.071987 -3.771322
v -3.306565 3.048232 -3.762684
v -3.410525 3.116096 -3.784844
v -3.434918 3.235826 -3.824821
v -3.365454 3.337286 -3.859196
v -3.242824 3.361041 -3.867834
v -3.156916 3.313114 -3.950489
v -3.116583 3.324197 -2.553385
v -3.183935 3.190194 -2.525543
v -3.306565 3.166683 -2.514243
v -3.410525 3.233862 -2.543989
v -3.434918 3.352378 -2.597358
v -3.365454 3.452806 -2.643085
v -3.242824 3.476316 -2.654385
v -3.156916 3.426925 -2.731663
v -3.116583 3.443928 -1.324063
v -3.183935 3.310824 -1.284840
v -3.306565 3.287472 -1.271883
v -3.410526 3.354091 -1.307578
v -3.434918 3.471657 -1.371017
v -3.365454 3.571301 -1.425038
v -3.242824 3.594653 -1.437996
v -3.156916 3.545222 -1.510134
v -3.116584 3.567017 -0.096868
v -3.183935 3.434439 -0.054094
v -3.306565 3.411112 -0.040877
v -3.410526 3.477534 -0.078607
v -3.434918 3.594797 -0.145181
v -3.365454 3.694209 -0.201601
v -3.242824 3.717536 -0.214818
v -3.156916 3.668882 -0.284601
v -3.116584 3.691153 1.129695
v -3.183935 3.558545 1.171902
v -3.306565 3.535208 1.185018
v -3.410526 3.601658 1.147573
v -3.434918 3.718969 1.081499
v -3.365454 3.818423 1.025504
v -3.242824 3.841760 1.012387
v -3.156916 3.793158 0.942392
v -3.116584 3.814798 2.356534
v -3.183935 3.681967 2.397271
v -3.306565 3.658594 2.410013
v -3.410526 3.725115 2.373298
v -3.434918 3.842564 2.308632
v -3.365454 3.942140 2.253897
v -3.242824 3.965514 2.241155
v -3.156916 3.916678 2.171207
v -3.116584 3.935119 3.585293
v -3.183935 3.801360 3.619622
v -3.306565 3.777833 3.630752
v -3.410526 3.844659 3.597228
v -3.434918 3.962692 3.538689
v -3.365454 4.062790 3.489426
v -3.242824 4.086318 3.478298
v -3.156916 4.036541 3.408485
v -3.116584 4.050097 4.817035
v -3.183935 3.915766 4.840004
v -3.306565 3.892053 4.849131
v -3.410526 3.959411 4.821310
v -3.434918 4.078382 4.772834
v -3.365454 4.179275 4.732107
v -3.242824 4.202985 4.722980
v -3.156917 4.154277 4.649055
v -3.116584 4.165070 6.048736
v -3.183935 4.030208 6.060370
v -3.306565 4.006319 6.067491
v -3.410526 4.074189 6.045379
v -3.434919 4.194061 6.006984
v -3.365454 4.295717 5.974802
v -3.242824 4.319606 5.967680
v -3.156917 4.271989 5.889757
v -3.116584 4.274504 7.281798
v -3.183935 4.137879 7.280335
v -3.306566 4.113770 7.284853
v -3.410526 4.182212 7.269423
v -3.434919 4.303112 7.243081
v -3.365454 4.405647 7.221261
v -3.242824 4.429757 7.216743
v -3.156917 4.379950 7.135985
v -3.116584 4.371941 8.517885
v -3.183935 4.234050 8.499739
v -3.306566 4.209694 8.501133
v -3.410526 4.278823 8.494207
v -3.434919 4.400942 8.483025
v -3.365455 4.504516 8.474131
v -3.242824 4.528872 8.472738
v -3.156917 4.478911 8.387362
v -3.116584 4.464560 9.755068
v -3.183936 4.326094 9.718893
v -3.306566 4.301500 9.717049
v -3.410527 4.371324 9.719337
v -3.434919 4.494663 9.724413
v -3.365455 4.599267 9.729307
v -3.242825 4.623861 9.731148
v -3.156917 4.575791 9.640093
v -3.116584 4.557166 10.992149
v -3.183936 4.418237 10.938057
v -3.306566 4.393424 10.932981
v -3.407734 4.461030 10.970770
v -3.434381 4.576747 10.942986
v -3.365455 4.693907 10.984476
v -3.242825 4.718720 10.989550
v -3.156917 4.672595 10.893114
v -3.116585 4.638582 12.226274
v -3.183936 4.496996 12.152611
v -3.306566 4.471964 12.143959
v -3.410527 4.543047 12.165215
v -3.434919 4.668606 12.203922
v -3.365455 4.775090 12.237410
v -3.242825 4.800122 12.246059
v -3.156917 4.749291 12.142979
v -3.116585 4.701338 13.455542
v -3.183936 4.559047 13.361313
v -3.306566 4.533809 13.348902
v -3.410527 4.605498 13.380781
v -3.434919 4.732121 13.438284
v -3.365455 4.839504 13.487717
v -3.242825 4.864742 13.500130
v -3.156917 4.814951 13.391363
v -3.116585 4.760846 14.683832
v -3.183936 4.618451 14.569061
v -3.306566 4.593031 14.552877
v -3.410527 4.665261 14.595518
v -3.434919 4.792831 14.672014
v -3.365455 4.901011 14.737549
v -3.242825 4.926431 14.753738
v -3.156917 4.879125 14.639887
v -3.116585 4.820339 15.911976
v -3.183936 4.677997 15.776903
v -3.306566 4.652422 15.756964
v -3.407735 4.721329 15.833557
v -3.434381 4.842178 15.877048
v -3.365455 4.962359 15.987278
v -3.242825 4.987934 16.007219
v -3.156918 4.943177 15.888723
v -3.116585 4.868741 17.130405
v -3.183936 4.724392 16.973568
v -3.306566 4.698693 16.949945
v -3.410527 4.771772 17.013866
v -3.434920 4.900821 17.127884
v -3.365455 5.010244 17.225206
v -3.242825 5.035944 17.248827
v -3.156918 4.987145 17.120384
v -3.116585 4.896127 18.330555
v -3.183936 4.751016 18.153410
v -3.306566 4.725217 18.126167
v -3.410527 4.798600 18.200443
v -3.434920 4.928177 18.332729
v -3.365455 5.038044 18.445530
v -3.242825 5.063841 18.472771
v -3.156918 5.014299 18.337753
v -3.116585 4.915702 19.523830
v -3.183936 4.771092 19.327677
v -3.306566 4.745223 19.296841
v -3.410527 4.818833 19.381371
v -3.434920 4.948805 19.531742
v -3.365456 5.059003 19.659876
v -3.242825 5.084873 19.690708
v -3.156918 5.037994 19.552486
v -3.116585 4.935266 20.716970
v -3.183937 4.791306 20.502094
v -3.306567 4.765389 20.467699
v -3.410527 4.839157 20.562395
v -3.434920 4.969392 20.730713
v -3.365456 5.079808 20.874052
v -3.242826 5.105724 20.908447
v -3.156918 5.061563 20.767454
v -3.116337 4.947814 21.918234
v -3.183937 4.811656 21.676718
v -3.306567 4.785720 21.638805
v -3.407735 4.854499 21.762028
v -3.434920 4.972826 21.904032
v -3.372635 5.092844 22.058119
v -3.242826 5.126396 22.125916
v -3.149398 5.074379 21.949886
v -3.119196 4.963477 23.233831
v -3.197315 4.809531 23.003565
v -3.322348 4.796436 22.983976
v -3.419466 4.881191 23.110750
v -3.431781 5.014149 23.309624
v -3.352077 5.117424 23.464098
v -3.227045 5.130519 23.483683
v -3.155776 5.089935 23.422981
vn 0.9789 -0.1845 -0.0883
vn 0.3247 -0.8768 -0.3548
vn -0.8640 -0.4668 -0.1885
vn -0.9978 -0.0610 -0.0251
vn -0.9566 0.2691 0.1118
vn -0.3801 0.8517 0.3607
vn 0.7902 0.5625 0.2433
vn 0.9914 0.1228 0.0459
vn 0.0158 -0.9856 0.1682
vn -0.0000 0.9873 -0.1589
vn 0.9685 -0.2364 -0.0780
vn 0.9748 -0.2097 -0.0760
vn 0.3970 -0.8630 -0.3126
vn 0.3972 -0.8629 -0.3126
vn 0.3970 -0.8629 -0.3126
vn -0.8237 -0.5331 -0.1931
vn -0.8238 -0.5331 -0.1930
vn -0.8238 -0.5330 -0.1930
vn -0.9952 -0.0924 -0.0334
vn -0.9951 -0.0926 -0.0331
vn -0.9953 -0.0925 -0.0301
vn -0.9953 -0.0922 -0.0299
vn -0.9601 0.2646 0.0906
vn -0.9598 0.2652 0.0922
vn -0.9581 0.2683 0.0999
vn -0.9578 0.2690 0.1015
vn -0.4523 0.8446 0.2865
vn -0.3967 0.8634 0.3119
vn 0.7494 0.6227 0.2249
vn 0.7052 0.6706 0.2302
vn 0.9901 0.1292 0.0555
vn 0.0124 -0.9850 0.1720
vn 0.9914 0.1243 0.0417
vn 0.9745 -0.2110 -0.0757
vn 0.9748 -0.2100 -0.0756
vn 0.9748 -0.2099 -0.0756
vn 0.9750 -0.2088 -0.0756
vn 0.3970 -0.8631 -0.3123
vn 0.3970 -0.8630 -0.3123
vn -0.8237 -0.5332 -0.1929
vn -0.8237 -0.5331 -0.1929
vn -0.8238 -0.5331 -0.1929
vn -0.9958 -0.0857 -0.0310
vn -0.9559 0.2763 0.0999
vn -0.3969 0.8632 0.3121
vn 0.7184 0.6542 0.2366
vn 0.7411 0.6295 0.2334
vn 0.9880 0.1449 0.0537
vn 0.9882 0.1444 0.0518
vn 0.0125 -0.9840 0.1780
vn 0.9748 -0.2100 -0.0753
vn 0.9750 -0.2090 -0.0753
vn 0.9752 -0.2081 -0.0752
vn 0.3969 -0.8632 -0.3120
vn 0.3967 -0.8633 -0.3120
vn 0.3968 -0.8632 -0.3120
vn 0.3966 -0.8633 -0.3120
vn -0.8236 -0.5334 -0.1928
vn -0.8236 -0.5334 -0.1929
vn -0.9559 0.2762 0.0999
vn -0.9559 0.2762 0.1000
vn -0.3971 0.8630 0.3124
vn -0.3969 0.8630 0.3124
vn 0.7355 0.6371 0.2306
vn 0.7564 0.6133 0.2275
vn 0.9874 0.1483 0.0550
vn 0.9876 0.1477 0.0530
vn 0.0127 -0.9828 0.1841
vn 0.9730 -0.2190 -0.0731
vn 0.9824 -0.1731 -0.0701
vn 0.3847 -0.8744 -0.2958
vn 0.4639 -0.8333 -0.3008
vn -0.8234 -0.5338 -0.1927
vn -0.8232 -0.5339 -0.1929
vn -0.8233 -0.5338 -0.1928
vn -0.9958 -0.0858 -0.0310
vn -0.9559 0.2763 0.1000
vn -0.9558 0.2763 0.1001
vn -0.3971 0.8629 0.3126
vn -0.3968 0.8630 0.3127
vn -0.3970 0.8629 0.3126
vn -0.3967 0.8630 0.3127
vn 0.7511 0.6207 0.2249
vn 0.7704 0.5977 0.2219
vn 0.9849 0.1625 0.0603
vn 0.9859 0.1587 0.0522
vn 0.0101 -0.9819 0.1891
vn 0.9792 -0.1916 -0.0668
vn 0.9691 -0.2367 -0.0699
vn 0.4532 -0.8439 -0.2870
vn 0.3744 -0.8831 -0.2826
vn -0.8053 -0.5647 -0.1807
vn -0.8052 -0.5648 -0.1808
vn -0.8052 -0.5647 -0.1807
vn -0.8051 -0.5648 -0.1809
vn -0.9952 -0.0927 -0.0297
vn -0.9501 0.2971 0.0953
vn -0.9501 0.2971 0.0954
vn -0.9500 0.2972 0.0954
vn -0.3753 0.8825 0.2833
vn -0.3750 0.8826 0.2834
vn 0.7382 0.6423 0.2063
vn 0.7051 0.6774 0.2097
vn 0.9855 0.1622 0.0502
vn 0.9842 0.1668 0.0590
vn 0.0139 -0.9800 0.1984
vn 0.9645 -0.2557 -0.0659
vn 0.9644 -0.2560 -0.0659
vn 0.9643 -0.2563 -0.0659
vn 0.3394 -0.9110 -0.2342
vn 0.3395 -0.9110 -0.2342
vn -0.7713 -0.6165 -0.1585
vn -0.7714 -0.6164 -0.1584
vn -0.7713 -0.6164 -0.1584
vn -0.7714 -0.6163 -0.1584
vn -0.9940 -0.1056 -0.0271
vn -0.9383 0.3350 0.0860
vn -0.9383 0.3349 0.0860
vn -0.3392 0.9112 0.2339
vn -0.3392 0.9112 0.2338
vn 0.6584 0.7290 0.1871
vn 0.6567 0.7305 0.1872
vn 0.6512 0.7354 0.1874
vn 0.6496 0.7368 0.1875
vn 0.9832 0.1771 0.0451
vn 0.9830 0.1776 0.0458
vn 0.0147 -0.9777 0.2093
vn 0.9604 -0.2716 -0.0624
vn 0.9605 -0.2713 -0.0622
vn 0.9615 -0.2677 -0.0621
vn 0.9616 -0.2674 -0.0623
vn 0.3256 -0.9208 -0.2146
vn 0.3255 -0.9208 -0.2146
vn -0.7564 -0.6371 -0.1485
vn -0.7564 -0.6370 -0.1484
vn -0.7565 -0.6370 -0.1484
vn -0.9935 -0.1112 -0.0259
vn -0.9328 0.3509 0.0817
vn -0.9329 0.3509 0.0817
vn -0.3254 0.9209 0.2144
vn 0.6272 0.7585 0.1766
vn 0.6705 0.7210 0.1750
vn 0.9810 0.1884 0.0457
vn 0.9818 0.1853 0.0426
vn 0.0152 -0.9749 0.2220
vn 0.9586 -0.2783 -0.0597
vn 0.9719 -0.2278 -0.0587
vn 0.3175 -0.9263 -0.2029
vn 0.3836 -0.8996 -0.2089
vn -0.7560 -0.6376 -0.1481
vn -0.7557 -0.6379 -0.1483
vn -0.9934 -0.1113 -0.0259
vn -0.9934 -0.1114 -0.0259
vn -0.9329 0.3508 0.0817
vn -0.9328 0.3509 0.0819
vn -0.9329 0.3508 0.0818
vn -0.9328 0.3510 0.0819
vn -0.3258 0.9207 0.2149
vn -0.3566 0.9114 0.2056
vn 0.6621 0.7296 0.1709
vn 0.6907 0.7029 0.1698
vn 0.9707 0.2308 0.0674
vn 0.9791 0.1992 0.0422
vn 0.0171 -0.9724 0.2325
vn 0.9684 -0.2432 -0.0552
vn 0.9556 -0.2893 -0.0562
vn 0.3781 -0.9037 -0.2010
vn 0.3113 -0.9300 -0.1955
vn -0.7412 -0.6570 -0.1381
vn -0.7409 -0.6572 -0.1383
vn -0.7407 -0.6574 -0.1385
vn -0.9928 -0.1169 -0.0246
vn -0.9928 -0.1170 -0.0247
vn -0.9273 0.3662 0.0774
vn -0.9272 0.3665 0.0776
vn -0.9272 0.3665 0.0777
vn -0.3467 0.9176 0.1944
vn -0.3460 0.9178 0.1946
vn -0.3445 0.9183 0.1951
vn -0.3438 0.9185 0.1953
vn 0.6579 0.7366 0.1566
vn 0.6436 0.7491 0.1571
vn 0.9683 0.2447 0.0513
vn 0.9657 0.2532 0.0582
vn 0.0226 -0.9680 0.2500
vn 0.9510 -0.3047 -0.0520
vn 0.9416 -0.3328 -0.0519
vn 0.2806 -0.9484 -0.1479
vn 0.2803 -0.9485 -0.1478
vn 0.2805 -0.9484 -0.1479
vn 0.2802 -0.9485 -0.1478
vn -0.7004 -0.7052 -0.1099
vn -0.9910 -0.1326 -0.0207
vn -0.9908 -0.1338 -0.0214
vn -0.9904 -0.1361 -0.0228
vn -0.9903 -0.1373 -0.0235
vn -0.9129 0.4028 0.0659
vn -0.9218 0.3837 0.0546
vn -0.3150 0.9352 0.1618
vn -0.3779 0.9145 0.1444
vn 0.5708 0.8110 0.1281
vn 0.6129 0.7797 0.1281
vn 0.9766 0.2143 0.0158
vn 0.9641 0.2620 0.0442
vn 0.0289 -0.9620 0.2717
vn 0.9278 -0.3707 -0.0407
vn 0.9406 -0.3370 -0.0417
vn 0.2623 -0.9577 -0.1184
vn 0.2621 -0.9578 -0.1184
vn 0.2622 -0.9577 -0.1184
vn -0.6738 -0.7333 -0.0906
vn -0.6741 -0.7331 -0.0905
vn -0.9879 -0.1542 -0.0190
vn -0.9881 -0.1525 -0.0183
vn -0.9886 -0.1494 -0.0169
vn -0.9889 -0.1478 -0.0162
vn -0.9136 0.4040 0.0469
vn -0.9015 0.4290 0.0568
vn -0.8154 0.5745 0.0711
vn -0.0170 0.9867 0.1615
vn -0.2832 0.9522 0.1147
vn -0.1462 0.9822 0.1183
vn 0.7762 0.6214 0.1061
vn 0.5502 0.8291 0.0999
vn 0.9621 0.2684 0.0481
vn 0.0272 -0.9531 0.3013
vn 0.9794 0.2006 0.0224
vn -0.0363 0.9544 -0.2964
vn 0.9370 -0.3472 -0.0382
vn 0.9561 -0.2903 -0.0403
vn 0.2579 -0.9598 -0.1110
vn 0.3033 -0.9459 -0.1156
vn -0.6731 -0.7341 -0.0897
vn -0.6754 -0.7321 -0.0888
vn -0.6794 -0.7286 -0.0873
vn -0.6817 -0.7265 -0.0865
vn -0.9903 -0.1376 -0.0194
vn -0.9926 -0.1208 -0.0122
vn -0.8921 0.4492 0.0485
vn -0.8772 0.4765 0.0592
vn -0.2860 0.9509 0.1181
vn -0.3009 0.9467 0.1151
vn 0.5521 0.8277 0.1007
vn 0.6538 0.7497 0.1023
vn 0.9422 0.3320 0.0453
vn 0.9541 0.2978 0.0323
vn 0.0285 -0.9438 0.3294
vn 0.9493 -0.3127 -0.0328
vn 0.9038 -0.4271 -0.0280
vn 0.2887 -0.9535 -0.0863
vn 0.1777 -0.9811 -0.0763
vn -0.6511 -0.7567 -0.0588
vn -0.6234 -0.7791 -0.0665
vn -0.9876 -0.1563 -0.0132
vn -0.8733 0.4841 0.0552
vn -0.9136 0.4058 0.0267
vn -0.2781 0.9567 0.0860
vn -0.3204 0.9441 0.0777
vn 0.5713 0.8180 0.0673
vn 0.5051 0.8607 0.0643
vn 0.9760 0.2177 -0.0001
vn 0.9396 0.3400 0.0390
vn 0.0420 -0.9220 0.3848
vn 0.9034 -0.4287 -0.0139
vn 0.1541 -0.9876 -0.0296
vn 0.2197 -0.9749 -0.0360
vn -0.5785 -0.8151 -0.0301
vn -0.6002 -0.7994 -0.0261
vn -0.9782 -0.2073 -0.0088
vn -0.9839 -0.1786 -0.0036
vn -0.8972 0.4416 0.0088
vn -0.8687 0.4949 0.0193
vn -0.8105 0.5853 0.0213
vn 0.0687 0.9949 0.0733
vn -0.2493 0.9679 0.0321
vn -0.3566 0.9337 0.0310
vn 0.7218 0.6901 0.0526
vn 0.4825 0.8752 0.0337
vn 0.9584 0.2849 0.0166
vn 0.0409 -0.9003 0.4333
vn 0.9770 0.2131 0.0033
vn -0.0535 0.9025 -0.4274
vn 0.9118 -0.4105 -0.0095
vn 0.9336 -0.3580 -0.0147
vn 0.2156 -0.9761 -0.0256
vn 0.2575 -0.9658 -0.0301
vn -0.5990 -0.8003 -0.0249
vn -0.6122 -0.7904 -0.0225
vn -0.9852 -0.1710 -0.0073
vn -0.9894 -0.1452 -0.0024
vn -0.8606 0.5091 0.0112
vn -0.8348 0.5502 0.0190
vn -0.6367 0.7707 0.0247
vn -0.1092 0.9929 0.0474
vn -0.2455 0.9689 0.0294
vn 0.1582 0.9870 0.0299
vn 0.6160 0.7868 0.0381
vn 0.5439 0.8385 0.0325
vn 0.9220 0.3865 0.0219
vn 0.9555 0.2948 0.0065
vn 0.0458 -0.8564 0.5143
vn -0.0538 0.8721 -0.4864
vn 0.9272 -0.3745 -0.0058
vn 0.8786 -0.4775 0.0052
vn 0.2517 -0.9678 -0.0071
vn 0.1535 -0.9881 0.0021
vn -0.5954 -0.8034 0.0017
vn -0.5624 -0.8269 -0.0031
vn -0.9829 -0.1842 -0.0004
vn -0.8305 0.5568 0.0124
vn -0.8903 0.4554 -0.0054
vn -0.2317 0.9728 0.0059
vn -0.2772 0.9608 -0.0003
vn 0.4741 0.8805 -0.0003
vn 0.4527 0.8917 -0.0020
vn 0.9730 0.2305 -0.0146
vn 0.9209 0.3896 0.0087
vn 0.0666 -0.7669 0.6383
vn 0.8866 -0.4624 0.0148
vn 0.1417 -0.9893 0.0338
vn 0.1997 -0.9795 0.0278
vn -0.5410 -0.8407 0.0239
vn -0.5637 -0.8256 0.0263
vn -0.9733 -0.2295 0.0055
vn -0.9812 -0.1930 0.0082
vn -0.8824 0.4702 -0.0200
vn -0.8455 0.5338 -0.0142
vn -0.7756 0.6310 -0.0182
vn 0.0509 0.9987 -0.0004
vn -0.2279 0.9732 -0.0304
vn -0.3017 0.9530 -0.0298
vn 0.6687 0.7435 0.0011
vn 0.4439 0.8958 -0.0247
vn 0.9479 0.3187 -0.0038
vn 0.0672 -0.6774 0.7325
vn 0.9732 0.2297 -0.0106
vn -0.0892 0.6771 -0.7305
vn 0.8982 -0.4393 0.0169
vn 0.8984 -0.4388 0.0168
vn 0.8989 -0.4378 0.0167
vn 0.8992 -0.4373 0.0166
vn 0.1981 -0.9795 0.0372
vn 0.1978 -0.9795 0.0373
vn 0.1978 -0.9795 0.0372
vn -0.5612 -0.8271 0.0314
vn -0.5614 -0.8269 0.0314
vn -0.9813 -0.1922 0.0073
vn -0.9813 -0.1921 0.0073
vn -0.8420 0.5391 -0.0205
vn -0.8424 0.5384 -0.0206
vn -0.8429 0.5376 -0.0206
vn -0.8433 0.5370 -0.0207
vn -0.6264 0.7789 -0.0300
vn -0.0862 0.9960 -0.0229
vn -0.2262 0.9734 -0.0375
vn 0.1089 0.9933 -0.0382
vn 0.5769 0.8166 -0.0186
vn 0.4530 0.8909 -0.0322
vn 0.9458 0.3245 -0.0117
vn 0.9481 0.3176 -0.0122
vn 0.0780 -0.4954 0.8652
vn -0.0921 0.5362 -0.8391
vn 0.8968 -0.4419 0.0236
vn 0.8851 -0.4646 0.0277
vn 0.1955 -0.9790 0.0584
vn 0.1956 -0.9789 0.0584
vn -0.5558 -0.8298 0.0495
vn -0.5563 -0.8295 0.0496
vn -0.5565 -0.8294 0.0496
vn -0.5567 -0.8292 0.0496
vn -0.9808 -0.1946 0.0116
vn -0.9801 -0.1983 0.0114
vn -0.9789 -0.2042 0.0112
vn -0.9781 -0.2079 0.0110
vn -0.8392 0.5430 -0.0306
vn -0.8586 0.5117 -0.0327
vn -0.6201 0.7832 -0.0455
vn -0.0956 0.9947 -0.0390
vn -0.2809 0.9579 -0.0590
vn 0.1015 0.9931 -0.0590
vn 0.5680 0.8223 -0.0337
vn 0.4317 0.9006 -0.0512
vn 0.9648 0.2622 -0.0203
vn 0.9467 0.3216 -0.0175
vn 0.0981 -0.1489 0.9840
vn -0.1044 0.2673 -0.9579
vn 0.8822 -0.4695 0.0371
vn 0.8960 -0.4429 0.0317
vn 0.1950 -0.9783 0.0701
vn 0.1951 -0.9783 0.0700
vn -0.5550 -0.8298 0.0594
vn -0.5552 -0.8296 0.0594
vn -0.5553 -0.8295 0.0594
vn -0.5556 -0.8293 0.0595
vn -0.9776 -0.2099 0.0150
vn -0.9807 -0.1947 0.0155
vn -0.8583 0.5116 -0.0388
vn -0.8316 0.5542 -0.0373
vn -0.2824 0.9563 -0.0752
vn -0.1951 0.9784 -0.0683
vn 0.4165 0.9066 -0.0685
vn 0.4435 0.8939 -0.0653
vn 0.9445 0.3280 -0.0192
vn 0.0630 0.0505 0.9967
vn 0.9648 0.2620 -0.0204
vn 0.8955 -0.4436 0.0351
vn 0.8955 -0.4437 0.0351
vn 0.8957 -0.4433 0.0350
vn 0.1950 -0.9778 0.0773
vn 0.1950 -0.9777 0.0773
vn -0.5552 -0.8291 0.0655
vn -0.5555 -0.8289 0.0656
vn -0.9808 -0.1946 0.0154
vn -0.9808 -0.1945 0.0154
vn -0.8313 0.5542 -0.0439
vn -0.8314 0.5539 -0.0439
vn -0.8313 0.5541 -0.0439
vn -0.1950 0.9777 -0.0774
vn -0.1950 0.9777 -0.0775
vn 0.4380 0.8962 -0.0710
vn 0.4384 0.8960 -0.0709
vn 0.4391 0.8956 -0.0709
vn 0.4396 0.8954 -0.0708
vn 0.9465 0.3217 -0.0254
vn 0.9466 0.3215 -0.0254
vn 0.0573 0.2653 0.9625
vn 0.8954 -0.4434 0.0401
vn 0.8953 -0.4437 0.0401
vn 0.8952 -0.4438 0.0401
vn 0.1953 -0.9768 0.0883
vn 0.1954 -0.9767 0.0883
vn -0.5559 -0.8279 0.0749
vn -0.5562 -0.8277 0.0749
vn -0.5562 -0.8276 0.0749
vn -0.9808 -0.1941 0.0176
vn -0.9808 -0.1940 0.0176
vn -0.9809 -0.1940 0.0176
vn -0.8317 0.5530 -0.0501
vn -0.8319 0.5526 -0.0501
vn -0.8320 0.5525 -0.0501
vn -0.1953 0.9767 -0.0885
vn -0.1954 0.9767 -0.0886
vn 0.4303 0.8990 -0.0815
vn 0.4286 0.8998 -0.0817
vn 0.4257 0.9011 -0.0821
vn 0.4240 0.9019 -0.0823
vn 0.9487 0.3147 -0.0287
vn 0.9478 0.3176 -0.0287
vn 0.0511 0.3918 0.9186
vn 0.8952 -0.4435 0.0423
vn 0.8955 -0.4430 0.0422
vn 0.8959 -0.4422 0.0420
vn 0.8962 -0.4417 0.0419
vn 0.1956 -0.9763 0.0926
vn 0.1957 -0.9763 0.0926
vn -0.5566 -0.8271 0.0785
vn -0.5568 -0.8269 0.0785
vn -0.5566 -0.8270 0.0785
vn -0.9809 -0.1937 0.0184
vn -0.9809 -0.1936 0.0184
vn -0.8322 0.5520 -0.0524
vn -0.8323 0.5518 -0.0524
vn -0.1957 0.9763 -0.0927
vn 0.4212 0.9029 -0.0858
vn 0.4391 0.8945 -0.0835
vn 0.9470 0.3199 -0.0299
vn 0.9493 0.3131 -0.0299
vn 0.0493 0.4779 0.8770
vn 0.8962 -0.4415 0.0430
vn 0.8963 -0.4413 0.0430
vn 0.8965 -0.4410 0.0429
vn 0.1959 -0.9760 0.0949
vn -0.5571 -0.8265 0.0804
vn -0.5572 -0.8265 0.0804
vn -0.9809 -0.1934 0.0188
vn -0.8325 0.5514 -0.0536
vn -0.8326 0.5513 -0.0536
vn -0.1959 0.9760 -0.0950
vn 0.4365 0.8955 -0.0871
vn 0.4378 0.8949 -0.0869
vn 0.4400 0.8938 -0.0867
vn 0.4413 0.8932 -0.0865
vn 0.9469 0.3201 -0.0310
vn 0.9475 0.3182 -0.0310
vn 0.0448 0.5349 0.8437
vn 0.8966 -0.4407 0.0442
vn 0.8966 -0.4406 0.0442
vn 0.8964 -0.4410 0.0443
vn 0.8964 -0.4411 0.0443
vn 0.1961 -0.9757 0.0980
vn 0.1962 -0.9757 0.0980
vn -0.5577 -0.8259 0.0830
vn -0.5578 -0.8259 0.0830
vn -0.9810 -0.1931 0.0194
vn -0.9810 -0.1930 0.0194
vn -0.8329 0.5506 -0.0553
vn -0.1961 0.9757 -0.0980
vn -0.1962 0.9757 -0.0980
vn 0.4390 0.8940 -0.0898
vn 0.4377 0.8946 -0.0899
vn 0.4355 0.8957 -0.0902
vn 0.4341 0.8963 -0.0904
vn 0.9481 0.3165 -0.0319
vn 0.9474 0.3185 -0.0319
vn 0.0412 0.5507 0.8337
vn 0.8964 -0.4410 0.0446
vn 0.8964 -0.4411 0.0446
vn 0.1962 -0.9756 0.0988
vn -0.5579 -0.8257 0.0836
vn -0.9810 -0.1930 0.0195
vn -0.8330 0.5504 -0.0557
vn -0.1962 0.9756 -0.0988
vn 0.4339 0.8964 -0.0907
vn 0.4338 0.8964 -0.0907
vn 0.4336 0.8965 -0.0907
vn 0.4333 0.8967 -0.0908
vn 0.9482 0.3161 -0.0320
vn 0.9481 0.3164 -0.0320
vn 0.0413 0.5480 0.8355
vn 0.8964 -0.4411 0.0445
vn 0.8964 -0.4409 0.0444
vn 0.1962 -0.9756 0.0983
vn -0.5578 -0.8258 0.0832
vn -0.8330 0.5506 -0.0555
vn -0.8329 0.5506 -0.0555
vn -0.1962 0.9756 -0.0983
vn 0.4336 0.8965 -0.0903
vn 0.4343 0.8962 -0.0902
vn 0.4352 0.8958 -0.0901
vn 0.4358 0.8955 -0.0900
vn 0.9478 0.3172 -0.0319
vn 0.9481 0.3163 -0.0319
vn 0.0407 0.5401 0.8406
vn 0.8964 -0.4412 0.0432
vn 0.8965 -0.4410 0.0431
vn 0.8966 -0.4407 0.0430
vn 0.8967 -0.4405 0.0430
vn 0.1959 -0.9760 0.0953
vn -0.5573 -0.8264 0.0807
vn -0.5572 -0.8264 0.0807
vn -0.9810 -0.1933 0.0189
vn -0.9809 -0.1934 0.0189
vn -0.8326 0.5512 -0.0538
vn -0.8326 0.5513 -0.0538
vn -0.1959 0.9760 -0.0953
vn 0.4376 0.8949 -0.0874
vn 0.4399 0.8938 -0.0871
vn 0.4438 0.8919 -0.0866
vn 0.4460 0.8908 -0.0863
vn 0.9463 0.3219 -0.0312
vn 0.9475 0.3184 -0.0312
vn 0.0381 0.5045 0.8626
vn 0.8966 -0.4409 0.0412
vn 0.8964 -0.4412 0.0412
vn 0.8962 -0.4417 0.0414
vn 0.8960 -0.4421 0.0414
vn 0.1956 -0.9764 0.0915
vn -0.5567 -0.8271 0.0775
vn -0.9809 -0.1937 0.0182
vn -0.8322 0.5520 -0.0517
vn -0.8322 0.5521 -0.0517
vn -0.1956 0.9764 -0.0915
vn 0.4480 0.8901 -0.0834
vn 0.4350 0.8964 -0.0851
vn 0.9476 0.3182 -0.0302
vn 0.9458 0.3235 -0.0302
vn 0.0392 0.4432 0.8956
vn 0.8960 -0.4422 0.0413
vn 0.8958 -0.4426 0.0414
vn 0.8955 -0.4431 0.0415
vn 0.8953 -0.4435 0.0416
vn 0.1956 -0.9764 0.0916
vn 0.1955 -0.9764 0.0916
vn -0.5567 -0.8271 0.0776
vn -0.5565 -0.8272 0.0776
vn -0.5566 -0.8271 0.0776
vn -0.9809 -0.1938 0.0182
vn -0.8321 0.5522 -0.0517
vn -0.1955 0.9764 -0.0915
vn 0.4358 0.8961 -0.0840
vn 0.4225 0.9023 -0.0856
vn 0.9490 0.3137 -0.0298
vn 0.9474 0.3188 -0.0298
vn 0.0402 0.3762 0.9257
vn 0.8953 -0.4437 0.0394
vn 0.8955 -0.4433 0.0393
vn 0.8958 -0.4426 0.0391
vn 0.8961 -0.4422 0.0390
vn 0.1953 -0.9769 0.0862
vn 0.1952 -0.9770 0.0862
vn -0.5560 -0.8279 0.0731
vn -0.5560 -0.8280 0.0731
vn -0.9808 -0.1941 0.0171
vn -0.9808 -0.1942 0.0171
vn -0.8318 0.5529 -0.0488
vn -0.8317 0.5531 -0.0488
vn -0.8318 0.5530 -0.0488
vn -0.1953 0.9769 -0.0862
vn -0.1953 0.9770 -0.0862
vn -0.1952 0.9770 -0.0862
vn 0.4272 0.9007 -0.0794
vn 0.4447 0.8923 -0.0773
vn 0.9459 0.3231 -0.0280
vn 0.9483 0.3160 -0.0280
vn 0.0393 0.2887 0.9566
vn 0.8962 -0.4422 0.0349
vn 0.8962 -0.4423 0.0349
vn 0.1951 -0.9778 0.0771
vn -0.5555 -0.8290 0.0654
vn -0.5555 -0.8289 0.0654
vn -0.9808 -0.1945 0.0153
vn -0.8314 0.5540 -0.0437
vn -0.8314 0.5539 -0.0437
vn -0.1951 0.9777 -0.0772
vn 0.4501 0.8902 -0.0702
vn 0.4495 0.8905 -0.0704
vn 0.4487 0.8909 -0.0705
vn 0.4482 0.8911 -0.0705
vn 0.9453 0.3251 -0.0257
vn 0.9450 0.3260 -0.0257
vn 0.0389 0.1703 0.9846
vn 0.8963 -0.4422 0.0331
vn 0.8960 -0.4427 0.0332
vn 0.8956 -0.4436 0.0334
vn 0.8953 -0.4442 0.0335
vn 0.1951 -0.9780 0.0738
vn 0.1950 -0.9780 0.0738
vn -0.5555 -0.8291 0.0626
vn -0.9808 -0.1946 0.0147
vn -0.8314 0.5540 -0.0418
vn -0.8314 0.5541 -0.0418
vn -0.1951 0.9780 -0.0738
vn -0.1950 0.9780 -0.0738
vn 0.4509 0.8901 -0.0672
vn 0.4299 0.9002 -0.0696
vn 0.9477 0.3182 -0.0246
vn 0.9449 0.3264 -0.0244
vn 0.0389 0.0384 0.9985
vn 0.8953 -0.4442 0.0333
vn 0.8950 -0.4448 0.0335
vn 0.8944 -0.4459 0.0337
vn 0.8941 -0.4466 0.0338
vn 0.1950 -0.9780 0.0739
vn 0.1948 -0.9780 0.0739
vn -0.5555 -0.8291 0.0627
vn -0.5386 -0.8403 0.0614
vn -0.9807 -0.1946 0.0161
vn -0.9752 -0.2209 0.0153
vn -0.8317 0.5540 -0.0370
vn -0.8552 0.5169 -0.0390
vn -0.1950 0.9780 -0.0737
vn -0.1949 0.9781 -0.0737
vn 0.4315 0.8996 -0.0678
vn 0.4095 0.9096 -0.0703
vn 0.9500 0.3113 -0.0241
vn 0.9475 0.3189 -0.0239
vn 0.0392 -0.0639 0.9972
vn 0.8949 -0.4453 0.0294
vn 0.8954 -0.4443 0.0292
vn 0.8963 -0.4425 0.0288
vn 0.8968 -0.4415 0.0286
vn 0.1954 -0.9787 0.0635
vn 0.1953 -0.9787 0.0635
vn -0.5407 -0.8395 0.0544
vn -0.5558 -0.8295 0.0557
vn -0.9751 -0.2214 0.0129
vn -0.9808 -0.1948 0.0138
vn -0.8553 0.5167 -0.0380
vn -0.8318 0.5539 -0.0359
vn -0.1954 0.9787 -0.0634
vn -0.1953 0.9787 -0.0634
vn 0.4203 0.9055 -0.0587
vn 0.4593 0.8866 -0.0544
vn 0.9442 0.3288 -0.0202
vn 0.9492 0.3139 -0.0207
vn 0.0365 -0.2254 0.9736
vn 0.8982 -0.4389 0.0224
vn 0.8981 -0.4393 0.0225
vn 0.8979 -0.4396 0.0225
vn 0.8978 -0.4399 0.0226
vn 0.1963 -0.9792 0.0503
vn 0.1964 -0.9792 0.0503
vn -0.5580 -0.8288 0.0425
vn -0.5583 -0.8286 0.0426
vn -0.9810 -0.1936 0.0099
vn -0.9810 -0.1935 0.0100
vn -0.8331 0.5524 -0.0284
vn -0.8333 0.5521 -0.0284
vn -0.1963 0.9792 -0.0504
vn -0.1964 0.9792 -0.0505
vn 0.4677 0.8827 -0.0455
vn 0.4647 0.8843 -0.0458
vn 0.4590 0.8872 -0.0464
vn 0.4559 0.8888 -0.0467
vn 0.9453 0.3259 -0.0171
vn 0.9435 0.3310 -0.0169
vn 0.0342 -0.3544 0.9345
vn 0.8981 -0.4392 0.0213
vn 0.8978 -0.4398 0.0214
vn 0.8972 -0.4411 0.0216
vn 0.8969 -0.4417 0.0217
vn 0.1967 -0.9793 0.0482
vn 0.1966 -0.9793 0.0482
vn -0.5587 -0.8284 0.0407
vn -0.5588 -0.8283 0.0408
vn -0.9811 -0.1933 0.0095
vn -0.8336 0.5517 -0.0272
vn -0.1967 0.9793 -0.0482
vn -0.1966 0.9793 -0.0482
vn 0.4590 0.8874 -0.0437
vn 0.4341 0.8997 -0.0462
vn 0.9482 0.3173 -0.0163
vn 0.9450 0.3266 -0.0158
vn 0.0320 -0.4653 0.8846
vn 0.8970 -0.4415 0.0214
vn 0.8966 -0.4422 0.0215
vn 0.8959 -0.4437 0.0218
vn 0.8955 -0.4445 0.0219
vn 0.1966 -0.9793 0.0483
vn 0.1964 -0.9793 0.0483
vn -0.5587 -0.8283 0.0409
vn -0.5420 -0.8394 0.0392
vn -0.9809 -0.1942 0.0110
vn -0.9758 -0.2185 0.0094
vn -0.8351 0.5496 -0.0221
vn -0.8570 0.5147 -0.0253
vn -0.1967 0.9793 -0.0481
vn -0.1964 0.9793 -0.0481
vn -0.1966 0.9793 -0.0481
vn 0.4364 0.8987 -0.0441
vn 0.4101 0.9108 -0.0467
vn 0.9509 0.3092 -0.0159
vn 0.9481 0.3176 -0.0154
vn 0.0308 -0.5407 0.8406
vn 0.8973 -0.4412 0.0175
vn 0.8977 -0.4403 0.0174
vn 0.8985 -0.4387 0.0171
vn 0.8989 -0.4379 0.0170
vn 0.1981 -0.9794 0.0380
vn 0.1980 -0.9795 0.0380
vn 0.1979 -0.9795 0.0380
vn -0.5457 -0.8373 0.0325
vn -0.5607 -0.8273 0.0340
vn -0.9760 -0.2177 0.0070
vn -0.9811 -0.1931 0.0086
vn -0.8574 0.5142 -0.0245
vn -0.8354 0.5492 -0.0212
vn -0.1981 0.9794 -0.0379
vn -0.1980 0.9795 -0.0379
vn -0.1981 0.9795 -0.0379
vn 0.4234 0.9053 -0.0350
vn 0.4574 0.8887 -0.0317
vn 0.9468 0.3215 -0.0115
vn 0.9507 0.3098 -0.0123
vn 0.0283 -0.6296 0.7764
vn 0.9020 -0.4316 0.0098
vn 0.9022 -0.4312 0.0098
vn 0.9022 -0.4312 0.0097
vn 0.9024 -0.4307 0.0097
vn 0.2010 -0.9793 0.0221
vn 0.2011 -0.9793 0.0221
vn -0.5673 -0.8233 0.0186
vn -0.5677 -0.8230 0.0186
vn -0.9819 -0.1894 0.0043
vn -0.9819 -0.1892 0.0043
vn -0.8392 0.5437 -0.0123
vn -0.8394 0.5434 -0.0124
vn -0.2009 0.9793 -0.0223
vn -0.2011 0.9793 -0.0223
vn -0.2010 0.9793 -0.0223
vn 0.4709 0.8819 -0.0201
vn 0.4723 0.8812 -0.0200
vn 0.4749 0.8798 -0.0197
vn 0.4762 0.8791 -0.0196
vn 0.9462 0.3234 -0.0072
vn 0.9468 0.3219 -0.0073
vn 0.0261 -0.6882 0.7250
vn 0.9037 -0.4280 0.0070
vn 0.9035 -0.4286 0.0071
vn 0.9029 -0.4298 0.0073
vn 0.9026 -0.4304 0.0074
vn 0.2023 -0.9792 0.0167
vn 0.2024 -0.9792 0.0167
vn -0.5699 -0.8216 0.0140
vn -0.5702 -0.8214 0.0141
vn -0.9821 -0.1882 0.0032
vn -0.9821 -0.1881 0.0032
vn -0.8408 0.5412 -0.0093
vn -0.8410 0.5410 -0.0093
vn -0.8409 0.5412 -0.0093
vn -0.2022 0.9792 -0.0169
vn -0.2023 0.9792 -0.0169
vn 0.4816 0.8763 -0.0151
vn 0.4573 0.8891 -0.0173
vn 0.9492 0.3145 -0.0061
vn 0.9463 0.3233 -0.0053
vn 0.0242 -0.7354 0.6772
vn 0.9028 -0.4300 0.0071
vn 0.9025 -0.4307 0.0072
vn 0.9017 -0.4322 0.0074
vn 0.9014 -0.4329 0.0075
vn 0.2023 -0.9792 0.0169
vn 0.2022 -0.9792 0.0169
vn -0.5701 -0.8214 0.0141
vn -0.5700 -0.8215 0.0141
vn -0.8410 0.5409 -0.0093
vn -0.8409 0.5411 -0.0093
vn -0.2023 0.9792 -0.0168
vn -0.2022 0.9792 -0.0168
vn 0.4600 0.8878 -0.0152
vn 0.4343 0.9006 -0.0175
vn 0.9519 0.3064 -0.0059
vn 0.9493 0.3143 -0.0052
vn 0.0226 -0.7737 0.6332
vn 0.9033 -0.4290 0.0043
vn 0.8900 -0.4559 0.0079
vn 0.2022 -0.9792 0.0170
vn 0.2019 -0.9793 0.0170
vn -0.5700 -0.8215 0.0143
vn -0.5522 -0.8336 0.0119
vn -0.9818 -0.1900 0.0047
vn -0.9744 -0.2247 0.0007
vn -0.8455 0.5340 -0.0016
vn -0.8819 0.4712 -0.0105
vn -0.2035 0.9790 -0.0120
vn -0.2421 0.9701 -0.0165
vn 0.4372 0.8992 -0.0153
vn 0.4682 0.8835 -0.0126
vn 0.9670 0.2548 -0.0089
vn 0.9522 0.3054 -0.0034
vn 0.0253 -0.7907 0.6116
vn 0.8904 -0.4551 0.0074
vn 0.8895 -0.4568 0.0076
vn 0.8875 -0.4607 0.0081
vn 0.8867 -0.4622 0.0082
vn 0.2068 -0.9784 0.0005
vn 0.1027 -0.9947 0.0091
vn -0.5622 -0.8270 -0.0000
vn -0.6505 -0.7594 0.0094
vn -0.9757 -0.2192 -0.0041
vn -0.9950 -0.0999 0.0052
vn -0.8812 0.4726 -0.0119
vn -0.7923 0.6101 0.0009
vn -0.2437 0.9698 -0.0134
vn -0.1039 0.9946 -0.0018
vn 0.4746 0.8802 -0.0082
vn 0.4903 0.8715 -0.0071
vn 0.9611 0.2762 0.0012
vn -0.0000 -0.8313 0.5558
vn 0.9675 0.2530 -0.0009
vt 0.906250 0.500000
vt 0.906250 1.000000
vt 0.875000 1.000000
vt 0.875000 0.500000
vt 0.781250 0.500000
vt 0.781250 1.000000
vt 0.750000 1.000000
vt 0.750000 0.500000
vt 0.656250 0.500000
vt 0.656250 1.000000
vt 0.625000 1.000000
vt 0.625000 0.500000
vt 0.531250 0.500000
vt 0.531250 1.000000
vt 0.500000 1.000000
vt 0.500000 0.500000
vt 0.406250 0.500000
vt 0.406250 1.000000
vt 0.375000 1.000000
vt 0.375000 0.500000
vt 0.281250 0.500000
vt 0.281250 1.000000
vt 0.250000 1.000000
vt 0.250000 0.500000
vt 0.156250 0.500000
vt 0.156250 1.000000
vt 0.125000 1.000000
vt 0.125000 0.500000
vt 0.093750 1.000000
vt 0.093750 0.500000
vt 0.250000 0.471906
vt 0.080294 0.419706
vt 0.025832 0.318001
vt 0.043406 0.139573
vt 0.181999 0.025832
vt 0.360427 0.043406
vt 0.474168 0.181999
vt 0.456594 0.360427
vt 0.750000 0.471906
vt 0.956595 0.360427
vt 0.974168 0.181999
vt 0.860427 0.043406
vt 0.681999 0.025832
vt 0.543406 0.139573
vt 0.525832 0.318001
vt 0.580294 0.419706
vt 0.937500 0.500000
vt 0.921875 1.000000
vt 0.890625 0.500000
vt 0.812500 0.500000
vt 0.796875 1.000000
vt 0.765625 0.500000
vt 0.687500 0.500000
vt 0.671875 1.000000
vt 0.640625 0.500000
vt 0.562500 0.500000
vt 0.546875 1.000000
vt 0.515625 0.500000
vt 0.468750 0.500000
vt 0.453125 1.000000
vt 0.437500 0.500000
vt 0.390625 0.500000
vt 0.312500 0.500000
vt 0.296875 1.000000
vt 0.265625 0.500000
vt 0.187500 0.500000
vt 0.171875 1.000000
vt 0.140625 0.500000
vt 0.109375 0.500000
vt 0.062500 0.500000
vt 0.046875 1.000000
vt 0.031250 0.500000
vt 0.421875 1.000000
vt 0.078125 1.000000
vt 0.968750 0.500000
vt 0.953125 1.000000
vt 0.218750 0.500000
vt 0.203125 1.000000
vt 0.343750 0.500000
vt 0.328125 1.000000
vt 0.772961 0.483127
vt 0.931082 0.398610
vt 0.983127 0.227039
vt 0.898610 0.068918
vt 0.750000 0.013074
vt 0.601390 0.068918
vt 0.528269 0.158156
vt 0.513074 0.250000
vt 0.528269 0.341844
vt 0.601390 0.431082
vt 0.593750 0.500000
vt 0.578125 1.000000
vt 0.795036 0.476412
vt 0.946997 0.381629
vt 0.917532 0.082468
vt 0.772961 0.016873
vt 0.750000 0.480848
vt 0.727039 0.016873
vt 0.582468 0.082468
vt 0.582468 0.417532
s 1
usemtl Material.001
f 2660/315/2165 2661/316/2165 2663/317/2165 2662/318/2165
f 2662/319/2166 2663/320/2166 2665/321/2166 2664/322/2166
f 2664/323/2167 2665/324/2167 2667/325/2167 2666/326/2167
f 2666/327/2168 2667/328/2168 2669/329/2168 2668/330/2168
f 2668/331/2169 2669/332/2169 2671/333/2169 2670/334/2169
f 2670/335/2170 2671/336/2170 2673/337/2170 2672/338/2170
f 2672/339/2171 2673/340/2171 2675/341/2171 2674/342/2171
f 2674/342/2172 2675/341/2172 2661/343/2172 2660/344/2172
f 2661/345/2173 2675/346/2173 2673/347/2173 2671/348/2173 2669/349/2173 2667/350/2173 2665/351/2173 2663/352/2173
f 2660/353/2174 2662/354/2174 2664/355/2174 2666/356/2174 2668/357/2174 2670/358/2174 2672/359/2174 2674/360/2174
f 2661/361/2175 2676/362/2175 2663/315/2175
f 2663/363/2176 2676/316/2176 2677/317/2176
f 2663/364/2177 2677/365/2178 2665/319/2179
f 2665/366/2179 2677/320/2178 2678/321/2178
f 2665/367/2180 2678/368/2181 2667/323/2180
f 2667/369/2180 2678/324/2181 2679/325/2182
f 2667/370/2183 2679/371/2184 2669/327/2185
f 2669/372/2185 2679/328/2184 2680/329/2186
f 2669/373/2187 2680/374/2188 2671/375/2189
f 2671/376/2189 2680/332/2188 2681/333/2190
f 2671/377/2191 2681/378/2191 2673/335/2191
f 2673/379/2192 2681/336/2192 2682/337/2192
f 2673/380/2193 2682/381/2193 2675/339/2193
f 2675/382/2194 2682/340/2194 2683/341/2194
f 2675/383/2195 2683/341/2195 2676/343/2195
f 2676/345/2196 2683/346/2196 2682/347/2196 2681/348/2196 2680/349/2196 2679/350/2196 2678/351/2196 2677/352/2196
f 2675/384/2197 2676/385/2197 2661/386/2197
f 2676/361/2198 2684/362/2199 2677/315/2200
f 2677/363/2200 2684/316/2199 2685/317/2201
f 2677/364/2202 2685/365/2202 2678/319/2202
f 2678/366/2202 2685/320/2202 2686/321/2203
f 2678/367/2204 2686/368/2205 2679/323/2204
f 2679/369/2204 2686/324/2205 2687/325/2206
f 2679/370/2207 2687/371/2207 2680/327/2207
f 2680/372/2207 2687/328/2207 2688/329/2207
f 2680/375/2208 2688/387/2208 2681/331/2208
f 2681/376/2208 2688/332/2208 2689/333/2208
f 2681/377/2209 2689/378/2209 2682/335/2209
f 2682/379/2209 2689/336/2209 2690/337/2209
f 2682/380/2210 2690/381/2210 2683/339/2210
f 2683/382/2211 2690/340/2211 2691/341/2211
f 2683/383/2212 2691/341/2212 2684/343/2212
f 2683/344/2213 2684/388/2213 2676/384/2213
f 2684/345/2214 2691/346/2214 2690/347/2214 2689/348/2214 2688/349/2214 2687/350/2214 2686/351/2214 2685/352/2214
f 2684/361/2215 2692/362/2216 2685/315/2216
f 2685/363/2216 2692/316/2216 2693/317/2217
f 2685/364/2218 2693/365/2219 2686/319/2220
f 2686/366/2220 2693/320/2219 2694/321/2221
f 2686/367/2222 2694/368/2222 2687/323/2222
f 2687/369/2222 2694/324/2222 2695/325/2223
f 2687/370/2207 2695/371/2207 2688/327/2207
f 2688/372/2207 2695/328/2207 2696/329/2207
f 2688/375/2224 2696/387/2225 2689/331/2224
f 2689/376/2224 2696/332/2225 2697/333/2225
f 2689/377/2226 2697/378/2227 2690/335/2226
f 2690/379/2226 2697/336/2227 2698/337/2227
f 2690/380/2228 2698/381/2228 2691/339/2228
f 2691/382/2229 2698/340/2229 2699/341/2229
f 2691/383/2230 2699/341/2230 2692/343/2230
f 2691/344/2231 2692/388/2231 2684/384/2231
f 2692/345/2232 2699/346/2232 2698/347/2232 2697/348/2232 2696/349/2232 2695/350/2232 2694/351/2232 2693/352/2232
f 2692/361/2233 2700/362/2233 2693/315/2233
f 2693/363/2234 2700/316/2234 2701/317/2234
f 2693/364/2235 2701/365/2235 2694/319/2235
f 2694/366/2236 2701/320/2236 2702/321/2236
f 2694/367/2237 2702/368/2238 2695/323/2239
f 2695/369/2239 2702/324/2238 2703/325/2238
f 2695/370/2240 2703/371/2240 2696/327/2240
f 2696/372/2240 2703/328/2240 2704/329/2240
f 2696/375/2241 2704/387/2242 2697/331/2241
f 2697/376/2241 2704/332/2242 2705/333/2242
f 2697/377/2243 2705/378/2244 2698/335/2245
f 2698/379/2245 2705/336/2244 2706/337/2246
f 2698/380/2247 2706/381/2247 2699/339/2247
f 2699/382/2248 2706/340/2248 2707/341/2248
f 2699/383/2249 2707/341/2249 2700/343/2249
f 2699/344/2250 2700/388/2250 2692/384/2250
f 2700/345/2251 2707/346/2251 2706/347/2251 2705/348/2251 2704/349/2251 2703/350/2251 2702/351/2251 2701/352/2251
f 2700/389/2252 2708/390/2252 2701/361/2252
f 2701/363/2253 2708/316/2253 2709/317/2253
f 2701/364/2254 2709/365/2254 2702/319/2254
f 2702/366/2255 2709/320/2255 2710/321/2255
f 2702/367/2256 2710/368/2257 2703/323/2258
f 2703/369/2258 2710/324/2257 2711/325/2259
f 2703/370/2260 2711/371/2260 2704/327/2260
f 2704/372/2260 2711/328/2260 2712/329/2260
f 2704/375/2261 2712/387/2262 2705/331/2261
f 2705/376/2261 2712/332/2262 2713/333/2263
f 2705/377/2264 2713/378/2265 2706/335/2264
f 2706/379/2264 2713/336/2265 2714/337/2265
f 2706/380/2266 2714/381/2266 2707/339/2266
f 2707/382/2267 2714/340/2267 2715/341/2267
f 2707/383/2268 2715/341/2268 2708/343/2268
f 2707/344/2269 2708/388/2269 2700/384/2269
f 2708/345/2270 2715/346/2270 2714/347/2270 2713/348/2270 2712/349/2270 2711/350/2270 2710/351/2270 2709/352/2270
f 2708/361/2271 2716/362/2272 2709/315/2272
f 2709/363/2272 2716/316/2272 2717/317/2273
f 2709/364/2274 2717/365/2275 2710/319/2274
f 2710/366/2274 2717/320/2275 2718/321/2275
f 2710/367/2276 2718/368/2277 2711/323/2278
f 2711/369/2278 2718/324/2277 2719/325/2279
f 2711/370/2280 2719/371/2280 2712/327/2280
f 2712/372/2280 2719/328/2280 2720/329/2280
f 2712/375/2281 2720/387/2282 2713/331/2281
f 2713/376/2281 2720/332/2282 2721/333/2282
f 2713/377/2283 2721/378/2284 2714/335/2283
f 2714/379/2283 2721/336/2284 2722/337/2284
f 2714/380/2285 2722/381/2286 2715/339/2287
f 2715/382/2287 2722/340/2286 2723/341/2288
f 2715/383/2289 2723/341/2289 2716/343/2289
f 2715/344/2290 2716/388/2290 2708/384/2290
f 2716/345/2291 2723/346/2291 2722/347/2291 2721/348/2291 2720/349/2291 2719/350/2291 2718/351/2291 2717/352/2291
f 2716/361/2292 2724/362/2293 2717/315/2294
f 2717/363/2294 2724/316/2293 2725/317/2295
f 2717/364/2296 2725/365/2297 2718/319/2296
f 2718/366/2296 2725/320/2297 2726/321/2297
f 2718/367/2298 2726/368/2299 2719/323/2298
f 2719/369/2298 2726/324/2299 2727/325/2300
f 2719/370/2301 2727/371/2301 2720/327/2301
f 2720/372/2301 2727/328/2301 2728/329/2301
f 2720/375/2302 2728/387/2303 2721/331/2302
f 2721/376/2302 2728/332/2303 2729/333/2303
f 2721/377/2304 2729/378/2304 2722/335/2304
f 2722/379/2304 2729/336/2304 2730/337/2304
f 2722/380/2305 2730/381/2305 2723/339/2305
f 2723/382/2306 2730/340/2306 2731/341/2306
f 2723/383/2307 2731/341/2307 2724/343/2307
f 2723/344/2308 2724/388/2308 2716/384/2308
f 2724/345/2309 2731/346/2309 2730/347/2309 2729/348/2309 2728/349/2309 2727/350/2309 2726/351/2309 2725/352/2309
f 2724/361/2310 2732/362/2310 2725/315/2310
f 2725/363/2311 2732/316/2311 2733/317/2311
f 2725/364/2312 2733/365/2312 2726/319/2312
f 2726/366/2313 2733/320/2313 2734/321/2313
f 2726/367/2314 2734/368/2315 2727/323/2315
f 2727/369/2315 2734/324/2315 2735/325/2315
f 2727/370/2316 2735/371/2317 2728/327/2316
f 2728/372/2316 2735/328/2317 2736/329/2317
f 2728/375/2318 2736/387/2319 2729/331/2320
f 2729/376/2320 2736/332/2319 2737/333/2321
f 2729/377/2322 2737/378/2322 2730/335/2322
f 2730/379/2323 2737/336/2323 2738/337/2323
f 2730/380/2324 2738/381/2324 2731/339/2324
f 2731/382/2325 2738/340/2325 2739/341/2325
f 2731/383/2326 2739/341/2326 2732/343/2326
f 2731/344/2327 2732/388/2327 2724/384/2327
f 2732/345/2328 2739/346/2328 2738/347/2328 2737/348/2328 2736/349/2328 2735/350/2328 2734/351/2328 2733/352/2328
f 2732/389/2329 2740/390/2329 2733/361/2329
f 2733/363/2330 2740/316/2330 2741/317/2330
f 2733/364/2331 2741/365/2331 2734/319/2331
f 2734/366/2332 2741/320/2332 2742/321/2332
f 2734/367/2333 2742/368/2334 2735/323/2334
f 2735/369/2334 2742/324/2334 2743/325/2335
f 2735/370/2336 2743/371/2337 2736/327/2336
f 2736/372/2336 2743/328/2337 2744/329/2337
f 2736/375/2338 2744/387/2339 2737/331/2338
f 2737/376/2338 2744/332/2339 2745/333/2340
f 2737/377/2341 2745/378/2342 2738/335/2343
f 2738/379/2343 2745/336/2342 2746/337/2344
f 2738/391/2345 2746/392/2345 2739/380/2345
f 2739/382/2346 2746/340/2346 2747/341/2346
f 2739/383/2347 2747/341/2347 2740/343/2347
f 2739/344/2348 2740/388/2348 2732/384/2348
f 2740/345/2349 2747/346/2349 2746/347/2349 2745/348/2349 2744/349/2349 2743/350/2349 2742/351/2349 2741/352/2349
f 2740/361/2350 2748/362/2350 2741/315/2350
f 2741/363/2351 2748/316/2351 2749/317/2351
f 2741/364/2352 2749/365/2353 2742/319/2354
f 2742/366/2354 2749/320/2353 2750/321/2355
f 2742/367/2356 2750/368/2356 2743/323/2356
f 2743/369/2356 2750/324/2356 2751/325/2356
f 2743/370/2357 2751/371/2358 2744/327/2359
f 2744/372/2359 2751/328/2358 2752/329/2360
f 2744/375/2361 2752/387/2361 2745/331/2361
f 2745/376/2362 2752/332/2362 2753/333/2362
f 2745/377/2363 2753/378/2363 2746/335/2363
f 2746/379/2364 2753/336/2364 2754/337/2364
f 2746/391/2365 2754/392/2365 2747/380/2365
f 2747/382/2366 2754/340/2366 2755/341/2366
f 2747/383/2367 2755/341/2367 2748/343/2367
f 2747/344/2368 2748/388/2368 2740/384/2368
f 2748/345/2369 2755/346/2369 2754/347/2369 2753/348/2369 2752/349/2369 2751/350/2369 2750/351/2369 2749/352/2369
f 2748/361/2370 2756/362/2370 2749/315/2370
f 2749/363/2371 2756/316/2371 2757/317/2371
f 2749/364/2372 2757/365/2373 2750/319/2374
f 2750/366/2374 2757/320/2373 2758/321/2373
f 2750/367/2375 2758/368/2376 2751/323/2375
f 2751/369/2375 2758/324/2376 2759/325/2376
f 2751/370/2377 2759/371/2378 2752/327/2379
f 2752/372/2379 2759/328/2378 2760/329/2380
f 2752/373/2381 2760/374/2381 2753/375/2381
f 2753/376/2382 2760/332/2382 2761/333/2382
f 2753/393/2383 2761/394/2383 2762/377/2383
f 2762/377/2384 2761/378/2384 2754/335/2384
f 2754/379/2385 2761/336/2385 2763/337/2385
f 2754/391/2386 2763/392/2386 2764/380/2386
f 2764/380/2387 2763/381/2387 2755/339/2387
f 2755/382/2388 2763/340/2388 2765/341/2388
f 2755/383/2389 2765/341/2389 2756/343/2389
f 2756/345/2390 2765/346/2390 2763/347/2390 2761/348/2390 2760/349/2390 2759/350/2390 2758/351/2390 2757/352/2390
f 2755/384/2391 2756/385/2391 2748/386/2391
f 2748/395/2392 2749/396/2392 2750/397/2392 2751/398/2392 2752/399/2392 2753/400/2392 2762/401/2392 2754/402/2392 2764/403/2392 2755/404/2392
f 2756/361/2393 2766/362/2393 2757/315/2393
f 2757/363/2394 2766/316/2394 2767/317/2394
f 2757/364/2395 2767/365/2395 2758/319/2395
f 2758/366/2396 2767/320/2396 2768/321/2396
f 2758/367/2397 2768/368/2398 2759/323/2399
f 2759/369/2399 2768/324/2398 2769/325/2400
f 2759/370/2401 2769/371/2401 2760/327/2401
f 2760/372/2402 2769/328/2402 2770/329/2402
f 2760/375/2403 2770/387/2403 2761/331/2403
f 2761/376/2404 2770/332/2404 2771/333/2404
f 2761/377/2405 2771/378/2405 2763/335/2405
f 2763/379/2406 2771/336/2406 2772/337/2406
f 2763/391/2407 2772/392/2407 2765/380/2407
f 2765/382/2408 2772/340/2408 2773/341/2408
f 2765/383/2409 2773/341/2409 2766/343/2409
f 2765/344/2410 2766/388/2410 2756/384/2410
f 2766/345/2411 2773/346/2411 2772/347/2411 2771/348/2411 2770/349/2411 2769/350/2411 2768/351/2411 2767/352/2411
f 2766/389/2412 2774/390/2412 2767/361/2412
f 2767/363/2413 2774/316/2413 2775/317/2413
f 2767/364/2414 2775/365/2414 2768/319/2414
f 2768/366/2415 2775/320/2415 2776/321/2415
f 2768/367/2416 2776/368/2416 2769/323/2416
f 2769/369/2417 2776/324/2417 2777/325/2417
f 2769/327/2418 2777/328/2418 2778/329/2418 2770/330/2418
f 2770/375/2419 2778/387/2419 2771/331/2419
f 2771/376/2420 2778/332/2420 2779/333/2420
f 2771/377/2421 2779/378/2421 2772/335/2421
f 2772/379/2422 2779/336/2422 2780/337/2422
f 2772/391/2423 2780/392/2423 2773/380/2423
f 2773/382/2424 2780/340/2424 2781/341/2424
f 2773/383/2425 2781/341/2425 2774/343/2425
f 2773/344/2426 2774/388/2426 2766/384/2426
f 2774/345/2427 2781/346/2427 2780/347/2427 2779/348/2427 2778/349/2427 2777/350/2427 2776/351/2427 2775/352/2427
f 2774/315/2428 2782/316/2428 2783/317/2428 2775/318/2428
f 2775/364/2429 2783/365/2429 2776/319/2429
f 2776/366/2430 2783/320/2430 2784/321/2430
f 2776/367/2431 2784/368/2431 2777/323/2431
f 2777/369/2432 2784/324/2432 2785/325/2432
f 2777/405/2433 2785/406/2433 2778/370/2433
f 2778/372/2434 2785/328/2434 2786/329/2434
f 2778/373/2435 2786/374/2435 2779/375/2435
f 2779/376/2436 2786/332/2436 2787/333/2436
f 2779/393/2437 2787/394/2437 2788/377/2437
f 2788/377/2438 2787/378/2438 2780/335/2438
f 2780/379/2439 2787/336/2439 2789/337/2439
f 2780/391/2440 2789/392/2440 2790/380/2440
f 2790/380/2441 2789/381/2441 2781/339/2441
f 2781/382/2442 2789/340/2442 2791/341/2442
f 2781/383/2443 2791/341/2443 2782/343/2443
f 2782/345/2444 2791/346/2444 2789/347/2444 2787/348/2444 2786/349/2444 2785/350/2444 2784/351/2444 2783/352/2444
f 2781/384/2445 2782/385/2445 2774/386/2445
f 2774/407/2446 2775/408/2446 2776/397/2446 2777/409/2446 2778/410/2446 2779/400/2446 2788/401/2446 2780/402/2446 2790/403/2446 2781/404/2446
f 2782/361/2447 2792/362/2447 2783/315/2447
f 2783/363/2448 2792/316/2448 2793/317/2448
f 2783/364/2449 2793/365/2449 2784/319/2449
f 2784/366/2450 2793/320/2450 2794/321/2450
f 2784/367/2451 2794/368/2451 2785/323/2451
f 2785/369/2452 2794/324/2452 2795/325/2452
f 2785/370/2453 2795/371/2453 2786/327/2453
f 2786/372/2454 2795/328/2454 2796/329/2454
f 2786/375/2455 2796/387/2455 2787/331/2455
f 2787/376/2456 2796/332/2456 2797/333/2456
f 2787/393/2457 2797/394/2457 2798/377/2457
f 2798/377/2458 2797/378/2458 2789/335/2458
f 2789/379/2459 2797/336/2459 2799/337/2459
f 2789/391/2460 2799/392/2460 2800/380/2460
f 2800/380/2461 2799/381/2461 2791/339/2461
f 2791/382/2462 2799/340/2462 2801/341/2462
f 2791/383/2463 2801/341/2463 2792/343/2463
f 2791/344/2464 2792/388/2464 2782/384/2464
f 2792/345/2465 2801/346/2465 2799/347/2465 2797/348/2465 2796/349/2465 2795/350/2465 2794/351/2465 2793/352/2465
f 2782/411/2466 2783/396/2466 2784/397/2466 2785/398/2466 2786/412/2466 2787/413/2466 2798/401/2466 2789/402/2466 2800/403/2466 2791/414/2466
f 2792/389/2467 2802/390/2467 2793/361/2467
f 2793/363/2468 2802/316/2468 2803/317/2468
f 2793/364/2469 2803/365/2469 2794/319/2469
f 2794/366/2470 2803/320/2470 2804/321/2470
f 2794/367/2471 2804/368/2471 2795/323/2471
f 2795/369/2472 2804/324/2472 2805/325/2472
f 2795/327/2473 2805/328/2473 2806/329/2473 2796/330/2473
f 2796/375/2474 2806/387/2474 2797/331/2474
f 2797/376/2475 2806/332/2475 2807/333/2475
f 2797/377/2476 2807/378/2476 2799/335/2476
f 2799/379/2477 2807/336/2477 2808/337/2477
f 2799/391/2478 2808/392/2478 2801/380/2478
f 2801/382/2479 2808/340/2479 2809/341/2479
f 2801/383/2480 2809/341/2480 2802/343/2480
f 2801/344/2481 2802/388/2481 2792/384/2481
f 2802/345/2482 2809/346/2482 2808/347/2482 2807/348/2482 2806/349/2482 2805/350/2482 2804/351/2482 2803/352/2482
f 2802/315/2483 2810/316/2483 2811/317/2483 2803/318/2483
f 2803/364/2484 2811/365/2484 2804/319/2484
f 2804/366/2485 2811/320/2485 2812/321/2485
f 2804/367/2486 2812/368/2486 2805/323/2486
f 2805/369/2487 2812/324/2487 2813/325/2487
f 2805/405/2488 2813/406/2488 2806/370/2488
f 2806/372/2489 2813/328/2489 2814/329/2489
f 2806/373/2490 2814/374/2490 2807/375/2490
f 2807/376/2491 2814/332/2491 2815/333/2491
f 2807/393/2492 2815/394/2492 2816/377/2492
f 2816/377/2493 2815/378/2493 2808/335/2493
f 2808/379/2494 2815/336/2494 2817/337/2494
f 2808/391/2495 2817/392/2495 2818/380/2495
f 2818/380/2496 2817/381/2496 2809/339/2496
f 2809/382/2497 2817/340/2497 2819/341/2497
f 2809/383/2498 2819/341/2498 2810/343/2498
f 2810/345/2499 2819/346/2499 2817/347/2499 2815/348/2499 2814/349/2499 2813/350/2499 2812/351/2499 2811/352/2499
f 2809/384/2500 2810/385/2500 2802/386/2500
f 2802/407/2501 2803/408/2501 2804/397/2501 2805/409/2501 2806/410/2501 2807/400/2501 2816/401/2501 2808/402/2501 2818/403/2501 2809/404/2501
f 2810/361/2502 2820/362/2503 2811/315/2504
f 2811/363/2504 2820/316/2503 2821/317/2505
f 2811/364/2506 2821/365/2506 2812/319/2507
f 2812/366/2507 2821/320/2506 2822/321/2508
f 2812/367/2509 2822/368/2510 2813/323/2509
f 2813/369/2509 2822/324/2510 2823/325/2510
f 2813/370/2511 2823/371/2512 2814/327/2511
f 2814/372/2511 2823/328/2512 2824/329/2512
f 2814/375/2513 2824/387/2514 2815/331/2515
f 2815/376/2515 2824/332/2514 2825/333/2516
f 2815/393/2517 2825/394/2517 2826/377/2517
f 2826/377/2518 2825/378/2518 2817/335/2518
f 2817/379/2519 2825/336/2519 2827/337/2519
f 2817/391/2520 2827/392/2520 2828/380/2520
f 2828/380/2521 2827/381/2521 2819/339/2521
f 2819/382/2522 2827/340/2522 2829/341/2522
f 2819/383/2523 2829/341/2523 2820/343/2523
f 2819/344/2524 2820/388/2524 2810/384/2524
f 2820/345/2525 2829/346/2525 2827/347/2525 2825/348/2525 2824/349/2525 2823/350/2525 2822/351/2525 2821/352/2525
f 2810/411/2526 2811/396/2526 2812/397/2526 2813/398/2526 2814/412/2526 2815/413/2526 2826/401/2526 2817/402/2526 2828/403/2526 2819/414/2526
f 2820/361/2527 2830/362/2527 2821/315/2527
f 2821/363/2528 2830/316/2528 2831/317/2528
f 2821/364/2529 2831/365/2530 2822/319/2529
f 2822/366/2529 2831/320/2530 2832/321/2530
f 2822/367/2531 2832/368/2532 2823/323/2533
f 2823/369/2533 2832/324/2532 2833/325/2534
f 2823/370/2535 2833/371/2536 2824/327/2537
f 2824/372/2537 2833/328/2536 2834/329/2538
f 2824/375/2539 2834/387/2539 2825/331/2539
f 2825/376/2540 2834/332/2540 2835/333/2540
f 2825/393/2541 2835/394/2541 2836/377/2541
f 2836/377/2542 2835/378/2542 2827/335/2542
f 2827/379/2543 2835/336/2543 2837/337/2543
f 2827/391/2544 2837/392/2544 2838/380/2544
f 2838/380/2545 2837/381/2545 2829/339/2545
f 2829/382/2546 2837/340/2546 2839/341/2546
f 2829/383/2547 2839/341/2547 2830/343/2547
f 2829/344/2548 2830/388/2548 2820/384/2548
f 2830/345/2549 2839/346/2549 2837/347/2549 2835/348/2549 2834/349/2549 2833/350/2549 2832/351/2549 2831/352/2549
f 2820/411/2550 2821/396/2550 2822/397/2550 2823/398/2550 2824/412/2550 2825/413/2550 2836/401/2550 2827/402/2550 2838/403/2550 2829/414/2550
f 2830/361/2551 2840/362/2551 2831/315/2551
f 2831/363/2552 2840/316/2552 2841/317/2552
f 2831/364/2553 2841/365/2554 2832/319/2553
f 2832/366/2553 2841/320/2554 2842/321/2554
f 2832/367/2555 2842/368/2556 2833/323/2557
f 2833/369/2557 2842/324/2556 2843/325/2558
f 2833/370/2559 2843/371/2559 2834/327/2559
f 2834/372/2560 2843/328/2560 2844/329/2560
f 2834/373/2561 2844/374/2561 2835/375/2561
f 2835/376/2562 2844/332/2562 2845/333/2562
f 2835/393/2563 2845/394/2563 2837/377/2563
f 2837/379/2564 2845/336/2564 2846/337/2564
f 2837/380/2565 2846/381/2565 2839/339/2565
f 2839/382/2566 2846/340/2566 2847/341/2566
f 2839/383/2567 2847/341/2567 2840/343/2567
f 2840/345/2568 2847/346/2568 2846/347/2568 2845/348/2568 2844/349/2568 2843/350/2568 2842/351/2568 2841/352/2568
f 2839/384/2569 2840/385/2569 2830/386/2569
f 2840/361/2570 2848/362/2571 2841/315/2572
f 2841/363/2572 2848/316/2571 2849/317/2572
f 2841/364/2573 2849/365/2574 2842/319/2573
f 2842/366/2573 2849/320/2574 2850/321/2574
f 2842/367/2575 2850/368/2576 2843/323/2575
f 2843/369/2575 2850/324/2576 2851/325/2576
f 2843/370/2577 2851/371/2578 2844/327/2577
f 2844/372/2577 2851/328/2578 2852/329/2578
f 2844/375/2579 2852/387/2580 2845/331/2581
f 2845/376/2581 2852/332/2580 2853/333/2580
f 2845/377/2582 2853/378/2583 2846/335/2582
f 2846/379/2582 2853/336/2583 2854/337/2583
f 2846/380/2584 2854/381/2585 2847/339/2586
f 2847/382/2586 2854/340/2585 2855/341/2587
f 2847/383/2588 2855/341/2588 2848/343/2588
f 2847/344/2589 2848/388/2589 2840/384/2589
f 2848/345/2590 2855/346/2590 2854/347/2590 2853/348/2590 2852/349/2590 2851/350/2590 2850/351/2590 2849/352/2590
f 2848/361/2591 2856/362/2592 2849/315/2591
f 2849/363/2591 2856/316/2592 2857/317/2593
f 2849/364/2594 2857/365/2595 2850/319/2594
f 2850/366/2594 2857/320/2595 2858/321/2595
f 2850/367/2596 2858/368/2597 2851/323/2597
f 2851/369/2597 2858/324/2597 2859/325/2598
f 2851/370/2599 2859/371/2600 2852/327/2599
f 2852/372/2599 2859/328/2600 2860/329/2601
f 2852/375/2602 2860/387/2603 2853/331/2604
f 2853/376/2604 2860/332/2603 2861/333/2603
f 2853/377/2605 2861/378/2606 2854/335/2605
f 2854/379/2605 2861/336/2606 2862/337/2606
f 2854/380/2607 2862/381/2608 2855/339/2609
f 2855/382/2609 2862/340/2608 2863/341/2610
f 2855/383/2611 2863/341/2611 2856/343/2611
f 2855/344/2612 2856/388/2612 2848/384/2612
f 2856/345/2613 2863/346/2613 2862/347/2613 2861/348/2613 2860/349/2613 2859/350/2613 2858/351/2613 2857/352/2613
f 2856/361/2614 2864/362/2615 2857/315/2616
f 2857/363/2616 2864/316/2615 2865/317/2617
f 2857/364/2618 2865/365/2619 2858/319/2618
f 2858/366/2618 2865/320/2619 2866/321/2619
f 2858/367/2620 2866/368/2621 2859/323/2622
f 2859/369/2622 2866/324/2621 2867/325/2621
f 2859/370/2623 2867/371/2624 2860/327/2623
f 2860/372/2623 2867/328/2624 2868/329/2624
f 2860/375/2625 2868/387/2626 2861/331/2625
f 2861/376/2625 2868/332/2626 2869/333/2626
f 2861/377/2627 2869/378/2627 2862/335/2627
f 2862/379/2627 2869/336/2627 2870/337/2627
f 2862/380/2628 2870/381/2628 2863/339/2628
f 2863/382/2629 2870/340/2629 2871/341/2629
f 2863/383/2630 2871/341/2630 2864/343/2630
f 2863/344/2631 2864/388/2631 2856/384/2631
f 2864/345/2632 2871/346/2632 2870/347/2632 2869/348/2632 2868/349/2632 2867/350/2632 2866/351/2632 2865/352/2632
f 2864/361/2633 2872/362/2634 2865/315/2633
f 2865/363/2633 2872/316/2634 2873/317/2635
f 2865/364/2636 2873/365/2636 2866/319/2636
f 2866/366/2636 2873/320/2636 2874/321/2636
f 2866/367/2637 2874/368/2638 2867/323/2637
f 2867/369/2637 2874/324/2638 2875/325/2638
f 2867/370/2639 2875/371/2639 2868/327/2639
f 2868/372/2639 2875/328/2639 2876/329/2639
f 2868/375/2640 2876/387/2641 2869/331/2640
f 2869/376/2640 2876/332/2641 2877/333/2641
f 2869/377/2642 2877/378/2642 2870/335/2642
f 2870/379/2642 2877/336/2642 2878/337/2642
f 2870/380/2643 2878/381/2644 2871/339/2645
f 2871/382/2645 2878/340/2644 2879/341/2646
f 2871/383/2647 2879/341/2647 2872/343/2647
f 2871/344/2648 2872/388/2648 2864/384/2648
f 2872/345/2649 2879/346/2649 2878/347/2649 2877/348/2649 2876/349/2649 2875/350/2649 2874/351/2649 2873/352/2649
f 2872/361/2650 2880/362/2651 2873/315/2652
f 2873/363/2652 2880/316/2651 2881/317/2653
f 2873/364/2654 2881/365/2655 2874/319/2654
f 2874/366/2654 2881/320/2655 2882/321/2655
f 2874/367/2656 2882/368/2656 2875/323/2656
f 2875/369/2656 2882/324/2656 2883/325/2657
f 2875/370/2658 2883/371/2658 2876/327/2658
f 2876/372/2658 2883/328/2658 2884/329/2659
f 2876/375/2660 2884/387/2660 2877/331/2660
f 2877/376/2660 2884/332/2660 2885/333/2660
f 2877/377/2661 2885/378/2662 2878/335/2662
f 2878/379/2662 2885/336/2662 2886/337/2662
f 2878/380/2663 2886/381/2664 2879/339/2665
f 2879/382/2665 2886/340/2664 2887/341/2666
f 2879/383/2667 2887/341/2667 2880/343/2667
f 2879/344/2668 2880/388/2668 2872/384/2668
f 2880/345/2669 2887/346/2669 2886/347/2669 2885/348/2669 2884/349/2669 2883/350/2669 2882/351/2669 2881/352/2669
f 2880/361/2670 2888/362/2670 2881/315/2670
f 2881/363/2670 2888/316/2670 2889/317/2671
f 2881/364/2672 2889/365/2672 2882/319/2672
f 2882/366/2672 2889/320/2672 2890/321/2672
f 2882/367/2673 2890/368/2673 2883/323/2673
f 2883/369/2673 2890/324/2673 2891/325/2673
f 2883/370/2674 2891/371/2674 2884/327/2674
f 2884/372/2674 2891/328/2674 2892/329/2674
f 2884/375/2675 2892/387/2675 2885/331/2675
f 2885/376/2675 2892/332/2675 2893/333/2675
f 2885/377/2676 2893/378/2676 2886/335/2676
f 2886/379/2676 2893/336/2676 2894/337/2676
f 2886/380/2677 2894/381/2678 2887/339/2679
f 2887/382/2679 2894/340/2678 2895/341/2680
f 2887/383/2681 2895/341/2681 2888/343/2681
f 2887/344/2682 2888/388/2682 2880/384/2682
f 2888/345/2683 2895/346/2683 2894/347/2683 2893/348/2683 2892/349/2683 2891/350/2683 2890/351/2683 2889/352/2683
f 2888/361/2684 2896/362/2685 2889/315/2684
f 2889/363/2684 2896/316/2685 2897/317/2685
f 2889/364/2686 2897/365/2686 2890/319/2686
f 2890/366/2686 2897/320/2686 2898/321/2686
f 2890/367/2687 2898/368/2687 2891/323/2687
f 2891/369/2687 2898/324/2687 2899/325/2687
f 2891/370/2659 2899/371/2659 2892/327/2659
f 2892/372/2659 2899/328/2659 2900/329/2659
f 2892/375/2688 2900/387/2689 2893/331/2688
f 2893/376/2688 2900/332/2689 2901/333/2689
f 2893/377/2690 2901/378/2690 2894/335/2690
f 2894/379/2690 2901/336/2690 2902/337/2690
f 2894/380/2691 2902/381/2692 2895/339/2693
f 2895/382/2693 2902/340/2692 2903/341/2694
f 2895/383/2695 2903/341/2695 2896/343/2695
f 2895/344/2696 2896/388/2696 2888/384/2696
f 2896/345/2697 2903/346/2697 2902/347/2697 2901/348/2697 2900/349/2697 2899/350/2697 2898/351/2697 2897/352/2697
f 2896/361/2698 2904/362/2699 2897/315/2700
f 2897/363/2700 2904/316/2699 2905/317/2701
f 2897/364/2702 2905/365/2702 2898/319/2702
f 2898/366/2702 2905/320/2702 2906/321/2702
f 2898/367/2703 2906/368/2703 2899/323/2703
f 2899/369/2703 2906/324/2703 2907/325/2704
f 2899/370/2705 2907/371/2706 2900/327/2705
f 2900/372/2705 2907/328/2706 2908/329/2706
f 2900/375/2707 2908/387/2708 2901/331/2707
f 2901/376/2707 2908/332/2708 2909/333/2708
f 2901/377/2709 2909/378/2709 2902/335/2709
f 2902/379/2709 2909/336/2709 2910/337/2709
f 2902/380/2710 2910/381/2711 2903/339/2712
f 2903/382/2712 2910/340/2711 2911/341/2713
f 2903/383/2714 2911/341/2714 2904/343/2714
f 2903/344/2715 2904/388/2715 2896/384/2715
f 2904/345/2716 2911/346/2716 2910/347/2716 2909/348/2716 2908/349/2716 2907/350/2716 2906/351/2716 2905/352/2716
f 2904/361/2717 2912/362/2718 2905/315/2719
f 2905/363/2719 2912/316/2718 2913/317/2720
f 2905/364/2721 2913/365/2721 2906/319/2721
f 2906/366/2721 2913/320/2721 2914/321/2721
f 2906/367/2722 2914/368/2722 2907/323/2722
f 2907/369/2722 2914/324/2722 2915/325/2722
f 2907/370/2723 2915/371/2723 2908/327/2723
f 2908/372/2723 2915/328/2723 2916/329/2723
f 2908/375/2724 2916/387/2725 2909/331/2724
f 2909/376/2724 2916/332/2725 2917/333/2725
f 2909/377/2726 2917/378/2726 2910/335/2726
f 2910/379/2726 2917/336/2726 2918/337/2726
f 2910/380/2727 2918/381/2727 2911/339/2727
f 2911/382/2728 2918/340/2728 2919/341/2728
f 2911/383/2729 2919/341/2729 2912/343/2729
f 2911/344/2730 2912/388/2730 2904/384/2730
f 2912/345/2731 2919/346/2731 2918/347/2731 2917/348/2731 2916/349/2731 2915/350/2731 2914/351/2731 2913/352/2731
f 2912/361/2732 2920/362/2733 2913/315/2734
f 2913/363/2734 2920/316/2733 2921/317/2735
f 2913/364/2736 2921/365/2737 2914/319/2736
f 2914/366/2736 2921/320/2737 2922/321/2737
f 2914/367/2738 2922/368/2739 2915/323/2740
f 2915/369/2740 2922/324/2739 2923/325/2739
f 2915/370/2723 2923/371/2741 2916/327/2723
f 2916/372/2723 2923/328/2741 2924/329/2741
f 2916/375/2725 2924/387/2742 2917/331/2725
f 2917/376/2725 2924/332/2742 2925/333/2742
f 2917/377/2726 2925/378/2743 2918/335/2726
f 2918/379/2726 2925/336/2743 2926/337/2743
f 2918/380/2744 2926/381/2744 2919/339/2744
f 2919/382/2745 2926/340/2745 2927/341/2745
f 2919/383/2746 2927/341/2746 2920/343/2746
f 2919/344/2747 2920/388/2747 2912/384/2747
f 2920/345/2748 2927/346/2748 2926/347/2748 2925/348/2748 2924/349/2748 2923/350/2748 2922/351/2748 2921/352/2748
f 2920/361/2749 2928/362/2750 2921/315/2751
f 2921/363/2751 2928/316/2750 2929/317/2752
f 2921/364/2753 2929/365/2754 2922/319/2753
f 2922/366/2753 2929/320/2754 2930/321/2754
f 2922/367/2755 2930/368/2756 2923/323/2755
f 2923/369/2755 2930/324/2756 2931/325/2756
f 2923/370/2757 2931/371/2758 2924/327/2757
f 2924/372/2757 2931/328/2758 2932/329/2758
f 2924/375/2759 2932/387/2760 2925/331/2761
f 2925/376/2761 2932/332/2760 2933/333/2760
f 2925/377/2762 2933/378/2763 2926/335/2762
f 2926/379/2762 2933/336/2763 2934/337/2764
f 2926/380/2765 2934/381/2765 2927/339/2765
f 2927/382/2766 2934/340/2766 2935/341/2766
f 2927/383/2767 2935/341/2767 2928/343/2767
f 2927/344/2768 2928/388/2768 2920/384/2768
f 2928/345/2769 2935/346/2769 2934/347/2769 2933/348/2769 2932/349/2769 2931/350/2769 2930/351/2769 2929/352/2769
f 2928/361/2770 2936/362/2771 2929/315/2770
f 2929/363/2770 2936/316/2771 2937/317/2771
f 2929/364/2772 2937/365/2772 2930/319/2772
f 2930/366/2772 2937/320/2772 2938/321/2772
f 2930/367/2773 2938/368/2774 2931/323/2773
f 2931/369/2773 2938/324/2774 2939/325/2774
f 2931/370/2775 2939/371/2775 2932/327/2775
f 2932/372/2775 2939/328/2775 2940/329/2775
f 2932/375/2776 2940/387/2777 2933/331/2777
f 2933/376/2777 2940/332/2777 2941/333/2777
f 2933/377/2778 2941/378/2778 2934/335/2778
f 2934/379/2778 2941/336/2778 2942/337/2778
f 2934/380/2779 2942/381/2780 2935/339/2781
f 2935/382/2781 2942/340/2780 2943/341/2782
f 2935/383/2783 2943/341/2783 2936/343/2783
f 2935/344/2784 2936/388/2784 2928/384/2784
f 2936/345/2785 2943/346/2785 2942/347/2785 2941/348/2785 2940/349/2785 2939/350/2785 2938/351/2785 2937/352/2785
f 2936/361/2786 2944/362/2787 2937/315/2788
f 2937/363/2788 2944/316/2787 2945/317/2789
f 2937/364/2790 2945/365/2791 2938/319/2790
f 2938/366/2790 2945/320/2791 2946/321/2791
f 2938/367/2792 2946/368/2792 2939/323/2792
f 2939/369/2792 2946/324/2792 2947/325/2792
f 2939/370/2793 2947/371/2793 2940/327/2793
f 2940/372/2793 2947/328/2793 2948/329/2793
f 2940/375/2794 2948/387/2795 2941/331/2794
f 2941/376/2794 2948/332/2795 2949/333/2795
f 2941/377/2796 2949/378/2797 2942/335/2796
f 2942/379/2796 2949/336/2797 2950/337/2797
f 2942/380/2798 2950/381/2798 2943/339/2798
f 2943/382/2799 2950/340/2799 2951/341/2799
f 2943/383/2800 2951/341/2800 2944/343/2800
f 2943/344/2801 2944/388/2801 2936/384/2801
f 2944/345/2802 2951/346/2802 2950/347/2802 2949/348/2802 2948/349/2802 2947/350/2802 2946/351/2802 2945/352/2802
f 2944/361/2803 2952/362/2804 2945/315/2805
f 2945/363/2805 2952/316/2804 2953/317/2806
f 2945/364/2807 2953/365/2808 2946/319/2807
f 2946/366/2807 2953/320/2808 2954/321/2808
f 2946/367/2809 2954/368/2809 2947/323/2809
f 2947/369/2810 2954/324/2810 2955/325/2810
f 2947/370/2811 2955/371/2811 2948/327/2811
f 2948/372/2812 2955/328/2812 2956/329/2812
f 2948/375/2813 2956/387/2813 2949/331/2813
f 2949/376/2814 2956/332/2814 2957/333/2814
f 2949/377/2815 2957/378/2816 2950/335/2815
f 2950/379/2815 2957/336/2816 2958/337/2816
f 2950/380/2817 2958/381/2817 2951/339/2817
f 2951/382/2818 2958/340/2818 2959/341/2818
f 2951/383/2819 2959/341/2819 2952/343/2819
f 2951/344/2820 2952/388/2820 2944/384/2820
f 2952/345/2821 2959/346/2821 2958/347/2821 2957/348/2821 2956/349/2821 2955/350/2821 2954/351/2821 2953/352/2821
f 2952/361/2822 2960/362/2823 2953/315/2824
f 2953/363/2824 2960/316/2823 2961/317/2825
f 2953/364/2826 2961/365/2827 2954/319/2826
f 2954/366/2826 2961/320/2827 2962/321/2827
f 2954/367/2828 2962/368/2828 2955/323/2828
f 2955/369/2829 2962/324/2829 2963/325/2829
f 2955/405/2830 2963/406/2830 2956/370/2830
f 2956/372/2831 2963/328/2831 2964/329/2831
f 2956/375/2832 2964/387/2832 2957/331/2832
f 2957/376/2833 2964/332/2833 2965/333/2833
f 2957/377/2834 2965/378/2835 2958/335/2834
f 2958/379/2834 2965/336/2835 2966/337/2835
f 2958/380/2836 2966/381/2836 2959/339/2836
f 2959/382/2837 2966/340/2837 2967/341/2837
f 2959/383/2838 2967/341/2838 2960/343/2838
f 2959/344/2839 2960/388/2839 2952/384/2839
f 2960/345/2840 2967/346/2840 2966/347/2840 2965/348/2840 2964/349/2840 2963/350/2840 2962/351/2840 2961/352/2840
f 2960/361/2841 2968/362/2842 2961/315/2843
f 2961/363/2843 2968/316/2842 2969/317/2844
f 2961/364/2845 2969/365/2846 2962/319/2845
f 2962/366/2845 2969/320/2846 2970/321/2846
f 2962/367/2847 2970/368/2848 2963/323/2847
f 2963/369/2847 2970/324/2848 2971/325/2848
f 2963/370/2849 2971/371/2850 2964/327/2849
f 2964/372/2849 2971/328/2850 2972/329/2850
f 2964/375/2851 2972/387/2852 2965/331/2851
f 2965/376/2851 2972/332/2852 2973/333/2852
f 2965/377/2853 2973/378/2854 2966/335/2853
f 2966/379/2853 2973/336/2854 2974/337/2854
f 2966/380/2855 2974/381/2856 2967/339/2857
f 2967/382/2857 2974/340/2856 2975/341/2858
f 2967/383/2859 2975/341/2859 2968/343/2859
f 2967/344/2860 2968/388/2860 2960/384/2860
f 2968/345/2861 2975/346/2861 2974/347/2861 2973/348/2861 2972/349/2861 2971/350/2861 2970/351/2861 2969/352/2861
f 2968/361/2862 2976/362/2863 2969/315/2864
f 2969/363/2864 2976/316/2863 2977/317/2865
f 2969/364/2866 2977/365/2867 2970/319/2866
f 2970/366/2866 2977/320/2867 2978/321/2867
f 2970/367/2868 2978/368/2869 2971/323/2868
f 2971/369/2868 2978/324/2869 2979/325/2869
f 2971/370/2870 2979/371/2870 2972/327/2870
f 2972/372/2870 2979/328/2870 2980/329/2870
f 2972/375/2871 2980/387/2871 2973/331/2871
f 2973/376/2871 2980/332/2871 2981/333/2871
f 2973/377/2872 2981/378/2873 2974/335/2872
f 2974/379/2872 2981/336/2873 2982/337/2873
f 2974/380/2874 2982/381/2874 2975/339/2874
f 2975/382/2875 2982/340/2875 2983/341/2875
f 2975/383/2876 2983/341/2876 2976/343/2876
f 2975/344/2877 2976/388/2877 2968/384/2877
f 2976/345/2878 2983/346/2878 2982/347/2878 2981/348/2878 2980/349/2878 2979/350/2878 2978/351/2878 2977/352/2878
f 2976/361/2879 2984/362/2880 2977/315/2881
f 2977/363/2881 2984/316/2880 2985/317/2882
f 2977/364/2883 2985/365/2884 2978/319/2883
f 2978/366/2883 2985/320/2884 2986/321/2884
f 2978/367/2885 2986/368/2885 2979/323/2885
f 2979/369/2886 2986/324/2886 2987/325/2886
f 2979/370/2887 2987/371/2887 2980/327/2887
f 2980/372/2888 2987/328/2888 2988/329/2888
f 2980/375/2889 2988/387/2889 2981/331/2889
f 2981/376/2890 2988/332/2890 2989/333/2890
f 2981/377/2891 2989/378/2892 2982/335/2893
f 2982/379/2893 2989/336/2892 2990/337/2892
f 2982/380/2894 2990/381/2894 2983/339/2894
f 2983/382/2895 2990/340/2895 2991/341/2895
f 2983/383/2896 2991/341/2896 2984/343/2896
f 2983/344/2897 2984/388/2897 2976/384/2897
f 2984/345/2898 2991/346/2898 2990/347/2898 2989/348/2898 2988/349/2898 2987/350/2898 2986/351/2898 2985/352/2898
f 2984/361/2899 2992/362/2900 2985/315/2901
f 2985/363/2901 2992/316/2900 2993/317/2902
f 2985/364/2903 2993/365/2904 2986/319/2903
f 2986/366/2903 2993/320/2904 2994/321/2905
f 2986/367/2906 2994/368/2906 2987/323/2906
f 2987/369/2907 2994/324/2907 2995/325/2907
f 2987/405/2908 2995/406/2908 2988/370/2908
f 2988/372/2909 2995/328/2909 2996/329/2909
f 2988/375/2910 2996/387/2910 2989/331/2910
f 2989/376/2911 2996/332/2911 2997/333/2911
f 2989/377/2912 2997/378/2913 2990/335/2914
f 2990/379/2914 2997/336/2913 2998/337/2913
f 2990/380/2915 2998/381/2915 2991/339/2915
f 2991/382/2916 2998/340/2916 2999/341/2916
f 2991/383/2917 2999/341/2917 2992/343/2917
f 2991/344/2918 2992/388/2918 2984/384/2918
f 2992/345/2919 2999/346/2919 2998/347/2919 2997/348/2919 2996/349/2919 2995/350/2919 2994/351/2919 2993/352/2919
f 2992/361/2920 3000/362/2921 2993/315/2922
f 2993/363/2922 3000/316/2921 3001/317/2923
f 2993/364/2924 3001/365/2925 2994/319/2924
f 2994/366/2924 3001/320/2925 3002/321/2925
f 2994/367/2926 3002/368/2926 2995/323/2927
f 2995/369/2927 3002/324/2926 3003/325/2927
f 2995/370/2928 3003/371/2929 2996/327/2928
f 2996/372/2928 3003/328/2929 3004/329/2929
f 2996/375/2930 3004/387/2931 2997/331/2930
f 2997/376/2930 3004/332/2931 3005/333/2931
f 2997/377/2932 3005/378/2933 2998/335/2934
f 2998/379/2934 3005/336/2933 3006/337/2933
f 2998/380/2935 3006/381/2936 2999/339/2937
f 2999/382/2937 3006/340/2936 3007/341/2938
f 2999/383/2939 3007/341/2939 3000/343/2939
f 2999/344/2940 3000/388/2940 2992/384/2940
f 3000/345/2941 3007/346/2941 3006/347/2941 3005/348/2941 3004/349/2941 3003/350/2941 3002/351/2941 3001/352/2941
f 3000/361/2942 3008/362/2943 3001/315/2944
f 3001/363/2944 3008/316/2943 3009/317/2945
f 3001/364/2946 3009/365/2947 3002/319/2946
f 3002/366/2946 3009/320/2947 3010/321/2947
f 3002/367/2948 3010/368/2948 3003/323/2948
f 3003/369/2948 3010/324/2948 3011/325/2949
f 3003/370/2950 3011/371/2951 3004/327/2950
f 3004/372/2950 3011/328/2951 3012/329/2951
f 3004/375/2952 3012/387/2953 3005/331/2954
f 3005/376/2954 3012/332/2953 3013/333/2953
f 3005/377/2955 3013/378/2956 3006/335/2955
f 3006/379/2955 3013/336/2956 3014/337/2956
f 3006/380/2957 3014/381/2957 3007/339/2957
f 3007/382/2958 3014/340/2958 3015/341/2958
f 3007/383/2959 3015/341/2959 3008/343/2959
f 3007/344/2960 3008/388/2960 3000/384/2960
f 3008/345/2961 3015/346/2961 3014/347/2961 3013/348/2961 3012/349/2961 3011/350/2961 3010/351/2961 3009/352/2961
f 3008/361/2962 3016/362/2963 3009/315/2964
f 3009/363/2964 3016/316/2963 3017/317/2965
f 3009/364/2966 3017/365/2967 3010/319/2966
f 3010/366/2966 3017/320/2967 3018/321/2967
f 3010/367/2968 3018/368/2969 3011/323/2968
f 3011/369/2968 3018/324/2969 3019/325/2969
f 3011/370/2951 3019/371/2951 3012/327/2951
f 3012/372/2951 3019/328/2951 3020/329/2951
f 3012/375/2970 3020/387/2971 3013/331/2970
f 3013/376/2970 3020/332/2971 3021/333/2971
f 3013/377/2972 3021/378/2973 3014/335/2972
f 3014/379/2972 3021/336/2973 3022/337/2973
f 3014/380/2974 3022/381/2974 3015/339/2974
f 3015/382/2975 3022/340/2975 3023/341/2975
f 3015/383/2976 3023/341/2976 3016/343/2976
f 3015/344/2977 3016/388/2977 3008/384/2977
f 3016/345/2978 3023/346/2978 3022/347/2978 3021/348/2978 3020/349/2978 3019/350/2978 3018/351/2978 3017/352/2978
f 3016/361/2979 3024/362/2979 3017/315/2979
f 3017/363/2980 3024/316/2980 3025/317/2980
f 3017/364/2981 3025/365/2982 3018/319/2981
f 3018/366/2981 3025/320/2982 3026/321/2982
f 3018/367/2983 3026/368/2983 3019/323/2983
f 3019/369/2984 3026/324/2984 3027/325/2984
f 3019/370/2985 3027/371/2985 3020/327/2985
f 3020/372/2986 3027/328/2986 3028/329/2986
f 3020/375/2987 3028/387/2987 3021/331/2987
f 3021/376/2988 3028/332/2988 3029/333/2988
f 3021/377/2989 3029/378/2989 3022/335/2989
f 3022/379/2990 3029/336/2990 3030/337/2990
f 3022/380/2991 3030/381/2991 3023/339/2991
f 3023/382/2992 3030/340/2992 3031/341/2992
f 3023/383/2993 3031/341/2993 3024/343/2993
f 3023/344/2994 3024/388/2994 3016/384/2994
f 3024/345/2995 3031/346/2995 3030/347/2995 3029/348/2995 3028/349/2995 3027/350/2995 3026/351/2995 3025/352/2995
f 3024/361/2996 3032/362/2997 3025/315/2998
f 3025/363/2998 3032/316/2997 3033/317/2999
f 3025/364/3000 3033/365/3000 3026/319/3000
f 3026/366/3001 3033/320/3001 3034/321/3001
f 3026/367/3002 3034/368/3002 3027/323/3002
f 3027/369/3003 3034/324/3003 3035/325/3003
f 3027/405/3004 3035/406/3004 3028/370/3004
f 3028/372/3005 3035/328/3005 3036/329/3005
f 3028/373/3006 3036/374/3006 3029/375/3006
f 3029/376/3007 3036/332/3007 3037/333/3007
f 3029/377/3008 3037/378/3008 3030/335/3008
f 3030/379/3009 3037/336/3009 3038/337/3009
f 3030/380/3010 3038/381/3010 3031/339/3010
f 3031/382/3011 3038/340/3011 3039/341/3011
f 3031/383/3012 3039/341/3012 3032/343/3012
f 3032/345/3013 3039/346/3013 3038/347/3013 3037/348/3013 3036/349/3013 3035/350/3013 3034/351/3013 3033/352/3013
f 3031/384/3014 3032/385/3014 3024/386/3014
o Object
v -3.361809 -0.345770 -22.374125
v -3.361809 0.345759 -22.374125
v -3.361809 -0.345770 -24.052450
v -3.361809 0.345759 -24.052450
v 3.361813 -0.345770 -22.374125
v 3.361813 0.345759 -22.374125
v 3.361813 -0.345770 -24.052450
v 3.361813 0.345759 -24.052450
v -3.851028 -1.044137 -20.343523
v -3.560679 -0.353331 -20.368502
v -3.855350 -1.054420 -22.021664
v -3.565001 -0.363614 -22.046642
v 2.866321 -1.074003 -20.343523
v 3.156670 -0.383197 -20.368502
v 2.862000 -1.084286 -22.021664
v 3.152349 -0.393480 -22.046642
v -3.285708 -1.713975 -18.253340
v -3.409357 -1.024127 -18.140575
v -3.294034 -1.667522 -19.927872
v -3.417684 -0.977673 -19.815107
v 3.436773 -1.701229 -18.253340
v 3.313123 -1.011381 -18.140575
v 3.428446 -1.654776 -19.927872
v 3.304797 -0.964926 -19.815107
v -3.682799 -2.171071 -15.812425
v -3.517009 -1.479768 -15.823560
v -3.683899 -2.175658 -17.490713
v -3.518110 -1.484355 -17.501848
v 3.038780 -2.188123 -15.812425
v 3.204569 -1.496820 -15.823560
v 3.037680 -2.192710 -17.490713
v 3.203469 -1.501407 -17.501848
v -3.924658 -2.493972 -13.241316
v -4.076585 -1.802878 -13.195498
v -3.928807 -2.475098 -14.919017
v -4.080735 -1.784004 -14.873197
v 2.797247 -2.478341 -13.241316
v 2.645319 -1.787247 -13.195498
v 2.793098 -2.459467 -14.919017
v 2.641170 -1.768373 -14.873197
v -2.813439 -2.586767 -10.593753
v -2.843269 -1.895988 -10.516001
v -2.814822 -2.554730 -12.270277
v -2.844652 -1.863951 -12.192525
v 3.910117 -2.583695 -10.593753
v 3.880288 -1.892916 -10.516001
v 3.908734 -2.551659 -12.270277
v 3.878905 -1.860880 -12.192525
v -3.944231 -2.510637 -7.911783
v -3.910374 -1.819356 -7.867715
v -3.943341 -2.492480 -9.589530
v -3.909484 -1.801199 -9.545462
v 2.779307 -2.514121 -7.911783
v 2.813164 -1.822840 -7.867715
v 2.780196 -2.495963 -9.589530
v 2.814053 -1.804682 -9.545462
v -3.544734 -2.357334 -5.277049
v -3.652108 -1.666255 -5.222814
v -3.548205 -2.334991 -6.954498
v -3.655579 -1.643911 -6.900263
v 3.178030 -2.346286 -5.277049
v 3.070657 -1.655206 -5.222814
v 3.174559 -2.323941 -6.954498
v 3.067185 -1.632862 -6.900263
v -3.876557 -2.139551 -2.612304
v -4.143214 -1.449130 -2.679990
v -3.865794 -2.167418 -4.289264
v -4.132451 -1.476997 -4.356950
v 2.841768 -2.112103 -2.612304
v 2.575111 -1.421682 -2.679990
v 2.852530 -2.139970 -4.289264
v 2.585874 -1.449549 -4.356950
v -2.674036 -1.858613 -0.019190
v -2.636877 -1.168882 -0.139757
v -2.676712 -1.908291 -1.693179
v -2.639553 -1.218559 -1.813746
v 4.049484 -1.862445 -0.019190
v 4.086642 -1.172714 -0.139757
v 4.046807 -1.912122 -1.693179
v 4.083966 -1.222391 -1.813746
v -3.150481 -1.641225 2.555060
v -3.286160 -0.949842 2.561055
v -3.150966 -1.638756 0.876745
v -3.286644 -0.947373 0.882740
v 3.571773 -1.627271 2.555060
v 3.436094 -0.935888 2.561055
v 3.571289 -1.624801 0.876745
v 3.435610 -0.933418 0.882740
v -3.567881 -1.384746 5.119966
v -3.762789 -0.693559 5.099528
v -3.565508 -1.393164 3.441765
v -3.760416 -0.701977 3.421327
v 3.152915 -1.364698 5.119966
v 2.958007 -0.673512 5.099528
v 3.155289 -1.373116 3.441765
v 2.960381 -0.681929 3.421327
v -2.971722 -1.128097 7.714571
v -2.727214 -0.437047 7.727596
v -2.969824 -1.122733 6.036296
v -2.725317 -0.431684 6.049321
v 3.747453 -1.153245 7.714571
v 3.991961 -0.462195 7.727596
v 3.749351 -1.147883 6.036296
v 3.993859 -0.456833 6.049321
v -3.605962 -0.916807 10.377146
v -3.897305 -0.226922 10.287279
v -3.590339 -0.953800 8.701227
v -3.881683 -0.263915 8.611362
v 3.111328 -0.886800 10.377146
v 2.819984 -0.196914 10.287279
v 3.126951 -0.923792 8.701227
v 2.835607 -0.233907 8.611362
v -3.932970 -0.695729 13.014405
v -4.030653 -0.006396 12.883049
v -3.925301 -0.749847 11.341228
v -4.022984 -0.060513 11.209871
v 2.789938 -0.685652 13.014405
v 2.692256 0.003682 12.883049
v 2.797607 -0.739769 11.341228
v 2.699925 -0.050436 11.209871
v -3.336163 -0.572988 15.611837
v -3.109816 0.118075 15.636342
v -3.332857 -0.562896 13.933691
v -3.106510 0.128166 13.958196
v 3.383648 -0.596270 15.611837
v 3.609995 0.094793 15.636342
v 3.386954 -0.586179 13.933691
v 3.613301 0.104884 13.958196
v -3.634436 -0.420030 18.304340
v -3.631753 0.269803 18.186876
v -3.634624 -0.468429 16.630131
v -3.631941 0.221404 16.512665
v 3.089186 -0.420306 18.304340
v 3.091869 0.269526 18.186876
v 3.088998 -0.468706 16.630131
v 3.091681 0.221127 16.512665
v -3.828126 -0.394369 20.926498
v -3.785246 0.297051 20.954203
v -3.827418 -0.382955 19.248402
v -3.784539 0.308465 19.276106
v 2.895360 -0.398780 20.926498
v 2.938240 0.292641 20.954203
v 2.896068 -0.387366 19.248402
v 2.938948 0.304054 19.276106
v -3.783449 -0.333321 23.649433
v -3.982348 0.355332 23.504841
v -3.766250 -0.392872 21.977346
v -3.965148 0.295782 21.832754
v 2.937209 -0.312788 23.649433
v 2.738310 0.375866 23.504841
v 2.954408 -0.372339 21.977346
v 2.755510 0.316315 21.832754
vn -1.0000 -0.0000 -0.0000
vn -0.0000 -0.0000 -1.0000
vn 1.0000 -0.0000 -0.0000
vn -0.0000 -0.0000 1.0000
vn -0.0000 -1.0000 -0.0000
vn -0.0000 1.0000 -0.0000
vn -0.9219 0.3875 -0.0000
vn -0.0002 -0.0361 -0.9993
vn 0.9219 -0.3875 -0.0000
vn 0.0002 0.0361 0.9993
vn -0.0044 -1.0000 0.0061
vn 0.0044 1.0000 -0.0061
vn -0.9843 -0.1764 -0.0000
vn -0.0003 0.1613 -0.9869
vn 0.9843 0.1764 -0.0000
vn 0.0003 -0.1613 0.9869
vn 0.0019 -0.9996 -0.0277
vn -0.0019 0.9996 0.0277
vn -0.9724 0.2332 -0.0000
vn -0.0000 -0.0161 -0.9999
vn 0.9724 -0.2332 -0.0000
vn -0.0000 0.0161 0.9999
vn -0.0025 -1.0000 0.0027
vn 0.0025 1.0000 -0.0027
vn -0.9767 -0.2147 -0.0000
vn -0.0002 0.0661 -0.9978
vn 0.9767 0.2147 -0.0000
vn 0.0002 -0.0661 0.9978
vn 0.0023 -0.9999 -0.0113
vn -0.0023 0.9999 0.0113
vn -0.9991 -0.0431 -0.0000
vn -0.0001 0.1118 -0.9937
vn 0.9991 0.0431 -0.0000
vn 0.0001 -0.1118 0.9937
vn 0.0005 -0.9998 -0.0191
vn -0.0005 0.9998 0.0191
vn -0.9988 0.0489 -0.0000
vn -0.0000 0.0636 -0.9980
vn 0.9988 -0.0489 -0.0000
vn -0.0000 -0.0636 0.9980
vn -0.0005 -0.9999 -0.0108
vn 0.0005 0.9999 0.0108
vn -0.9881 -0.1535 -0.0000
vn -0.0001 0.0782 -0.9969
vn 0.9881 0.1535 -0.0000
vn 0.0001 -0.0782 0.9969
vn 0.0016 -0.9999 -0.0133
vn -0.0016 0.9999 0.0133
vn -0.9328 -0.3603 -0.0000
vn 0.0004 -0.0974 -0.9952
vn 0.9328 0.3603 -0.0000
vn -0.0004 0.0974 0.9952
vn 0.0041 -0.9999 0.0166
vn -0.0041 0.9999 -0.0166
vn -0.9986 0.0538 -0.0000
vn -0.0001 -0.1722 -0.9851
vn 0.9986 -0.0538 -0.0000
vn 0.0001 0.1722 0.9851
vn -0.0006 -0.9996 0.0297
vn 0.0006 0.9996 -0.0297
vn -0.9813 -0.1926 -0.0000
vn -0.0000 0.0087 -1.0000
vn 0.9813 0.1926 -0.0000
vn -0.0000 -0.0087 1.0000
vn 0.0021 -1.0000 -0.0015
vn -0.0021 1.0000 0.0015
vn -0.9625 -0.2714 -0.0000
vn 0.0001 -0.0295 -0.9996
vn 0.9625 0.2714 -0.0000
vn -0.0001 0.0295 0.9996
vn 0.0030 -1.0000 0.0050
vn -0.0030 1.0000 -0.0050
vn -0.9427 0.3336 -0.0000
vn 0.0001 0.0188 -0.9998
vn 0.9427 -0.3336 -0.0000
vn -0.0001 -0.0188 0.9998
vn -0.0037 -1.0000 -0.0032
vn 0.0037 1.0000 0.0032
vn -0.9212 -0.3890 -0.0000
vn 0.0006 -0.1289 -0.9917
vn 0.9212 0.3890 -0.0000
vn -0.0006 0.1289 0.9917
vn 0.0045 -0.9997 0.0221
vn -0.0045 0.9997 -0.0221
vn -0.9901 -0.1403 -0.0000
vn 0.0003 -0.1871 -0.9823
vn 0.9901 0.1403 -0.0000
vn -0.0003 0.1871 0.9823
vn 0.0015 -0.9995 0.0323
vn -0.0015 0.9995 -0.0323
vn -0.9503 0.3113 -0.0000
vn 0.0001 0.0354 -0.9994
vn 0.9503 -0.3113 -0.0000
vn -0.0001 -0.0354 0.9994
vn -0.0035 -1.0000 -0.0060
vn 0.0035 1.0000 0.0060
vn -1.0000 0.0039 -0.0000
vn -0.0000 -0.1679 -0.9858
vn 1.0000 -0.0039 -0.0000
vn -0.0000 0.1679 0.9858
vn -0.0000 -0.9996 0.0289
vn -0.0000 0.9996 -0.0289
vn -0.9981 0.0619 -0.0000
vn -0.0000 0.0400 -0.9992
vn 0.9981 -0.0619 -0.0000
vn -0.0000 -0.0400 0.9992
vn -0.0007 -1.0000 -0.0068
vn 0.0007 1.0000 0.0068
vn -0.9607 -0.2775 -0.0000
vn 0.0006 -0.2053 -0.9787
vn 0.9607 0.2775 -0.0000
vn -0.0006 0.2053 0.9787
vn 0.0031 -0.9994 0.0356
vn -0.0031 0.9994 -0.0356
vt 0.897534 0.000000
vt 0.923071 0.000000
vt 0.923071 0.062034
vt 0.897534 0.062034
vt 0.769597 0.248516
vt 0.744045 0.248516
vt 0.744045 -0.000000
vt 0.769597 0.000000
vt 0.923766 0.128405
vt 0.898229 0.128405
vt 0.898229 0.066372
vt 0.923766 0.066372
vt 0.769597 0.000000
vt 0.795150 -0.000000
vt 0.795150 0.248516
vt 0.769597 0.248516
vt 0.309907 0.000000
vt 0.309907 0.248516
vt 0.247874 0.248516
vt 0.247874 0.000000
vt 0.309907 0.248516
vt 0.309907 0.000000
vt 0.371940 -0.000000
vt 0.371940 0.248516
vt 0.558032 0.876184
vt 0.583092 0.876957
vt 0.583092 0.938985
vt 0.558032 0.938212
vt 0.857092 0.756057
vt 0.831496 0.745439
vt 0.831496 0.497152
vt 0.857092 0.507770
vt 0.236751 0.938102
vt 0.211691 0.938875
vt 0.211691 0.876847
vt 0.236751 0.876074
vt 0.831543 0.248809
vt 0.857139 0.238191
vt 0.857139 0.486478
vt 0.831543 0.497096
vt 0.309901 0.497054
vt 0.309901 0.745337
vt 0.247874 0.745496
vt 0.247874 0.497212
vt 0.309907 0.745337
vt 0.309907 0.497053
vt 0.371934 0.497212
vt 0.371934 0.745496
vt 0.795150 0.003450
vt 0.820925 -0.000000
vt 0.820925 0.061917
vt 0.795150 0.065367
vt 0.769386 0.994150
vt 0.743988 0.998672
vt 0.743988 0.750198
vt 0.769386 0.745676
vt 0.820925 0.130735
vt 0.795150 0.127285
vt 0.795150 0.065367
vt 0.820925 0.068817
vt 0.769386 0.745676
vt 0.794785 0.750198
vt 0.794785 0.998672
vt 0.769386 0.994150
vt 0.000000 0.497498
vt 0.000000 0.249024
vt 0.061886 0.248717
vt 0.061886 0.497191
vt 0.123827 0.497508
vt 0.123827 0.745982
vt 0.061942 0.745675
vt 0.061942 0.497201
vt 0.583745 0.875933
vt 0.609015 0.876276
vt 0.609015 0.938309
vt 0.583745 0.937965
vt 0.299013 1.000000
vt 0.273443 0.993937
vt 0.273443 0.745496
vt 0.299013 0.751559
vt 0.933986 0.881539
vt 0.908716 0.881883
vt 0.908716 0.819850
vt 0.933986 0.819507
vt 0.247873 0.751559
vt 0.273443 0.745496
vt 0.273443 0.993937
vt 0.247873 1.000000
vt 0.558032 0.248606
vt 0.558032 0.497046
vt 0.495999 0.497086
vt 0.495999 0.248646
vt 0.495954 0.248440
vt 0.495954 -0.000000
vt 0.557986 0.000040
vt 0.557986 0.248480
vt 0.857411 0.757492
vt 0.883187 0.756091
vt 0.883187 0.818106
vt 0.857411 0.819507
vt 0.350030 0.993949
vt 0.324521 0.999505
vt 0.324521 0.751052
vt 0.350030 0.745496
vt 0.609522 0.875933
vt 0.583745 0.874532
vt 0.583745 0.812517
vt 0.609522 0.813918
vt 0.299013 0.745496
vt 0.324521 0.751052
vt 0.324521 0.999505
vt 0.299013 0.993949
vt 0.371940 0.248606
vt 0.371940 0.000154
vt 0.433947 0.000000
vt 0.433947 0.248453
vt 0.495954 0.000154
vt 0.495954 0.248606
vt 0.433947 0.248453
vt 0.433947 -0.000000
vt 0.846878 0.068756
vt 0.872485 0.066372
vt 0.872485 0.128350
vt 0.846878 0.130735
vt 0.149430 0.994628
vt 0.123974 0.995718
vt 0.123974 0.747205
vt 0.149430 0.746114
vt 0.211544 0.876770
vt 0.185937 0.874385
vt 0.185937 0.812407
vt 0.211544 0.814792
vt 0.149430 0.746114
vt 0.174886 0.747205
vt 0.174886 0.995718
vt 0.149430 0.994628
vt 0.433970 0.745669
vt 0.433970 0.497156
vt 0.495932 0.497105
vt 0.495932 0.745619
vt 0.743988 0.497203
vt 0.743988 0.745717
vt 0.682026 0.745666
vt 0.682026 0.497152
vt 0.831877 0.823048
vt 0.857368 0.821694
vt 0.857368 0.883710
vt 0.831877 0.885064
vt 0.645348 0.995742
vt 0.619843 0.994504
vt 0.619843 0.745991
vt 0.645348 0.747229
vt 0.897534 0.063370
vt 0.872043 0.062016
vt 0.872043 -0.000000
vt 0.897534 0.001354
vt 0.645348 0.747229
vt 0.670853 0.745991
vt 0.670853 0.994504
vt 0.645348 0.995742
vt 0.744035 0.248640
vt 0.744035 0.497152
vt 0.682026 0.497119
vt 0.682026 0.248606
vt 0.682036 0.248546
vt 0.682036 0.000033
vt 0.744045 0.000000
vt 0.744045 0.248513
vt 0.211691 0.814067
vt 0.237404 0.812407
vt 0.237404 0.874414
vt 0.211691 0.876074
vt 0.459464 0.994154
vt 0.433970 0.998080
vt 0.433970 0.749596
vt 0.459464 0.745669
vt 0.583745 0.876184
vt 0.558032 0.874524
vt 0.558032 0.812517
vt 0.583745 0.814177
vt 0.484958 0.749596
vt 0.484958 0.998080
vt 0.459464 0.994154
vt 0.620029 0.497219
vt 0.620029 0.248735
vt 0.682026 0.248606
vt 0.682026 0.497091
vt 0.620029 0.248735
vt 0.620029 0.497219
vt 0.558032 0.497091
vt 0.558032 0.248606
vt 0.820925 0.066678
vt 0.846878 0.068743
vt 0.846878 0.130735
vt 0.820925 0.128670
vt 0.857092 0.506904
vt 0.882704 0.497152
vt 0.882704 0.745475
vt 0.857092 0.755226
vt 0.872689 0.192727
vt 0.846736 0.194791
vt 0.846736 0.132799
vt 0.872689 0.130735
vt 0.882751 0.496265
vt 0.857139 0.486513
vt 0.857139 0.238191
vt 0.882751 0.247943
vt 0.000000 0.248321
vt 0.000000 0.000000
vt 0.061987 0.000396
vt 0.061987 0.248717
vt 0.123974 0.000000
vt 0.123974 0.248321
vt 0.061987 0.248717
vt 0.061987 0.000396
vt 0.831878 0.756091
vt 0.857411 0.759794
vt 0.857411 0.821695
vt 0.831878 0.817992
vt 0.707621 0.995587
vt 0.682026 0.994229
vt 0.682026 0.745717
vt 0.707621 0.747075
vt 0.872043 0.061900
vt 0.846510 0.065603
vt 0.846510 0.003703
vt 0.872043 0.000000
vt 0.733215 0.745717
vt 0.733215 0.994229
vt 0.707621 0.995587
vt 0.061880 0.497498
vt 0.061880 0.746010
vt 0.000000 0.746110
vt 0.000000 0.497598
vt 0.185937 0.746411
vt 0.185937 0.497899
vt 0.247818 0.497998
vt 0.247818 0.746511
vt 0.872689 0.130918
vt 0.898434 0.130735
vt 0.898434 0.192768
vt 0.872689 0.192951
vt 0.521551 0.993975
vt 0.495999 0.998936
vt 0.495999 0.750471
vt 0.521551 0.745509
vt 0.898229 0.128588
vt 0.872485 0.128405
vt 0.872485 0.066372
vt 0.898229 0.066555
vt 0.521551 0.745509
vt 0.547104 0.750471
vt 0.547104 0.998936
vt 0.061942 0.497201
vt 0.061942 0.248735
vt 0.123974 0.248717
vt 0.123974 0.497183
vt 0.186006 0.248876
vt 0.186006 0.497342
vt 0.123974 0.497324
vt 0.123974 0.248858
vt 0.805876 0.820790
vt 0.831710 0.821414
vt 0.831710 0.883444
vt 0.805876 0.882820
vt 0.959401 0.504280
vt 0.984981 0.497152
vt 0.984981 0.745565
vt 0.959401 0.752693
vt 0.883244 0.881537
vt 0.857410 0.882161
vt 0.857410 0.820131
vt 0.883244 0.819507
vt 0.985028 0.493731
vt 0.959448 0.486604
vt 0.959448 0.238191
vt 0.985028 0.245319
vt 0.371940 0.497018
vt 0.371940 0.248606
vt 0.433969 0.248693
vt 0.433969 0.497105
vt 0.495999 0.248606
vt 0.495999 0.497018
vt 0.433969 0.497105
vt 0.908716 0.882285
vt 0.933853 0.881883
vt 0.933853 0.943915
vt 0.908716 0.944317
vt 0.908261 0.754448
vt 0.882704 0.745506
vt 0.882704 0.497152
vt 0.908261 0.506094
vt 0.211075 0.939204
vt 0.185937 0.938802
vt 0.185937 0.876770
vt 0.211075 0.877172
vt 0.882751 0.247133
vt 0.908308 0.238191
vt 0.908308 0.486544
vt 0.882751 0.495486
vt 0.433970 0.497176
vt 0.433970 0.745527
vt 0.371940 0.745456
vt 0.371940 0.497105
vt 0.495999 0.745509
vt 0.495999 0.497158
vt 0.558030 0.497086
vt 0.558030 0.745438
vt 0.805876 0.756091
vt 0.831878 0.758830
vt 0.831878 0.820790
vt 0.805876 0.818051
vt 0.805923 0.248845
vt 0.831543 0.238191
vt 0.831543 0.486475
vt 0.805923 0.497130
vt 0.821151 0.192695
vt 0.795150 0.195434
vt 0.795150 0.133473
vt 0.821151 0.130735
vt 0.831496 0.756091
vt 0.805876 0.745437
vt 0.805876 0.497152
vt 0.831496 0.507807
vt 0.123974 0.248282
vt 0.123974 0.000000
vt 0.185924 0.000576
vt 0.185924 0.248858
vt 0.247873 -0.000000
vt 0.247873 0.248282
vt 0.185924 0.248858
vt 0.185924 0.000576
vt 0.211691 0.746510
vt 0.237444 0.750531
vt 0.237444 0.812407
vt 0.211691 0.808387
vt 0.397534 0.994017
vt 0.371940 0.997590
vt 0.371940 0.749100
vt 0.397534 0.745527
vt 0.211691 0.808387
vt 0.185937 0.812407
vt 0.185937 0.750531
vt 0.211691 0.746511
vt 0.397534 0.745527
vt 0.423128 0.749100
vt 0.423128 0.997590
vt 0.397534 0.994017
vt 0.123974 0.745832
vt 0.123974 0.497342
vt 0.185825 0.497624
vt 0.185825 0.746114
vt 0.681695 0.497219
vt 0.681695 0.745709
vt 0.619843 0.745991
vt 0.619843 0.497501
vt 0.898434 0.131491
vt 0.923604 0.130735
vt 0.923604 0.192763
vt 0.898434 0.193519
vt 0.933803 0.753807
vt 0.908261 0.745529
vt 0.908261 0.497152
vt 0.933803 0.505430
vt 0.933829 0.818876
vt 0.908659 0.818119
vt 0.908659 0.756091
vt 0.933829 0.756848
vt 0.908308 0.246469
vt 0.933850 0.238191
vt 0.933850 0.486568
vt 0.908308 0.494845
vt 0.620011 0.000123
vt 0.620011 0.248498
vt 0.557986 0.248375
vt 0.557986 -0.000000
vt 0.620011 0.248498
vt 0.620011 0.000123
vt 0.682036 0.000000
vt 0.682036 0.248375
vt 0.820925 -0.000000
vt 0.846510 0.003605
vt 0.846510 0.065512
vt 0.820925 0.061907
vt 0.025595 0.994724
vt 0.000000 0.994626
vt -0.000000 0.746110
vt 0.025595 0.746208
vt 0.846736 0.192642
vt 0.821151 0.196247
vt 0.821151 0.134339
vt 0.846736 0.130735
vt 0.025595 0.746208
vt 0.051190 0.746110
vt 0.051190 0.994626
vt 0.025595 0.994724
vt 0.805923 0.248606
vt 0.805923 0.497122
vt 0.744035 0.497130
vt 0.744035 0.248614
vt 0.743988 0.745668
vt 0.743988 0.497152
vt 0.805876 0.497160
vt 0.805876 0.745676
vt 0.883244 0.820358
vt 0.908716 0.819507
vt 0.908716 0.881534
vt 0.883244 0.882385
vt 0.112991 0.996061
vt 0.087466 0.994493
vt 0.087466 0.745982
vt 0.112991 0.747550
vt 0.908660 0.818969
vt 0.883187 0.818118
vt 0.883187 0.756091
vt 0.908660 0.756943
vt 0.061942 0.747550
vt 0.087466 0.994493
vt 0.061942 0.996061
vt 0.309896 0.248543
vt 0.309896 0.497054
vt 0.247873 0.497027
vt 0.247873 0.248516
vt 0.309907 0.497054
vt 0.309907 0.248543
vt 0.371929 0.248516
vt 0.371929 0.497027
vt 0.558032 0.746260
vt 0.583950 0.750674
vt 0.583950 0.812517
vt 0.558032 0.808103
vt 0.933803 0.504426
vt 0.959401 0.497152
vt 0.959401 0.745560
vt 0.933803 0.752834
vt 0.609869 0.808103
vt 0.583950 0.812517
vt 0.583950 0.750674
vt 0.609869 0.746260
vt 0.959448 0.493872
vt 0.933850 0.486599
vt 0.933850 0.238191
vt 0.959448 0.245465
vt 0.558032 0.745626
vt 0.558032 0.497219
vt 0.619843 0.497853
vt 0.619843 0.746260
vt 0.247818 0.248858
vt 0.247818 0.497265
vt 0.186006 0.497899
vt 0.186006 0.249492
s 1
usemtl Material.001
f 3040/415/3015 3041/416/3015 3043/417/3015 3042/418/3015
f 3042/419/3016 3043/420/3016 3047/421/3016 3046/422/3016
f 3046/423/3017 3047/424/3017 3045/425/3017 3044/426/3017
f 3044/427/3018 3045/428/3018 3041/429/3018 3040/430/3018
f 3042/431/3019 3046/432/3019 3044/433/3019 3040/434/3019
f 3047/435/3020 3043/436/3020 3041/437/3020 3045/438/3020
f 3048/439/3021 3049/440/3021 3051/441/3021 3050/442/3021
f 3050/443/3022 3051/444/3022 3055/445/3022 3054/446/3022
f 3054/447/3023 3055/448/3023 3053/449/3023 3052/450/3023
f 3052/451/3024 3053/452/3024 3049/453/3024 3048/454/3024
f 3050/455/3025 3054/456/3025 3052/457/3025 3048/458/3025
f 3055/459/3026 3051/460/3026 3049/461/3026 3053/462/3026
f 3056/463/3027 3057/464/3027 3059/465/3027 3058/466/3027
f 3058/467/3028 3059/468/3028 3063/469/3028 3062/470/3028
f 3062/471/3029 3063/472/3029 3061/473/3029 3060/474/3029
f 3060/475/3030 3061/476/3030 3057/477/3030 3056/478/3030
f 3058/479/3031 3062/480/3031 3060/481/3031 3056/482/3031
f 3063/483/3032 3059/484/3032 3057/485/3032 3061/486/3032
f 3064/487/3033 3065/488/3033 3067/489/3033 3066/490/3033
f 3066/491/3034 3067/492/3034 3071/493/3034 3070/494/3034
f 3070/495/3035 3071/496/3035 3069/497/3035 3068/498/3035
f 3068/499/3036 3069/500/3036 3065/501/3036 3064/502/3036
f 3066/503/3037 3070/504/3037 3068/505/3037 3064/506/3037
f 3071/507/3038 3067/508/3038 3065/509/3038 3069/510/3038
f 3072/511/3039 3073/512/3039 3075/513/3039 3074/514/3039
f 3074/515/3040 3075/516/3040 3079/517/3040 3078/518/3040
f 3078/519/3041 3079/520/3041 3077/521/3041 3076/522/3041
f 3076/523/3042 3077/524/3042 3073/525/3042 3072/526/3042
f 3074/527/3043 3078/528/3043 3076/529/3043 3072/530/3043
f 3079/531/3044 3075/532/3044 3073/533/3044 3077/534/3044
f 3080/535/3045 3081/536/3045 3083/537/3045 3082/538/3045
f 3082/539/3046 3083/540/3046 3087/541/3046 3086/542/3046
f 3086/543/3047 3087/544/3047 3085/545/3047 3084/546/3047
f 3084/547/3048 3085/548/3048 3081/549/3048 3080/550/3048
f 3082/551/3049 3086/552/3049 3084/553/3049 3080/554/3049
f 3087/555/3050 3083/556/3050 3081/557/3050 3085/558/3050
f 3088/559/3051 3089/560/3051 3091/561/3051 3090/562/3051
f 3090/563/3052 3091/564/3052 3095/565/3052 3094/566/3052
f 3094/567/3053 3095/568/3053 3093/569/3053 3092/570/3053
f 3092/571/3054 3093/572/3054 3089/573/3054 3088/574/3054
f 3090/575/3055 3094/576/3055 3092/577/3055 3088/578/3055
f 3095/579/3056 3091/580/3056 3089/581/3056 3093/582/3056
f 3096/583/3057 3097/584/3057 3099/585/3057 3098/586/3057
f 3098/587/3058 3099/588/3058 3103/589/3058 3102/590/3058
f 3102/591/3059 3103/592/3059 3101/593/3059 3100/594/3059
f 3100/590/3060 3101/595/3060 3097/596/3060 3096/597/3060
f 3098/598/3061 3102/599/3061 3100/600/3061 3096/601/3061
f 3103/602/3062 3099/603/3062 3097/604/3062 3101/605/3062
f 3104/606/3063 3105/607/3063 3107/608/3063 3106/609/3063
f 3106/610/3064 3107/611/3064 3111/612/3064 3110/613/3064
f 3110/614/3065 3111/615/3065 3109/616/3065 3108/617/3065
f 3108/618/3066 3109/619/3066 3105/620/3066 3104/621/3066
f 3106/622/3067 3110/623/3067 3108/624/3067 3104/625/3067
f 3111/626/3068 3107/627/3068 3105/628/3068 3109/629/3068
f 3112/630/3069 3113/631/3069 3115/632/3069 3114/633/3069
f 3114/634/3070 3115/635/3070 3119/636/3070 3118/637/3070
f 3118/638/3071 3119/639/3071 3117/640/3071 3116/641/3071
f 3116/637/3072 3117/642/3072 3113/643/3072 3112/644/3072
f 3114/645/3073 3118/646/3073 3116/647/3073 3112/648/3073
f 3119/649/3074 3115/650/3074 3113/651/3074 3117/652/3074
f 3120/653/3075 3121/654/3075 3123/655/3075 3122/656/3075
f 3122/657/3076 3123/658/3076 3127/659/3076 3126/660/3076
f 3126/661/3077 3127/662/3077 3125/663/3077 3124/664/3077
f 3124/665/3078 3125/666/3078 3121/667/3078 3120/657/3078
f 3122/668/3079 3126/669/3079 3124/670/3079 3120/671/3079
f 3127/672/3080 3123/673/3080 3121/674/3080 3125/675/3080
f 3128/676/3081 3129/677/3081 3131/678/3081 3130/679/3081
f 3130/680/3082 3131/681/3082 3135/682/3082 3134/683/3082
f 3134/684/3083 3135/685/3083 3133/686/3083 3132/687/3083
f 3132/688/3084 3133/689/3084 3129/690/3084 3128/691/3084
f 3130/692/3085 3134/693/3085 3132/694/3085 3128/695/3085
f 3135/696/3086 3131/697/3086 3129/698/3086 3133/694/3086
f 3136/699/3087 3137/700/3087 3139/701/3087 3138/702/3087
f 3138/703/3088 3139/704/3088 3143/705/3088 3142/706/3088
f 3142/707/3089 3143/708/3089 3141/709/3089 3140/710/3089
f 3140/711/3090 3141/712/3090 3137/713/3090 3136/714/3090
f 3138/715/3091 3142/716/3091 3140/717/3091 3136/718/3091
f 3143/719/3092 3139/720/3092 3137/721/3092 3141/722/3092
f 3144/723/3093 3145/724/3093 3147/725/3093 3146/726/3093
f 3146/727/3094 3147/728/3094 3151/729/3094 3150/730/3094
f 3150/731/3095 3151/732/3095 3149/733/3095 3148/734/3095
f 3148/735/3096 3149/736/3096 3145/737/3096 3144/738/3096
f 3146/739/3097 3150/740/3097 3148/741/3097 3144/742/3097
f 3151/743/3098 3147/744/3098 3145/745/3098 3149/746/3098
f 3152/747/3099 3153/748/3099 3155/749/3099 3154/750/3099
f 3154/751/3100 3155/752/3100 3159/753/3100 3158/754/3100
f 3158/755/3101 3159/756/3101 3157/757/3101 3156/758/3101
f 3156/759/3102 3157/760/3102 3153/761/3102 3152/762/3102
f 3154/763/3103 3158/764/3103 3156/765/3103 3152/766/3103
f 3159/767/3104 3155/768/3104 3153/769/3104 3157/770/3104
f 3160/771/3105 3161/772/3105 3163/773/3105 3162/774/3105
f 3162/775/3106 3163/776/3106 3167/777/3106 3166/778/3106
f 3166/779/3107 3167/780/3107 3165/781/3107 3164/782/3107
f 3164/783/3108 3165/784/3108 3161/785/3108 3160/786/3108
f 3162/787/3109 3166/788/3109 3164/789/3109 3160/790/3109
f 3167/791/3110 3163/792/3110 3161/793/3110 3165/794/3110
f 3168/795/3111 3169/796/3111 3171/797/3111 3170/798/3111
f 3170/799/3112 3171/800/3112 3175/801/3112 3174/802/3112
f 3174/803/3113 3175/804/3113 3173/805/3113 3172/806/3113
f 3172/807/3114 3173/808/3114 3169/809/3114 3168/810/3114
f 3170/811/3115 3174/812/3115 3172/813/3115 3168/814/3115
f 3175/815/3116 3171/816/3116 3169/817/3116 3173/818/3116
f 3176/819/3117 3177/820/3117 3179/821/3117 3178/822/3117
f 3178/823/3118 3179/824/3118 3183/825/3118 3182/826/3118
f 3182/827/3119 3183/828/3119 3181/829/3119 3180/830/3119
f 3180/831/3120 3181/825/3120 3177/832/3120 3176/833/3120
f 3178/834/3121 3182/835/3121 3180/836/3121 3176/837/3121
f 3183/838/3122 3179/839/3122 3177/840/3122 3181/841/3122
f 3184/842/3123 3185/843/3123 3187/844/3123 3186/845/3123
f 3186/846/3124 3187/847/3124 3191/848/3124 3190/849/3124
f 3190/850/3125 3191/851/3125 3189/852/3125 3188/853/3125
f 3188/854/3126 3189/855/3126 3185/856/3126 3184/857/3126
f 3186/858/3127 3190/859/3127 3188/860/3127 3184/861/3127
f 3191/862/3128 3187/863/3128 3185/864/3128 3189/865/3128
